Customer ID,Customer Name,Quantity,Sales,Discount,Profit,returned_numeric,customer_frequency,purchase_speed,Segment,Category,Region
AA-10315,Alex Avila,2,673.57,0.2,252.59,0,5,118.6,Consumer,Office Supplies,West
AA-10315,Alex Avila,2,52.98,0.0,14.83,0,5,118.6,Consumer,Office Supplies,West
AA-10315,Alex Avila,3,14.94,0.0,7.02,0,5,118.6,Consumer,Office Supplies,East
AA-10315,Alex Avila,2,14.56,0.0,6.26,0,5,118.6,Consumer,Furniture,East
AA-10315,Alex Avila,2,26.96,0.0,7.01,0,5,118.6,Consumer,Office Supplies,West
AA-10315,Alex Avila,3,3930.07,0.2,-786.01,0,5,118.6,Consumer,Office Supplies,Central
AA-10315,Alex Avila,1,2.3,0.2,0.78,0,5,118.6,Consumer,Office Supplies,Central
AA-10315,Alex Avila,3,431.98,0.2,32.4,0,5,118.6,Consumer,Technology,Central
AA-10315,Alex Avila,7,41.72,0.2,5.74,0,5,118.6,Consumer,Technology,Central
AA-10315,Alex Avila,3,362.94,0.0,90.74,0,5,118.6,Consumer,Office Supplies,Central
AA-10315,Alex Avila,2,11.54,0.0,5.77,0,5,118.6,Consumer,Office Supplies,Central
AA-10375,Allen Armold,5,16.52,0.2,5.58,0,9,95.0,Consumer,Office Supplies,West
AA-10375,Allen Armold,3,34.27,0.2,11.14,0,9,95.0,Consumer,Office Supplies,West
AA-10375,Allen Armold,2,28.4,0.0,11.08,0,9,95.0,Consumer,Furniture,Central
AA-10375,Allen Armold,3,149.97,0.0,50.99,0,9,95.0,Consumer,Technology,Central
AA-10375,Allen Armold,2,5.25,0.2,0.59,0,9,95.0,Consumer,Office Supplies,West
AA-10375,Allen Armold,6,84.96,0.2,6.37,0,9,95.0,Consumer,Office Supplies,South
AA-10375,Allen Armold,2,16.77,0.2,1.47,0,9,95.0,Consumer,Office Supplies,West
AA-10375,Allen Armold,2,499.98,0.0,115.0,0,9,95.0,Consumer,Technology,South
AA-10375,Allen Armold,1,5.28,0.0,2.38,0,9,95.0,Consumer,Office Supplies,South
AA-10375,Allen Armold,2,8.26,0.0,3.88,0,9,95.0,Consumer,Office Supplies,South
AA-10375,Allen Armold,5,16.9,0.0,7.77,0,9,95.0,Consumer,Office Supplies,East
AA-10375,Allen Armold,2,39.96,0.0,18.78,0,9,95.0,Consumer,Office Supplies,East
AA-10375,Allen Armold,1,14.95,0.2,5.05,0,9,95.0,Consumer,Office Supplies,East
AA-10375,Allen Armold,3,17.94,0.0,8.07,0,9,95.0,Consumer,Office Supplies,East
AA-10375,Allen Armold,2,116.98,0.0,29.25,0,9,95.0,Consumer,Technology,East
AA-10480,Andrew Allen,2,27.46,0.0,9.89,0,4,97.91,Consumer,Furniture,East
AA-10480,Andrew Allen,3,21.93,0.0,10.09,0,4,97.91,Consumer,Office Supplies,Central
AA-10480,Andrew Allen,3,242.94,0.0,4.86,0,4,97.91,Consumer,Office Supplies,Central
AA-10480,Andrew Allen,1,7.64,0.0,3.74,0,4,97.91,Consumer,Office Supplies,Central
AA-10480,Andrew Allen,8,51.84,0.0,25.4,0,4,97.91,Consumer,Office Supplies,Central
AA-10480,Andrew Allen,1,265.17,0.0,47.73,0,4,97.91,Consumer,Office Supplies,Central
AA-10480,Andrew Allen,2,11.56,0.0,5.66,0,4,97.91,Consumer,Office Supplies,Central
AA-10480,Andrew Allen,3,209.97,0.0,58.79,0,4,97.91,Consumer,Technology,Central
AA-10480,Andrew Allen,4,447.84,0.0,98.52,0,4,97.91,Consumer,Furniture,Central
AA-10480,Andrew Allen,3,479.97,0.0,163.19,0,4,97.91,Consumer,Technology,Central
AA-10480,Andrew Allen,3,8.64,0.0,2.51,0,4,97.91,Consumer,Office Supplies,Central
AA-10480,Andrew Allen,3,15.55,0.2,5.44,0,4,97.91,Consumer,Office Supplies,South
AA-10645,Anna Andreadi,3,170.06,0.3,-4.86,0,6,72.47,Consumer,Furniture,East
AA-10645,Anna Andreadi,3,82.78,0.4,-15.18,0,6,72.47,Consumer,Technology,East
AA-10645,Anna Andreadi,5,853.93,0.3,0.0,0,6,72.47,Consumer,Furniture,East
AA-10645,Anna Andreadi,2,271.9,0.0,78.85,0,6,72.47,Consumer,Technology,East
AA-10645,Anna Andreadi,3,45.84,0.0,15.59,0,6,72.47,Consumer,Furniture,East
AA-10645,Anna Andreadi,2,9.82,0.0,3.24,0,6,72.47,Consumer,Furniture,East
AA-10645,Anna Andreadi,4,541.24,0.0,5.41,0,6,72.47,Consumer,Office Supplies,Central
AA-10645,Anna Andreadi,3,106.32,0.0,49.97,0,6,72.47,Consumer,Office Supplies,Central
AA-10645,Anna Andreadi,5,1323.9,0.0,383.93,0,6,72.47,Consumer,Furniture,Central
AA-10645,Anna Andreadi,5,25.4,0.0,8.64,0,6,72.47,Consumer,Furniture,West
AA-10645,Anna Andreadi,2,43.96,0.0,20.66,0,6,72.47,Consumer,Office Supplies,West
AA-10645,Anna Andreadi,5,1279.16,0.15,225.74,0,6,72.47,Consumer,Furniture,West
AA-10645,Anna Andreadi,4,27.92,0.0,0.56,0,6,72.47,Consumer,Office Supplies,West
AA-10645,Anna Andreadi,3,42.6,0.0,16.61,0,6,72.47,Consumer,Furniture,South
AA-10645,Anna Andreadi,6,113.94,0.0,54.69,0,6,72.47,Consumer,Office Supplies,South
AA-10645,Anna Andreadi,4,129.92,0.0,5.2,0,6,72.47,Consumer,Office Supplies,South
AA-10645,Anna Andreadi,3,5.28,0.0,2.53,0,6,72.47,Consumer,Office Supplies,South
AA-10645,Anna Andreadi,2,12.96,0.0,6.22,0,6,72.47,Consumer,Office Supplies,West
AB-10015,Aaron Bergman,2,12.62,0.2,-2.52,0,3,199.2,Consumer,Office Supplies,Central
AB-10015,Aaron Bergman,1,48.71,0.2,5.48,0,3,199.2,Consumer,Furniture,West
AB-10015,Aaron Bergman,3,17.94,0.0,4.66,0,3,199.2,Consumer,Office Supplies,West
AB-10015,Aaron Bergman,3,242.94,0.0,4.86,0,3,199.2,Consumer,Office Supplies,West
AB-10015,Aaron Bergman,2,221.98,0.0,62.15,0,3,199.2,Consumer,Technology,Central
AB-10015,Aaron Bergman,2,341.96,0.0,54.71,0,3,199.2,Consumer,Furniture,Central
AB-10060,Adam Bellavance,2,18.54,0.0,8.71,0,8,45.88,Home Office,Office Supplies,West
AB-10060,Adam Bellavance,2,127.88,0.0,40.92,0,8,45.88,Home Office,Furniture,South
AB-10060,Adam Bellavance,2,160.32,0.0,44.89,0,8,45.88,Home Office,Office Supplies,South
AB-10060,Adam Bellavance,4,46.0,0.0,20.7,0,8,45.88,Home Office,Office Supplies,South
AB-10060,Adam Bellavance,3,27.93,0.0,8.1,0,8,45.88,Home Office,Office Supplies,East
AB-10060,Adam Bellavance,1,6.79,0.0,2.31,0,8,45.88,Home Office,Technology,East
AB-10060,Adam Bellavance,2,24.56,0.0,11.54,0,8,45.88,Home Office,Office Supplies,East
AB-10060,Adam Bellavance,1,3.05,0.2,1.07,0,8,45.88,Home Office,Office Supplies,East
AB-10060,Adam Bellavance,4,49.12,0.0,23.09,0,8,45.88,Home Office,Office Supplies,East
AB-10060,Adam Bellavance,4,4355.17,0.2,1415.43,0,8,45.88,Home Office,Office Supplies,East
AB-10060,Adam Bellavance,1,79.99,0.0,28.8,0,8,45.88,Home Office,Technology,West
AB-10060,Adam Bellavance,4,20.74,0.2,7.26,0,8,45.88,Home Office,Office Supplies,East
AB-10060,Adam Bellavance,1,4.41,0.0,2.03,0,8,45.88,Home Office,Office Supplies,Central
AB-10060,Adam Bellavance,3,167.94,0.0,82.29,0,8,45.88,Home Office,Office Supplies,Central
AB-10060,Adam Bellavance,10,67.8,0.0,31.19,0,8,45.88,Home Office,Office Supplies,Central
AB-10060,Adam Bellavance,7,2036.86,0.0,366.63,0,8,45.88,Home Office,Furniture,West
AB-10060,Adam Bellavance,2,449.57,0.2,-73.05,0,8,45.88,Home Office,Furniture,West
AB-10060,Adam Bellavance,3,108.96,0.0,32.69,0,8,45.88,Home Office,Technology,West
AB-10105,Adrian Barton,1,3.69,0.0,1.73,0,10,56.05,Consumer,Office Supplies,Central
AB-10105,Adrian Barton,3,1103.97,0.0,496.79,0,10,56.05,Consumer,Office Supplies,Central
AB-10105,Adrian Barton,3,23.64,0.2,5.32,0,10,56.05,Consumer,Office Supplies,Central
AB-10105,Adrian Barton,2,84.78,0.2,-16.96,0,10,56.05,Consumer,Office Supplies,Central
AB-10105,Adrian Barton,5,64.96,0.6,-84.45,0,10,56.05,Consumer,Furniture,Central
AB-10105,Adrian Barton,10,32.06,0.8,-51.3,0,10,56.05,Consumer,Office Supplies,Central
AB-10105,Adrian Barton,2,177.65,0.2,-28.87,0,10,56.05,Consumer,Office Supplies,Central
AB-10105,Adrian Barton,3,287.91,0.4,33.59,0,10,56.05,Consumer,Technology,Central
AB-10105,Adrian Barton,2,117.96,0.0,5.9,0,10,56.05,Consumer,Office Supplies,East
AB-10105,Adrian Barton,3,393.16,0.5,-204.45,0,10,56.05,Consumer,Furniture,West
AB-10105,Adrian Barton,13,9892.74,0.0,4946.37,0,10,56.05,Consumer,Office Supplies,Central
AB-10105,Adrian Barton,2,344.7,0.2,38.78,0,10,56.05,Consumer,Technology,West
AB-10105,Adrian Barton,3,470.38,0.2,52.92,0,10,56.05,Consumer,Technology,Central
AB-10105,Adrian Barton,3,39.82,0.2,7.47,0,10,56.05,Consumer,Technology,Central
AB-10105,Adrian Barton,2,12.62,0.2,-2.52,0,10,56.05,Consumer,Office Supplies,West
AB-10105,Adrian Barton,2,89.58,0.2,4.48,0,10,56.05,Consumer,Technology,West
AB-10105,Adrian Barton,2,471.92,0.2,29.5,0,10,56.05,Consumer,Technology,West
AB-10105,Adrian Barton,4,18.18,0.7,-13.94,0,10,56.05,Consumer,Office Supplies,West
AB-10105,Adrian Barton,6,821.88,0.0,213.69,0,10,56.05,Consumer,Furniture,South
AB-10105,Adrian Barton,2,21.96,0.0,10.76,0,10,56.05,Consumer,Office Supplies,South
AB-10150,Aimee Bixby,3,59.52,0.0,15.48,0,5,123.18,Consumer,Office Supplies,East
AB-10150,Aimee Bixby,3,479.97,0.0,177.59,0,5,123.18,Consumer,Technology,East
AB-10150,Aimee Bixby,2,18.62,0.0,5.4,0,5,123.18,Consumer,Office Supplies,East
AB-10150,Aimee Bixby,6,49.63,0.2,16.75,0,5,123.18,Consumer,Office Supplies,East
AB-10150,Aimee Bixby,2,97.82,0.0,45.98,0,5,123.18,Consumer,Office Supplies,East
AB-10150,Aimee Bixby,3,14.94,0.0,7.02,0,5,123.18,Consumer,Office Supplies,Central
AB-10150,Aimee Bixby,3,15.55,0.2,5.44,0,5,123.18,Consumer,Office Supplies,Central
AB-10150,Aimee Bixby,4,91.96,0.0,39.54,0,5,123.18,Consumer,Technology,East
AB-10150,Aimee Bixby,4,16.9,0.2,5.28,0,5,123.18,Consumer,Office Supplies,Central
AB-10150,Aimee Bixby,1,6.67,0.2,0.5,0,5,123.18,Consumer,Office Supplies,Central
AB-10150,Aimee Bixby,4,99.14,0.2,8.67,0,5,123.18,Consumer,Office Supplies,Central
AB-10150,Aimee Bixby,2,15.99,0.6,-13.99,0,5,123.18,Consumer,Furniture,Central
AB-10165,Alan Barnes,2,37.3,0.3,-1.07,0,8,85.77,Consumer,Furniture,Central
AB-10165,Alan Barnes,1,166.24,0.0,24.94,0,8,85.77,Consumer,Technology,West
AB-10165,Alan Barnes,5,33.4,0.0,16.03,0,8,85.77,Consumer,Office Supplies,West
AB-10165,Alan Barnes,4,46.69,0.2,-2.92,0,8,85.77,Consumer,Technology,West
AB-10165,Alan Barnes,2,20.96,0.0,5.24,0,8,85.77,Consumer,Office Supplies,West
AB-10165,Alan Barnes,3,88.75,0.2,27.74,0,8,85.77,Consumer,Office Supplies,West
AB-10165,Alan Barnes,3,304.23,0.0,9.13,0,8,85.77,Consumer,Office Supplies,West
AB-10165,Alan Barnes,5,94.2,0.0,39.56,0,8,85.77,Consumer,Furniture,West
AB-10165,Alan Barnes,3,14.59,0.2,2.55,0,8,85.77,Consumer,Office Supplies,East
AB-10165,Alan Barnes,3,89.86,0.2,21.34,0,8,85.77,Consumer,Office Supplies,East
AB-10165,Alan Barnes,3,13.87,0.2,5.03,0,8,85.77,Consumer,Office Supplies,East
AB-10165,Alan Barnes,5,163.96,0.2,59.44,0,8,85.77,Consumer,Office Supplies,South
AB-10165,Alan Barnes,3,24.82,0.2,8.38,0,8,85.77,Consumer,Office Supplies,West
AB-10165,Alan Barnes,6,14.98,0.2,5.43,0,8,85.77,Consumer,Office Supplies,West
AB-10255,Alejandro Ballentine,6,19.68,0.0,6.49,0,9,83.92,Home Office,Office Supplies,West
AB-10255,Alejandro Ballentine,2,37.94,0.0,18.21,0,9,83.92,Home Office,Office Supplies,East
AB-10255,Alejandro Ballentine,2,16.45,0.2,5.55,0,9,83.92,Home Office,Office Supplies,East
AB-10255,Alejandro Ballentine,2,36.78,0.2,10.58,0,9,83.92,Home Office,Technology,East
AB-10255,Alejandro Ballentine,2,13.62,0.2,3.57,0,9,83.92,Home Office,Technology,Central
AB-10255,Alejandro Ballentine,5,17.05,0.0,8.18,0,9,83.92,Home Office,Office Supplies,West
AB-10255,Alejandro Ballentine,4,18.92,0.0,7.38,0,9,83.92,Home Office,Furniture,South
AB-10255,Alejandro Ballentine,2,15.42,0.0,6.94,0,9,83.92,Home Office,Office Supplies,South
AB-10255,Alejandro Ballentine,1,2.97,0.4,-0.64,0,9,83.92,Home Office,Technology,East
AB-10255,Alejandro Ballentine,2,27.44,0.2,2.4,0,9,83.92,Home Office,Office Supplies,East
AB-10255,Alejandro Ballentine,2,16.68,0.0,4.34,0,9,83.92,Home Office,Office Supplies,West
AB-10255,Alejandro Ballentine,3,19.44,0.0,9.33,0,9,83.92,Home Office,Office Supplies,West
AB-10255,Alejandro Ballentine,4,192.16,0.0,92.24,0,9,83.92,Home Office,Office Supplies,West
AB-10255,Alejandro Ballentine,2,479.98,0.2,90.0,0,9,83.92,Home Office,Technology,West
AB-10600,Ann Blume,5,14.48,0.8,-23.89,0,4,155.43,Corporate,Office Supplies,Central
AB-10600,Ann Blume,3,9.24,0.0,4.44,0,4,155.43,Corporate,Office Supplies,West
AB-10600,Ann Blume,2,17.09,0.2,1.07,0,4,155.43,Corporate,Furniture,South
AB-10600,Ann Blume,14,38.39,0.7,-25.59,0,4,155.43,Corporate,Office Supplies,West
AB-10600,Ann Blume,2,95.99,0.7,-64.0,0,4,155.43,Corporate,Technology,West
AB-10600,Ann Blume,6,239.95,0.2,-35.99,0,4,155.43,Corporate,Technology,West
AB-10600,Ann Blume,2,201.58,0.2,15.12,0,4,155.43,Corporate,Technology,West
AB-10600,Ann Blume,4,899.14,0.2,-146.11,0,4,155.43,Corporate,Furniture,West
AC-10420,Alyssa Crouse,2,7.71,0.2,2.8,0,3,258.75,Corporate,Office Supplies,West
AC-10420,Alyssa Crouse,3,698.35,0.2,-17.46,0,3,258.75,Corporate,Furniture,West
AC-10420,Alyssa Crouse,3,57.58,0.2,21.59,0,3,258.75,Corporate,Office Supplies,East
AC-10420,Alyssa Crouse,5,127.92,0.2,-15.99,0,3,258.75,Corporate,Office Supplies,Central
AC-10420,Alyssa Crouse,4,34.24,0.8,-53.07,0,3,258.75,Corporate,Office Supplies,Central
AC-10450,Amy Cox,8,742.34,0.2,83.51,0,7,143.12,Consumer,Technology,West
AC-10450,Amy Cox,1,11.67,0.2,-0.73,0,7,143.12,Consumer,Technology,South
AC-10450,Amy Cox,11,52.27,0.2,17.64,0,7,143.12,Consumer,Office Supplies,East
AC-10450,Amy Cox,3,17.94,0.0,8.07,0,7,143.12,Consumer,Office Supplies,East
AC-10450,Amy Cox,9,7.51,0.7,-6.0,0,7,143.12,Consumer,Office Supplies,South
AC-10450,Amy Cox,2,16.56,0.2,5.8,0,7,143.12,Consumer,Office Supplies,South
AC-10450,Amy Cox,5,1219.96,0.2,381.24,0,7,143.12,Consumer,Office Supplies,West
AC-10450,Amy Cox,2,1793.98,0.0,843.17,0,7,143.12,Consumer,Office Supplies,Central
AC-10450,Amy Cox,2,1665.62,0.0,33.31,0,7,143.12,Consumer,Office Supplies,South
AC-10615,Ann Chong,4,3.58,0.7,-2.86,0,5,48.88,Corporate,Office Supplies,East
AC-10615,Ann Chong,2,147.18,0.2,-29.44,0,5,48.88,Corporate,Office Supplies,East
AC-10615,Ann Chong,5,8.4,0.0,0.34,0,5,48.88,Corporate,Office Supplies,West
AC-10615,Ann Chong,5,71.96,0.2,25.19,0,5,48.88,Corporate,Technology,West
AC-10615,Ann Chong,2,12.77,0.2,0.96,0,5,48.88,Corporate,Office Supplies,Central
AC-10615,Ann Chong,2,23.1,0.0,6.47,0,5,48.88,Corporate,Office Supplies,East
AC-10615,Ann Chong,2,11.54,0.0,3.46,0,5,48.88,Corporate,Furniture,East
AC-10615,Ann Chong,1,254.53,0.4,-93.33,0,5,48.88,Corporate,Furniture,East
AC-10615,Ann Chong,1,12.98,0.0,3.76,0,5,48.88,Corporate,Office Supplies,East
AC-10615,Ann Chong,8,26.43,0.2,8.92,0,5,48.88,Corporate,Office Supplies,East
AC-10615,Ann Chong,3,197.97,0.0,57.41,0,5,48.88,Corporate,Technology,East
AC-10615,Ann Chong,6,18.9,0.0,9.07,0,5,48.88,Corporate,Office Supplies,East
AC-10615,Ann Chong,5,1282.41,0.1,213.74,0,5,48.88,Corporate,Furniture,East
AC-10615,Ann Chong,3,4.92,0.0,2.21,0,5,48.88,Corporate,Office Supplies,East
AC-10615,Ann Chong,2,238.0,0.0,38.08,0,5,48.88,Corporate,Technology,East
AC-10615,Ann Chong,3,167.97,0.0,40.31,0,5,48.88,Corporate,Technology,East
AC-10615,Ann Chong,4,17.12,0.0,7.7,0,5,48.88,Corporate,Office Supplies,East
AC-10615,Ann Chong,1,37.93,0.0,6.83,0,5,48.88,Corporate,Furniture,East
AC-10660,Anna Chung,2,183.37,0.3,-7.86,0,5,178.0,Consumer,Furniture,East
AC-10660,Anna Chung,2,7.97,0.2,2.89,0,5,178.0,Consumer,Office Supplies,East
AC-10660,Anna Chung,2,84.78,0.2,-20.14,0,5,178.0,Consumer,Technology,West
AC-10660,Anna Chung,2,201.58,0.2,12.6,0,5,178.0,Consumer,Technology,West
AC-10660,Anna Chung,6,35.88,0.0,16.15,0,5,178.0,Consumer,Office Supplies,Central
AC-10660,Anna Chung,2,143.73,0.2,-32.34,0,5,178.0,Consumer,Office Supplies,Central
AD-10180,Alan Dominguez,1,5.88,0.2,1.98,0,8,100.73,Home Office,Office Supplies,East
AD-10180,Alan Dominguez,3,600.56,0.3,-8.58,0,8,100.73,Home Office,Furniture,Central
AD-10180,Alan Dominguez,6,51.07,0.2,5.11,0,8,100.73,Home Office,Furniture,East
AD-10180,Alan Dominguez,3,15.48,0.0,4.49,0,8,100.73,Home Office,Office Supplies,East
AD-10180,Alan Dominguez,5,2999.95,0.0,1379.98,0,8,100.73,Home Office,Technology,West
AD-10180,Alan Dominguez,3,51.45,0.0,13.89,0,8,100.73,Home Office,Office Supplies,West
AD-10180,Alan Dominguez,2,11.96,0.0,5.38,0,8,100.73,Home Office,Office Supplies,West
AD-10180,Alan Dominguez,3,1126.02,0.0,56.3,0,8,100.73,Home Office,Office Supplies,West
AD-10180,Alan Dominguez,4,163.96,0.0,80.34,0,8,100.73,Home Office,Office Supplies,West
AD-10180,Alan Dominguez,4,163.96,0.0,70.5,0,8,100.73,Home Office,Technology,East
AD-10180,Alan Dominguez,3,19.44,0.0,9.33,0,8,100.73,Home Office,Office Supplies,East
AD-10180,Alan Dominguez,3,897.15,0.0,251.2,0,8,100.73,Home Office,Furniture,East
AF-10870,Art Ferguson,2,7.78,0.0,2.02,0,7,47.6,Consumer,Office Supplies,West
AF-10870,Art Ferguson,7,18.09,0.2,6.56,0,7,47.6,Consumer,Office Supplies,West
AF-10870,Art Ferguson,3,71.97,0.0,35.98,0,7,47.6,Consumer,Office Supplies,West
AF-10870,Art Ferguson,2,3.21,0.8,-5.29,0,7,47.6,Consumer,Office Supplies,Central
AF-10870,Art Ferguson,2,26.18,0.2,-3.27,0,7,47.6,Consumer,Technology,Central
AF-10870,Art Ferguson,5,345.0,0.0,86.25,0,7,47.6,Consumer,Technology,East
AF-10870,Art Ferguson,2,174.29,0.3,-19.92,0,7,47.6,Consumer,Furniture,East
AF-10870,Art Ferguson,4,662.84,0.0,172.34,0,7,47.6,Consumer,Office Supplies,East
AF-10870,Art Ferguson,5,95.1,0.0,30.43,0,7,47.6,Consumer,Technology,East
AF-10870,Art Ferguson,6,26.88,0.0,12.9,0,7,47.6,Consumer,Office Supplies,East
AF-10870,Art Ferguson,2,257.98,0.0,74.81,0,7,47.6,Consumer,Technology,East
AF-10870,Art Ferguson,5,10.43,0.8,-18.25,0,7,47.6,Consumer,Office Supplies,Central
AF-10870,Art Ferguson,1,72.78,0.2,-18.2,0,7,47.6,Consumer,Office Supplies,Central
AF-10870,Art Ferguson,1,44.38,0.2,15.53,0,7,47.6,Consumer,Office Supplies,South
AF-10870,Art Ferguson,1,2.94,0.2,-0.66,0,7,47.6,Consumer,Office Supplies,South
AF-10870,Art Ferguson,3,233.06,0.3,-53.27,0,7,47.6,Consumer,Furniture,Central
AF-10885,Art Foster,7,349.96,0.5,-216.98,0,4,152.5,Consumer,Furniture,East
AF-10885,Art Foster,5,22.32,0.2,5.3,0,4,152.5,Consumer,Office Supplies,East
AF-10885,Art Foster,7,63.92,0.7,-46.88,0,4,152.5,Consumer,Office Supplies,East
AF-10885,Art Foster,7,83.72,0.0,23.44,0,4,152.5,Consumer,Technology,South
AF-10885,Art Foster,3,287.94,0.0,77.74,0,4,152.5,Consumer,Furniture,South
AF-10885,Art Foster,5,14.72,0.2,-3.31,0,4,152.5,Consumer,Office Supplies,East
AF-10885,Art Foster,3,38.98,0.2,-2.44,0,4,152.5,Consumer,Office Supplies,East
AG-10270,Alejandro Grove,2,55.5,0.0,9.99,0,5,80.69,Consumer,Office Supplies,West
AG-10270,Alejandro Grove,2,99.98,0.0,8.0,0,5,80.69,Consumer,Technology,East
AG-10270,Alejandro Grove,6,37.68,0.0,16.96,0,5,80.69,Consumer,Office Supplies,East
AG-10270,Alejandro Grove,3,40.74,0.0,0.41,0,5,80.69,Consumer,Office Supplies,Central
AG-10270,Alejandro Grove,5,14.4,0.0,7.06,0,5,80.69,Consumer,Office Supplies,Central
AG-10270,Alejandro Grove,5,149.95,0.0,41.99,0,5,80.69,Consumer,Technology,Central
AG-10270,Alejandro Grove,2,16.9,0.0,5.07,0,5,80.69,Consumer,Office Supplies,Central
AG-10270,Alejandro Grove,3,17.61,0.0,8.45,0,5,80.69,Consumer,Office Supplies,Central
AG-10270,Alejandro Grove,2,378.0,0.0,136.08,0,5,80.69,Consumer,Office Supplies,Central
AG-10270,Alejandro Grove,3,17.64,0.0,8.64,0,5,80.69,Consumer,Office Supplies,Central
AG-10270,Alejandro Grove,6,373.08,0.0,100.73,0,5,80.69,Consumer,Office Supplies,Central
AG-10270,Alejandro Grove,14,1336.44,0.0,387.57,0,5,80.69,Consumer,Furniture,Central
AG-10270,Alejandro Grove,3,29.97,0.0,0.3,0,5,80.69,Consumer,Technology,Central
AG-10270,Alejandro Grove,2,15.01,0.2,1.5,0,5,80.69,Consumer,Furniture,East
AG-10300,Aleksandra Gannaway,3,230.28,0.2,23.03,0,4,306.5,Corporate,Furniture,West
AG-10300,Aleksandra Gannaway,6,18.29,0.2,5.71,0,4,306.5,Corporate,Office Supplies,West
AG-10300,Aleksandra Gannaway,4,31.08,0.0,8.39,0,4,306.5,Corporate,Office Supplies,West
AG-10300,Aleksandra Gannaway,1,81.94,0.0,20.48,0,4,306.5,Corporate,Furniture,East
AG-10300,Aleksandra Gannaway,2,5.96,0.0,1.67,0,4,306.5,Corporate,Office Supplies,West
AG-10330,Alex Grayson,3,81.54,0.0,38.32,0,5,63.25,Consumer,Office Supplies,Central
AG-10330,Alex Grayson,12,167.28,0.0,23.42,0,5,63.25,Consumer,Technology,Central
AG-10330,Alex Grayson,4,95.84,0.2,34.74,0,5,63.25,Consumer,Technology,West
AG-10330,Alex Grayson,2,12.96,0.0,6.22,0,5,63.25,Consumer,Office Supplies,West
AG-10330,Alex Grayson,9,12.67,0.2,1.43,0,5,63.25,Consumer,Office Supplies,South
AG-10330,Alex Grayson,5,25.92,0.2,9.07,0,5,63.25,Consumer,Office Supplies,Central
AG-10330,Alex Grayson,5,6.33,0.8,-9.81,0,5,63.25,Consumer,Office Supplies,Central
AG-10330,Alex Grayson,5,75.88,0.2,26.56,0,5,63.25,Consumer,Office Supplies,Central
AG-10330,Alex Grayson,2,182.55,0.5,-135.09,0,5,63.25,Consumer,Furniture,West
AG-10390,Allen Goldenen,3,58.05,0.0,26.7,0,5,176.71,Consumer,Office Supplies,South
AG-10390,Allen Goldenen,11,71.28,0.0,34.21,0,5,176.71,Consumer,Office Supplies,South
AG-10390,Allen Goldenen,5,14.4,0.0,7.06,0,5,176.71,Consumer,Office Supplies,East
AG-10390,Allen Goldenen,3,15.7,0.2,5.1,0,5,176.71,Consumer,Office Supplies,East
AG-10390,Allen Goldenen,2,2.63,0.7,-1.93,0,5,176.71,Consumer,Office Supplies,East
AG-10390,Allen Goldenen,3,14.43,0.7,-10.58,0,5,176.71,Consumer,Office Supplies,East
AG-10390,Allen Goldenen,2,4.7,0.2,0.41,0,5,176.71,Consumer,Office Supplies,South
AG-10390,Allen Goldenen,4,19.76,0.0,8.3,0,5,176.71,Consumer,Furniture,West
AG-10495,Andrew Gjertsen,14,192.22,0.0,69.2,0,8,50.65,Corporate,Furniture,South
AG-10495,Andrew Gjertsen,7,173.49,0.2,54.21,0,8,50.65,Corporate,Office Supplies,South
AG-10495,Andrew Gjertsen,4,516.96,0.2,-6.46,0,8,50.65,Corporate,Office Supplies,South
AG-10495,Andrew Gjertsen,7,173.21,0.2,45.47,0,8,50.65,Corporate,Furniture,South
AG-10495,Andrew Gjertsen,2,4.45,0.2,0.33,0,8,50.65,Corporate,Office Supplies,South
AG-10495,Andrew Gjertsen,3,9.0,0.2,3.15,0,8,50.65,Corporate,Office Supplies,South
AG-10495,Andrew Gjertsen,10,42.24,0.2,13.2,0,8,50.65,Corporate,Office Supplies,South
AG-10495,Andrew Gjertsen,2,18.26,0.7,-13.39,0,8,50.65,Corporate,Office Supplies,South
AG-10495,Andrew Gjertsen,1,3.59,0.2,1.12,0,8,50.65,Corporate,Office Supplies,West
AG-10495,Andrew Gjertsen,3,15.55,0.2,5.44,0,8,50.65,Corporate,Office Supplies,Central
AG-10495,Andrew Gjertsen,7,347.36,0.3,-69.47,0,8,50.65,Corporate,Furniture,Central
AG-10495,Andrew Gjertsen,2,10.37,0.2,3.63,0,8,50.65,Corporate,Office Supplies,Central
AG-10495,Andrew Gjertsen,2,105.58,0.2,9.24,0,8,50.65,Corporate,Technology,West
AG-10495,Andrew Gjertsen,2,68.72,0.2,-14.6,0,8,50.65,Corporate,Technology,West
AG-10495,Andrew Gjertsen,7,418.32,0.0,117.13,0,8,50.65,Corporate,Office Supplies,Central
AG-10495,Andrew Gjertsen,2,123.86,0.1,46.79,0,8,50.65,Corporate,Office Supplies,Central
AG-10495,Andrew Gjertsen,3,19.3,0.2,6.03,0,8,50.65,Corporate,Office Supplies,West
AG-10495,Andrew Gjertsen,2,11.65,0.2,4.08,0,8,50.65,Corporate,Office Supplies,East
AG-10495,Andrew Gjertsen,4,18.18,0.2,5.91,0,8,50.65,Corporate,Office Supplies,East
AG-10495,Andrew Gjertsen,6,59.71,0.2,5.97,0,8,50.65,Corporate,Office Supplies,East
AG-10495,Andrew Gjertsen,3,24.84,0.2,8.69,0,8,50.65,Corporate,Office Supplies,East
AG-10525,Andy Gerbode,2,178.38,0.2,22.3,0,4,49.25,Corporate,Technology,South
AG-10525,Andy Gerbode,3,15.55,0.2,5.44,0,4,49.25,Corporate,Office Supplies,South
AG-10525,Andy Gerbode,3,559.71,0.4,-121.27,0,4,49.25,Corporate,Technology,Central
AG-10525,Andy Gerbode,9,46.62,0.0,21.45,0,4,49.25,Corporate,Office Supplies,South
AG-10525,Andy Gerbode,3,70.26,0.0,18.97,0,4,49.25,Corporate,Office Supplies,East
AG-10525,Andy Gerbode,5,90.0,0.0,16.2,0,4,49.25,Corporate,Technology,East
AG-10525,Andy Gerbode,2,6.1,0.2,2.06,0,4,49.25,Corporate,Office Supplies,East
AG-10525,Andy Gerbode,2,481.18,0.4,-120.29,0,4,49.25,Corporate,Furniture,East
AG-10525,Andy Gerbode,4,7.24,0.0,2.39,0,4,49.25,Corporate,Office Supplies,East
AG-10675,Anna Gayman,2,244.01,0.3,-31.37,0,7,62.21,Consumer,Furniture,Central
AG-10675,Anna Gayman,4,15.94,0.2,5.38,0,7,62.21,Consumer,Office Supplies,Central
AG-10675,Anna Gayman,2,89.57,0.2,32.47,0,7,62.21,Consumer,Office Supplies,South
AG-10675,Anna Gayman,8,315.78,0.2,31.58,0,7,62.21,Consumer,Furniture,South
AG-10675,Anna Gayman,3,35.95,0.2,3.6,0,7,62.21,Consumer,Office Supplies,Central
AG-10675,Anna Gayman,4,2396.27,0.32,-317.15,0,7,62.21,Consumer,Furniture,Central
AG-10675,Anna Gayman,4,131.14,0.2,-32.78,0,7,62.21,Consumer,Office Supplies,Central
AG-10675,Anna Gayman,2,57.58,0.2,0.72,0,7,62.21,Consumer,Technology,Central
AG-10675,Anna Gayman,4,49.12,0.0,23.09,0,7,62.21,Consumer,Office Supplies,South
AG-10675,Anna Gayman,2,34.85,0.2,6.53,0,7,62.21,Consumer,Office Supplies,South
AG-10675,Anna Gayman,5,22.0,0.2,1.38,0,7,62.21,Consumer,Technology,South
AG-10675,Anna Gayman,3,4.37,0.2,0.38,0,7,62.21,Consumer,Office Supplies,South
AG-10675,Anna Gayman,1,13.48,0.0,1.89,0,7,62.21,Consumer,Technology,Central
AG-10675,Anna Gayman,3,40.29,0.0,10.07,0,7,62.21,Consumer,Office Supplies,South
AG-10675,Anna Gayman,7,38.71,0.0,17.81,0,7,62.21,Consumer,Office Supplies,South
AG-10765,Anthony Garverick,4,5.89,0.7,-4.12,0,4,280.75,Home Office,Office Supplies,East
AG-10765,Anthony Garverick,3,113.1,0.0,56.55,0,4,280.75,Home Office,Office Supplies,South
AG-10765,Anthony Garverick,3,10.74,0.0,5.16,0,4,280.75,Home Office,Office Supplies,Central
AG-10765,Anthony Garverick,9,27.4,0.8,-42.46,0,4,280.75,Home Office,Office Supplies,Central
AG-10765,Anthony Garverick,1,13.46,0.8,-23.55,0,4,280.75,Home Office,Office Supplies,Central
AG-10900,Arthur Gainer,5,8.16,0.7,-5.71,0,10,58.0,Consumer,Office Supplies,West
AG-10900,Arthur Gainer,8,1023.94,0.2,179.19,0,10,58.0,Consumer,Technology,West
AG-10900,Arthur Gainer,1,9.24,0.2,0.92,0,10,58.0,Consumer,Office Supplies,West
AG-10900,Arthur Gainer,10,479.04,0.2,-29.94,0,10,58.0,Consumer,Technology,West
AG-10900,Arthur Gainer,4,411.33,0.15,-4.84,0,10,58.0,Consumer,Furniture,West
AG-10900,Arthur Gainer,6,28.75,0.2,9.7,0,10,58.0,Consumer,Office Supplies,West
AG-10900,Arthur Gainer,3,293.2,0.15,-20.7,0,10,58.0,Consumer,Furniture,West
AG-10900,Arthur Gainer,1,7.82,0.2,2.93,0,10,58.0,Consumer,Office Supplies,Central
AG-10900,Arthur Gainer,4,170.07,0.3,-12.15,0,10,58.0,Consumer,Furniture,Central
AG-10900,Arthur Gainer,3,6.91,0.2,2.51,0,10,58.0,Consumer,Office Supplies,East
AG-10900,Arthur Gainer,2,106.96,0.0,31.02,0,10,58.0,Consumer,Office Supplies,West
AG-10900,Arthur Gainer,7,21.56,0.0,10.35,0,10,58.0,Consumer,Office Supplies,West
AG-10900,Arthur Gainer,7,65.17,0.0,18.9,0,10,58.0,Consumer,Office Supplies,East
AG-10900,Arthur Gainer,2,14.62,0.0,6.87,0,10,58.0,Consumer,Office Supplies,East
AG-10900,Arthur Gainer,4,173.24,0.0,17.32,0,10,58.0,Consumer,Furniture,East
AG-10900,Arthur Gainer,7,405.86,0.0,32.47,0,10,58.0,Consumer,Furniture,Central
AG-10900,Arthur Gainer,3,680.01,0.0,176.8,0,10,58.0,Consumer,Furniture,Central
AG-10900,Arthur Gainer,3,314.35,0.2,-15.72,0,10,58.0,Consumer,Furniture,South
AG-10900,Arthur Gainer,2,4.61,0.2,1.5,0,10,58.0,Consumer,Office Supplies,South
AG-10900,Arthur Gainer,5,108.4,0.6,-105.69,0,10,58.0,Consumer,Furniture,Central
AG-10900,Arthur Gainer,5,177.55,0.0,47.94,0,10,58.0,Consumer,Office Supplies,South
AH-10030,Aaron Hawkins,8,247.84,0.0,121.44,0,7,133.6,Corporate,Office Supplies,East
AH-10030,Aaron Hawkins,3,9.91,0.2,3.35,0,7,133.6,Corporate,Office Supplies,East
AH-10030,Aaron Hawkins,6,279.46,0.2,20.96,0,7,133.6,Corporate,Furniture,West
AH-10030,Aaron Hawkins,2,8.0,0.0,3.84,0,7,133.6,Corporate,Office Supplies,West
AH-10030,Aaron Hawkins,4,49.41,0.2,18.53,0,7,133.6,Corporate,Office Supplies,West
AH-10030,Aaron Hawkins,3,34.77,0.0,11.47,0,7,133.6,Corporate,Technology,East
AH-10030,Aaron Hawkins,3,18.9,0.0,8.69,0,7,133.6,Corporate,Office Supplies,East
AH-10030,Aaron Hawkins,2,323.1,0.0,61.39,0,7,133.6,Corporate,Office Supplies,West
AH-10030,Aaron Hawkins,9,668.16,0.2,75.17,0,7,133.6,Corporate,Technology,West
AH-10030,Aaron Hawkins,7,86.45,0.0,38.04,0,7,133.6,Corporate,Furniture,South
AH-10030,Aaron Hawkins,7,18.7,0.2,2.34,0,7,133.6,Corporate,Office Supplies,East
AH-10075,Adam Hart,2,5.22,0.0,2.4,0,10,58.21,Corporate,Office Supplies,West
AH-10075,Adam Hart,2,3.01,0.2,0.34,0,10,58.21,Corporate,Office Supplies,East
AH-10075,Adam Hart,2,231.72,0.0,11.59,0,10,58.21,Corporate,Office Supplies,West
AH-10075,Adam Hart,5,17.9,0.0,8.95,0,10,58.21,Corporate,Office Supplies,West
AH-10075,Adam Hart,2,12.48,0.0,5.62,0,10,58.21,Corporate,Office Supplies,West
AH-10075,Adam Hart,2,841.57,0.2,294.55,0,10,58.21,Corporate,Office Supplies,East
AH-10075,Adam Hart,10,51.84,0.2,18.14,0,10,58.21,Corporate,Office Supplies,Central
AH-10075,Adam Hart,3,165.6,0.2,-6.21,0,10,58.21,Corporate,Technology,Central
AH-10075,Adam Hart,5,196.45,0.0,70.72,0,10,58.21,Corporate,Furniture,West
AH-10075,Adam Hart,3,314.35,0.2,-35.36,0,10,58.21,Corporate,Furniture,South
AH-10075,Adam Hart,7,27.89,0.2,10.11,0,10,58.21,Corporate,Office Supplies,South
AH-10075,Adam Hart,5,8.6,0.7,-6.3,0,10,58.21,Corporate,Office Supplies,East
AH-10075,Adam Hart,2,190.9,0.2,-42.95,0,10,58.21,Corporate,Office Supplies,East
AH-10075,Adam Hart,4,240.74,0.3,-13.76,0,10,58.21,Corporate,Furniture,East
AH-10075,Adam Hart,4,35.0,0.0,14.7,0,10,58.21,Corporate,Furniture,East
AH-10075,Adam Hart,2,210.68,0.0,50.56,0,10,58.21,Corporate,Furniture,East
AH-10075,Adam Hart,3,637.9,0.3,-127.58,0,10,58.21,Corporate,Furniture,East
AH-10075,Adam Hart,8,43.44,0.0,21.29,0,10,58.21,Corporate,Office Supplies,East
AH-10075,Adam Hart,1,2.22,0.0,0.67,0,10,58.21,Corporate,Office Supplies,East
AH-10075,Adam Hart,3,12.84,0.0,3.72,0,10,58.21,Corporate,Office Supplies,South
AH-10120,Adrian Hane,4,259.14,0.2,-25.91,0,7,80.07,Home Office,Furniture,West
AH-10120,Adrian Hane,7,50.12,0.2,-0.63,0,7,80.07,Home Office,Technology,Central
AH-10120,Adrian Hane,4,45.24,0.7,-30.16,0,7,80.07,Home Office,Office Supplies,West
AH-10120,Adrian Hane,4,18.69,0.2,2.34,0,7,80.07,Home Office,Office Supplies,West
AH-10120,Adrian Hane,2,11.65,0.2,3.79,0,7,80.07,Home Office,Office Supplies,West
AH-10120,Adrian Hane,3,112.78,0.2,-8.46,0,7,80.07,Home Office,Technology,West
AH-10120,Adrian Hane,5,377.45,0.5,-264.22,0,7,80.07,Home Office,Furniture,West
AH-10120,Adrian Hane,4,15.94,0.2,5.18,0,7,80.07,Home Office,Office Supplies,West
AH-10120,Adrian Hane,3,28.68,0.2,-7.17,0,7,80.07,Home Office,Technology,West
AH-10120,Adrian Hane,5,244.55,0.0,114.94,0,7,80.07,Home Office,Office Supplies,West
AH-10120,Adrian Hane,4,195.76,0.0,97.88,0,7,80.07,Home Office,Office Supplies,West
AH-10120,Adrian Hane,5,163.96,0.2,59.44,0,7,80.07,Home Office,Office Supplies,Central
AH-10120,Adrian Hane,4,5.23,0.8,-8.11,0,7,80.07,Home Office,Office Supplies,Central
AH-10120,Adrian Hane,3,102.93,0.0,48.38,0,7,80.07,Home Office,Office Supplies,South
AH-10120,Adrian Hane,6,98.16,0.0,9.82,0,7,80.07,Home Office,Technology,South
AH-10120,Adrian Hane,2,5.25,0.2,0.59,0,7,80.07,Home Office,Office Supplies,Central
AH-10195,Alan Haines,2,99.37,0.3,-7.1,0,4,139.43,Corporate,Furniture,East
AH-10195,Alan Haines,2,33.57,0.2,-5.45,0,4,139.43,Corporate,Furniture,East
AH-10195,Alan Haines,7,254.06,0.7,-169.37,0,4,139.43,Corporate,Office Supplies,South
AH-10195,Alan Haines,2,194.53,0.2,24.32,0,4,139.43,Corporate,Office Supplies,South
AH-10195,Alan Haines,5,961.48,0.2,-204.31,0,4,139.43,Corporate,Office Supplies,South
AH-10195,Alan Haines,4,24.67,0.2,7.71,0,4,139.43,Corporate,Office Supplies,East
AH-10195,Alan Haines,1,3.74,0.2,1.31,0,4,139.43,Corporate,Office Supplies,East
AH-10195,Alan Haines,5,16.03,0.8,-25.65,0,4,139.43,Corporate,Office Supplies,Central
AH-10210,Alan Hwang,2,575.92,0.2,71.99,0,9,93.42,Consumer,Technology,West
AH-10210,Alan Hwang,5,30.4,0.0,15.2,0,9,93.42,Consumer,Office Supplies,West
AH-10210,Alan Hwang,2,79.9,0.0,35.16,0,9,93.42,Consumer,Technology,West
AH-10210,Alan Hwang,5,21.36,0.2,7.21,0,9,93.42,Consumer,Office Supplies,East
AH-10210,Alan Hwang,2,6.69,0.2,2.34,0,9,93.42,Consumer,Office Supplies,East
AH-10210,Alan Hwang,6,773.94,0.0,224.44,0,9,93.42,Consumer,Technology,East
AH-10210,Alan Hwang,2,16.5,0.2,5.57,0,9,93.42,Consumer,Office Supplies,South
AH-10210,Alan Hwang,5,171.2,0.2,64.2,0,9,93.42,Consumer,Office Supplies,West
AH-10210,Alan Hwang,2,3.36,0.0,0.87,0,9,93.42,Consumer,Office Supplies,West
AH-10210,Alan Hwang,3,1577.94,0.0,757.41,0,9,93.42,Consumer,Office Supplies,South
AH-10210,Alan Hwang,8,348.56,0.0,104.57,0,9,93.42,Consumer,Office Supplies,South
AH-10210,Alan Hwang,5,195.96,0.2,19.6,0,9,93.42,Consumer,Technology,Central
AH-10210,Alan Hwang,6,1003.62,0.0,0.0,0,9,93.42,Consumer,Office Supplies,West
AH-10465,Amy Hunt,5,398.4,0.2,84.66,0,5,123.14,Consumer,Technology,Central
AH-10465,Amy Hunt,3,7.06,0.2,0.79,0,5,123.14,Consumer,Office Supplies,Central
AH-10465,Amy Hunt,9,1352.4,0.32,-437.54,0,5,123.14,Consumer,Furniture,Central
AH-10465,Amy Hunt,8,88.96,0.2,10.01,0,5,123.14,Consumer,Office Supplies,South
AH-10465,Amy Hunt,2,71.09,0.2,-1.78,0,5,123.14,Consumer,Furniture,West
AH-10465,Amy Hunt,3,14.94,0.0,6.87,0,5,123.14,Consumer,Office Supplies,South
AH-10465,Amy Hunt,3,539.97,0.0,134.99,0,5,123.14,Consumer,Technology,East
AH-10465,Amy Hunt,2,22.58,0.0,5.87,0,5,123.14,Consumer,Office Supplies,East
AH-10585,Angele Hood,4,63.92,0.0,3.2,0,4,285.0,Consumer,Furniture,West
AH-10585,Angele Hood,5,383.96,0.2,38.4,0,4,285.0,Consumer,Technology,West
AH-10585,Angele Hood,5,35.4,0.0,13.45,0,4,285.0,Consumer,Office Supplies,West
AH-10585,Angele Hood,1,239.24,0.2,23.92,0,4,285.0,Consumer,Furniture,South
AH-10585,Angele Hood,2,15.98,0.2,4.99,0,4,285.0,Consumer,Office Supplies,Central
AH-10690,Anna Häberlin,2,177.68,0.0,46.2,0,12,43.55,Corporate,Furniture,South
AH-10690,Anna Häberlin,7,946.34,0.2,118.29,0,12,43.55,Corporate,Technology,Central
AH-10690,Anna Häberlin,3,17.94,0.0,8.79,0,12,43.55,Corporate,Office Supplies,South
AH-10690,Anna Häberlin,7,33.49,0.2,-1.26,0,12,43.55,Corporate,Office Supplies,Central
AH-10690,Anna Häberlin,3,23.04,0.2,-4.9,0,12,43.55,Corporate,Office Supplies,Central
AH-10690,Anna Häberlin,1,1.36,0.8,-2.18,0,12,43.55,Corporate,Office Supplies,Central
AH-10690,Anna Häberlin,5,14.76,0.6,-11.44,0,12,43.55,Corporate,Furniture,Central
AH-10690,Anna Häberlin,5,11.76,0.2,1.32,0,12,43.55,Corporate,Office Supplies,South
AH-10690,Anna Häberlin,2,5.24,0.7,-4.02,0,12,43.55,Corporate,Office Supplies,South
AH-10690,Anna Häberlin,3,4.66,0.7,-3.73,0,12,43.55,Corporate,Office Supplies,South
AH-10690,Anna Häberlin,5,523.92,0.2,-72.04,0,12,43.55,Corporate,Furniture,South
AH-10690,Anna Häberlin,1,100.79,0.2,10.08,0,12,43.55,Corporate,Technology,South
AH-10690,Anna Häberlin,3,146.14,0.2,16.44,0,12,43.55,Corporate,Furniture,South
AH-10690,Anna Häberlin,8,116.4,0.0,52.38,0,12,43.55,Corporate,Office Supplies,Central
AH-10690,Anna Häberlin,8,87.84,0.0,23.72,0,12,43.55,Corporate,Office Supplies,West
AH-10690,Anna Häberlin,10,2275.5,0.0,386.83,0,12,43.55,Corporate,Furniture,South
AH-10690,Anna Häberlin,6,1979.7,0.0,653.3,0,12,43.55,Corporate,Technology,South
AH-10690,Anna Häberlin,6,62.1,0.0,29.81,0,12,43.55,Corporate,Office Supplies,South
AH-10690,Anna Häberlin,7,863.13,0.2,-32.37,0,12,43.55,Corporate,Furniture,West
AH-10690,Anna Häberlin,2,70.88,0.0,33.31,0,12,43.55,Corporate,Office Supplies,East
AH-10690,Anna Häberlin,3,52.68,0.2,19.76,0,12,43.55,Corporate,Technology,South
AH-10690,Anna Häberlin,3,11.57,0.2,2.6,0,12,43.55,Corporate,Furniture,South
AH-10690,Anna Häberlin,2,361.38,0.2,27.1,0,12,43.55,Corporate,Technology,West
AI-10855,Arianne Irving,5,1679.96,0.2,126.0,0,10,78.18,Consumer,Technology,West
AI-10855,Arianne Irving,3,158.13,0.0,77.48,0,10,78.18,Consumer,Office Supplies,West
AI-10855,Arianne Irving,5,43.6,0.2,4.36,0,10,78.18,Consumer,Technology,West
AI-10855,Arianne Irving,6,88.8,0.0,44.4,0,10,78.18,Consumer,Office Supplies,West
AI-10855,Arianne Irving,4,319.97,0.2,36.0,0,10,78.18,Consumer,Technology,West
AI-10855,Arianne Irving,3,19.44,0.0,9.33,0,10,78.18,Consumer,Office Supplies,West
AI-10855,Arianne Irving,4,17.12,0.0,7.7,0,10,78.18,Consumer,Office Supplies,West
AI-10855,Arianne Irving,3,67.71,0.0,32.5,0,10,78.18,Consumer,Office Supplies,West
AI-10855,Arianne Irving,4,129.92,0.0,38.98,0,10,78.18,Consumer,Office Supplies,West
AI-10855,Arianne Irving,9,467.46,0.0,191.66,0,10,78.18,Consumer,Furniture,West
AI-10855,Arianne Irving,5,61.4,0.0,28.86,0,10,78.18,Consumer,Office Supplies,West
AI-10855,Arianne Irving,4,720.76,0.0,187.4,0,10,78.18,Consumer,Office Supplies,West
AI-10855,Arianne Irving,3,5.18,0.2,1.81,0,10,78.18,Consumer,Office Supplies,West
AI-10855,Arianne Irving,5,14.7,0.0,3.97,0,10,78.18,Consumer,Office Supplies,West
AI-10855,Arianne Irving,1,6.68,0.0,3.21,0,10,78.18,Consumer,Office Supplies,East
AI-10855,Arianne Irving,2,6.37,0.2,2.39,0,10,78.18,Consumer,Office Supplies,West
AI-10855,Arianne Irving,1,63.69,0.3,-9.1,0,10,78.18,Consumer,Furniture,East
AI-10855,Arianne Irving,5,504.9,0.0,80.78,0,10,78.18,Consumer,Furniture,South
AJ-10780,Anthony Jacobs,1,2.89,0.0,1.36,0,7,98.21,Corporate,Office Supplies,South
AJ-10780,Anthony Jacobs,1,51.94,0.0,21.3,0,7,98.21,Corporate,Furniture,South
AJ-10780,Anthony Jacobs,8,1421.66,0.4,-734.53,0,7,98.21,Corporate,Furniture,East
AJ-10780,Anthony Jacobs,6,1737.18,0.0,503.78,0,7,98.21,Corporate,Office Supplies,East
AJ-10780,Anthony Jacobs,5,704.25,0.0,84.51,0,7,98.21,Corporate,Office Supplies,East
AJ-10780,Anthony Jacobs,4,141.76,0.0,66.63,0,7,98.21,Corporate,Office Supplies,East
AJ-10780,Anthony Jacobs,2,10.86,0.0,5.32,0,7,98.21,Corporate,Office Supplies,West
AJ-10780,Anthony Jacobs,6,7.43,0.7,-5.7,0,7,98.21,Corporate,Office Supplies,South
AJ-10780,Anthony Jacobs,2,3.76,0.0,1.09,0,7,98.21,Corporate,Office Supplies,East
AJ-10780,Anthony Jacobs,5,14.7,0.0,6.62,0,7,98.21,Corporate,Office Supplies,East
AJ-10780,Anthony Jacobs,5,37.2,0.0,9.3,0,7,98.21,Corporate,Office Supplies,East
AJ-10780,Anthony Jacobs,3,89.97,0.0,18.89,0,7,98.21,Corporate,Technology,East
AJ-10780,Anthony Jacobs,2,261.96,0.0,23.58,0,7,98.21,Corporate,Furniture,East
AJ-10780,Anthony Jacobs,5,74.0,0.0,37.0,0,7,98.21,Corporate,Office Supplies,East
AJ-10780,Anthony Jacobs,7,307.78,0.2,111.57,0,7,98.21,Corporate,Office Supplies,West
AJ-10795,Anthony Johnson,2,310.88,0.2,23.32,0,7,58.0,Corporate,Furniture,South
AJ-10795,Anthony Johnson,5,24.9,0.0,8.22,0,7,58.0,Corporate,Furniture,West
AJ-10795,Anthony Johnson,4,21.12,0.0,9.5,0,7,58.0,Corporate,Office Supplies,West
AJ-10795,Anthony Johnson,6,767.95,0.2,287.98,0,7,58.0,Corporate,Technology,West
AJ-10795,Anthony Johnson,3,14.35,0.2,4.66,0,7,58.0,Corporate,Office Supplies,West
AJ-10795,Anthony Johnson,3,191.98,0.2,19.2,0,7,58.0,Corporate,Technology,West
AJ-10795,Anthony Johnson,9,274.77,0.0,126.39,0,7,58.0,Corporate,Office Supplies,West
AJ-10795,Anthony Johnson,6,70.56,0.0,23.99,0,7,58.0,Corporate,Furniture,West
AJ-10795,Anthony Johnson,6,191.47,0.2,40.69,0,7,58.0,Corporate,Technology,South
AJ-10795,Anthony Johnson,2,5.25,0.2,0.59,0,7,58.0,Corporate,Office Supplies,South
AJ-10795,Anthony Johnson,2,59.18,0.2,5.18,0,7,58.0,Corporate,Technology,South
AJ-10795,Anthony Johnson,5,109.9,0.0,37.37,0,7,58.0,Corporate,Furniture,West
AJ-10795,Anthony Johnson,3,20.7,0.0,1.66,0,7,58.0,Corporate,Technology,South
AJ-10795,Anthony Johnson,3,11.34,0.0,5.22,0,7,58.0,Corporate,Office Supplies,South
AJ-10795,Anthony Johnson,5,67.9,0.0,0.68,0,7,58.0,Corporate,Office Supplies,South
AJ-10795,Anthony Johnson,4,1059.12,0.0,307.14,0,7,58.0,Corporate,Furniture,South
AJ-10795,Anthony Johnson,3,4.99,0.2,1.68,0,7,58.0,Corporate,Office Supplies,East
AJ-10795,Anthony Johnson,5,32.4,0.0,15.55,0,7,58.0,Corporate,Office Supplies,West
AJ-10795,Anthony Johnson,5,57.9,0.0,28.95,0,7,58.0,Corporate,Office Supplies,West
AJ-10795,Anthony Johnson,2,10.56,0.0,0.0,0,7,58.0,Corporate,Office Supplies,West
AJ-10795,Anthony Johnson,5,1194.16,0.15,210.74,0,7,58.0,Corporate,Furniture,West
AJ-10945,Ashley Jarboe,4,19.46,0.2,3.4,0,7,145.89,Consumer,Office Supplies,South
AJ-10945,Ashley Jarboe,2,299.98,0.0,83.99,0,7,145.89,Consumer,Technology,Central
AJ-10945,Ashley Jarboe,6,403.68,0.0,181.66,0,7,145.89,Consumer,Office Supplies,Central
AJ-10945,Ashley Jarboe,2,41.9,0.0,11.73,0,7,145.89,Consumer,Technology,Central
AJ-10945,Ashley Jarboe,7,28.91,0.0,13.3,0,7,145.89,Consumer,Office Supplies,Central
AJ-10945,Ashley Jarboe,4,45.28,0.0,15.4,0,7,145.89,Consumer,Office Supplies,West
AJ-10945,Ashley Jarboe,2,50.0,0.0,10.5,0,7,145.89,Consumer,Technology,West
AJ-10945,Ashley Jarboe,2,301.96,0.0,33.22,0,7,145.89,Consumer,Furniture,Central
AJ-10945,Ashley Jarboe,9,638.73,0.0,166.07,0,7,145.89,Consumer,Office Supplies,Central
AJ-10945,Ashley Jarboe,2,9.34,0.2,1.87,0,7,145.89,Consumer,Office Supplies,West
AJ-10960,Astrea Jones,5,449.15,0.0,8.98,0,3,282.25,Consumer,Office Supplies,East
AJ-10960,Astrea Jones,3,11.07,0.0,5.09,0,3,282.25,Consumer,Office Supplies,East
AJ-10960,Astrea Jones,3,122.94,0.0,30.73,0,3,282.25,Consumer,Office Supplies,East
AJ-10960,Astrea Jones,7,35.45,0.2,12.85,0,3,282.25,Consumer,Office Supplies,East
AJ-10960,Astrea Jones,4,10.64,0.0,2.77,0,3,282.25,Consumer,Office Supplies,West
AM-10360,Alice McCarthy,2,15.36,0.0,7.68,0,5,104.82,Corporate,Office Supplies,Central
AM-10360,Alice McCarthy,11,192.72,0.0,92.51,0,5,104.82,Corporate,Office Supplies,West
AM-10360,Alice McCarthy,3,239.97,0.0,86.39,0,5,104.82,Corporate,Technology,West
AM-10360,Alice McCarthy,3,37.22,0.2,3.72,0,5,104.82,Corporate,Office Supplies,Central
AM-10360,Alice McCarthy,3,20.02,0.2,6.25,0,5,104.82,Corporate,Office Supplies,Central
AM-10360,Alice McCarthy,3,13.87,0.2,5.03,0,5,104.82,Corporate,Office Supplies,East
AM-10360,Alice McCarthy,4,115.96,0.5,-64.94,0,5,104.82,Corporate,Furniture,East
AM-10360,Alice McCarthy,6,9.02,0.2,3.16,0,5,104.82,Corporate,Office Supplies,West
AM-10360,Alice McCarthy,2,69.46,0.2,22.57,0,5,104.82,Corporate,Office Supplies,West
AM-10360,Alice McCarthy,2,10.86,0.0,5.32,0,5,104.82,Corporate,Office Supplies,West
AM-10360,Alice McCarthy,3,79.47,0.0,22.25,0,5,104.82,Corporate,Office Supplies,West
AM-10360,Alice McCarthy,6,10.08,0.0,5.04,0,5,104.82,Corporate,Office Supplies,West
AM-10705,Anne McFarland,5,49.25,0.0,18.72,0,8,47.33,Consumer,Office Supplies,East
AM-10705,Anne McFarland,2,10.16,0.0,4.78,0,8,47.33,Consumer,Office Supplies,East
AM-10705,Anne McFarland,2,14.76,0.0,4.28,0,8,47.33,Consumer,Furniture,East
AM-10705,Anne McFarland,2,34.08,0.0,15.68,0,8,47.33,Consumer,Office Supplies,East
AM-10705,Anne McFarland,3,17.67,0.0,7.77,0,8,47.33,Consumer,Furniture,East
AM-10705,Anne McFarland,5,1604.9,0.0,481.47,0,8,47.33,Consumer,Furniture,East
AM-10705,Anne McFarland,1,385.69,0.3,-60.61,0,8,47.33,Consumer,Furniture,East
AM-10705,Anne McFarland,4,13.09,0.7,-10.04,0,8,47.33,Consumer,Office Supplies,South
AM-10705,Anne McFarland,11,45.58,0.2,16.52,0,8,47.33,Consumer,Office Supplies,West
AM-10705,Anne McFarland,2,17.48,0.0,8.22,0,8,47.33,Consumer,Office Supplies,West
AM-10705,Anne McFarland,1,350.98,0.0,84.24,0,8,47.33,Consumer,Furniture,South
AM-10705,Anne McFarland,2,13.08,0.0,6.02,0,8,47.33,Consumer,Office Supplies,South
AM-10705,Anne McFarland,4,900.08,0.0,117.01,0,8,47.33,Consumer,Office Supplies,South
AM-10705,Anne McFarland,4,383.84,0.2,47.98,0,8,47.33,Consumer,Technology,Central
AM-10705,Anne McFarland,4,871.4,0.0,148.14,0,8,47.33,Consumer,Furniture,West
AM-10705,Anne McFarland,6,101.94,0.0,29.56,0,8,47.33,Consumer,Office Supplies,South
AM-10705,Anne McFarland,4,271.96,0.0,67.99,0,8,47.33,Consumer,Technology,South
AM-10705,Anne McFarland,5,8.8,0.0,3.87,0,8,47.33,Consumer,Furniture,South
AM-10705,Anne McFarland,6,19.68,0.0,5.71,0,8,47.33,Consumer,Office Supplies,South
AM-10705,Anne McFarland,3,302.94,0.0,69.68,0,8,47.33,Consumer,Furniture,South
AM-10705,Anne McFarland,3,14.94,0.0,7.17,0,8,47.33,Consumer,Office Supplies,South
AM-10705,Anne McFarland,2,231.72,0.0,11.59,0,8,47.33,Consumer,Office Supplies,South
AO-10810,Anthony O'Donnell,2,161.28,0.2,12.1,0,1,0.0,Corporate,Furniture,West
AP-10720,Anne Pryor,1,9.99,0.0,4.6,0,8,75.39,Home Office,Technology,East
AP-10720,Anne Pryor,3,125.76,0.2,40.87,0,8,75.39,Home Office,Office Supplies,East
AP-10720,Anne Pryor,5,25.32,0.2,9.18,0,8,75.39,Home Office,Office Supplies,East
AP-10720,Anne Pryor,4,27.17,0.2,-1.36,0,8,75.39,Home Office,Technology,Central
AP-10720,Anne Pryor,1,4.98,0.0,2.44,0,8,75.39,Home Office,Office Supplies,South
AP-10720,Anne Pryor,3,173.94,0.0,13.92,0,8,75.39,Home Office,Furniture,East
AP-10720,Anne Pryor,4,14.76,0.0,6.94,0,8,75.39,Home Office,Office Supplies,East
AP-10720,Anne Pryor,3,25.63,0.2,3.84,0,8,75.39,Home Office,Furniture,East
AP-10720,Anne Pryor,2,45.57,0.2,9.68,0,8,75.39,Home Office,Furniture,South
AP-10720,Anne Pryor,8,28.75,0.7,-21.08,0,8,75.39,Home Office,Office Supplies,South
AP-10720,Anne Pryor,5,271.96,0.2,27.2,0,8,75.39,Home Office,Technology,West
AP-10720,Anne Pryor,7,18.69,0.0,5.23,0,8,75.39,Home Office,Office Supplies,West
AP-10720,Anne Pryor,2,13.36,0.0,6.41,0,8,75.39,Home Office,Office Supplies,West
AP-10720,Anne Pryor,2,249.58,0.2,31.2,0,8,75.39,Home Office,Technology,West
AP-10720,Anne Pryor,7,13.86,0.0,0.0,0,8,75.39,Home Office,Office Supplies,West
AP-10720,Anne Pryor,4,13.38,0.2,4.68,0,8,75.39,Home Office,Office Supplies,West
AP-10720,Anne Pryor,14,437.47,0.2,153.12,0,8,75.39,Home Office,Office Supplies,West
AP-10720,Anne Pryor,7,58.41,0.2,18.25,0,8,75.39,Home Office,Office Supplies,East
AP-10720,Anne Pryor,3,79.97,0.4,-29.32,0,8,75.39,Home Office,Furniture,East
AP-10915,Arthur Prichep,3,15.55,0.2,5.44,0,10,37.57,Consumer,Office Supplies,West
AP-10915,Arthur Prichep,1,6.8,0.2,0.51,0,10,37.57,Consumer,Office Supplies,West
AP-10915,Arthur Prichep,3,4.22,0.2,1.27,0,10,37.57,Consumer,Furniture,West
AP-10915,Arthur Prichep,9,143.64,0.2,10.77,0,10,37.57,Consumer,Technology,West
AP-10915,Arthur Prichep,6,31.1,0.2,10.89,0,10,37.57,Consumer,Office Supplies,West
AP-10915,Arthur Prichep,9,223.06,0.2,69.7,0,10,37.57,Consumer,Office Supplies,West
AP-10915,Arthur Prichep,2,204.6,0.0,53.2,0,10,37.57,Consumer,Furniture,West
AP-10915,Arthur Prichep,4,8.72,0.0,2.88,0,10,37.57,Consumer,Office Supplies,West
AP-10915,Arthur Prichep,1,6.48,0.0,3.11,0,10,37.57,Consumer,Office Supplies,West
AP-10915,Arthur Prichep,2,686.32,0.2,223.05,0,10,37.57,Consumer,Technology,West
AP-10915,Arthur Prichep,1,62.18,0.0,16.79,0,10,37.57,Consumer,Office Supplies,West
AP-10915,Arthur Prichep,3,11.85,0.0,3.79,0,10,37.57,Consumer,Office Supplies,South
AP-10915,Arthur Prichep,3,30.48,0.0,7.92,0,10,37.57,Consumer,Office Supplies,West
AP-10915,Arthur Prichep,1,112.65,0.2,11.26,0,10,37.57,Consumer,Furniture,West
AP-10915,Arthur Prichep,3,12.84,0.0,3.72,0,10,37.57,Consumer,Office Supplies,South
AP-10915,Arthur Prichep,4,20.0,0.0,9.6,0,10,37.57,Consumer,Office Supplies,South
AP-10915,Arthur Prichep,3,7.98,0.0,2.07,0,10,37.57,Consumer,Office Supplies,South
AP-10915,Arthur Prichep,5,24.1,0.0,9.16,0,10,37.57,Consumer,Furniture,South
AP-10915,Arthur Prichep,1,8.75,0.0,2.62,0,10,37.57,Consumer,Office Supplies,South
AP-10915,Arthur Prichep,3,842.94,0.0,160.16,0,10,37.57,Consumer,Furniture,South
AP-10915,Arthur Prichep,3,153.55,0.2,51.82,0,10,37.57,Consumer,Office Supplies,West
AP-10915,Arthur Prichep,3,65.34,0.0,22.87,0,10,37.57,Consumer,Office Supplies,West
AP-10915,Arthur Prichep,4,123.92,0.0,55.76,0,10,37.57,Consumer,Office Supplies,West
AP-10915,Arthur Prichep,3,35.1,0.0,12.28,0,10,37.57,Consumer,Office Supplies,West
AP-10915,Arthur Prichep,5,44.75,0.0,8.5,0,10,37.57,Consumer,Technology,West
AP-10915,Arthur Prichep,4,123.92,0.0,33.46,0,10,37.57,Consumer,Office Supplies,West
AP-10915,Arthur Prichep,3,12.39,0.0,5.7,0,10,37.57,Consumer,Office Supplies,West
AP-10915,Arthur Prichep,2,47.3,0.0,12.3,0,10,37.57,Consumer,Office Supplies,West
AP-10915,Arthur Prichep,4,24.45,0.2,8.86,0,10,37.57,Consumer,Office Supplies,South
AP-10915,Arthur Prichep,2,180.59,0.7,-240.78,0,10,37.57,Consumer,Furniture,West
AP-10915,Arthur Prichep,2,47.98,0.2,0.6,0,10,37.57,Consumer,Technology,West
AR-10345,Alex Russell,6,251.96,0.4,-50.39,0,4,246.25,Corporate,Technology,East
AR-10345,Alex Russell,3,523.76,0.4,-192.05,0,4,246.25,Corporate,Furniture,East
AR-10345,Alex Russell,1,179.89,0.3,-2.57,0,4,246.25,Corporate,Furniture,Central
AR-10345,Alex Russell,6,85.2,0.2,20.24,0,4,246.25,Corporate,Technology,Central
AR-10345,Alex Russell,2,14.88,0.0,3.72,0,4,246.25,Corporate,Office Supplies,East
AR-10405,Allen Rosenblatt,1,143.43,0.2,3.59,0,5,176.5,Corporate,Furniture,West
AR-10405,Allen Rosenblatt,3,122.35,0.2,13.76,0,5,176.5,Corporate,Furniture,West
AR-10405,Allen Rosenblatt,6,239.7,0.0,105.47,0,5,176.5,Corporate,Technology,South
AR-10405,Allen Rosenblatt,2,41.28,0.0,19.81,0,5,176.5,Corporate,Office Supplies,Central
AR-10405,Allen Rosenblatt,2,97.82,0.0,45.98,0,5,176.5,Corporate,Office Supplies,East
AR-10405,Allen Rosenblatt,8,103.12,0.0,10.31,0,5,176.5,Corporate,Technology,East
AR-10405,Allen Rosenblatt,7,1488.42,0.3,-297.68,0,5,176.5,Corporate,Furniture,East
AR-10510,Andrew Roberts,3,26.14,0.2,1.96,0,5,220.67,Consumer,Office Supplies,East
AR-10510,Andrew Roberts,2,3.28,0.7,-2.63,0,5,220.67,Consumer,Office Supplies,East
AR-10510,Andrew Roberts,9,21.17,0.2,2.38,0,5,220.67,Consumer,Office Supplies,East
AR-10510,Andrew Roberts,2,55.19,0.4,-10.12,0,5,220.67,Consumer,Technology,East
AR-10510,Andrew Roberts,9,58.32,0.0,27.99,0,5,220.67,Consumer,Office Supplies,West
AR-10510,Andrew Roberts,3,89.97,0.0,18.89,0,5,220.67,Consumer,Technology,East
AR-10510,Andrew Roberts,5,10.8,0.0,5.18,0,5,220.67,Consumer,Office Supplies,Central
AR-10540,Andy Reiter,2,52.96,0.0,20.12,0,6,140.62,Consumer,Furniture,East
AR-10540,Andy Reiter,4,639.97,0.2,215.99,0,6,140.62,Consumer,Technology,West
AR-10540,Andy Reiter,2,52.76,0.0,24.27,0,6,140.62,Consumer,Office Supplies,West
AR-10540,Andy Reiter,3,14.94,0.0,7.02,0,6,140.62,Consumer,Office Supplies,East
AR-10540,Andy Reiter,5,27.24,0.2,9.53,0,6,140.62,Consumer,Office Supplies,West
AR-10540,Andy Reiter,4,5443.96,0.0,2504.22,0,6,140.62,Consumer,Office Supplies,Central
AR-10540,Andy Reiter,3,302.67,0.0,72.64,0,6,140.62,Consumer,Furniture,Central
AR-10540,Andy Reiter,7,56.07,0.0,25.23,0,6,140.62,Consumer,Office Supplies,Central
AR-10540,Andy Reiter,3,17.88,0.2,5.59,0,6,140.62,Consumer,Office Supplies,East
AR-10570,Anemone Ratner,5,36.4,0.0,17.11,0,1,0.0,Consumer,Office Supplies,South
AR-10570,Anemone Ratner,1,51.75,0.0,15.52,0,1,0.0,Consumer,Furniture,South
AR-10825,Anthony Rawles,5,32.4,0.0,10.37,0,8,101.75,Corporate,Office Supplies,West
AR-10825,Anthony Rawles,3,19.44,0.0,9.33,0,8,101.75,Corporate,Office Supplies,East
AR-10825,Anthony Rawles,7,1115.17,0.0,334.55,0,8,101.75,Corporate,Furniture,West
AR-10825,Anthony Rawles,7,347.8,0.3,-24.84,0,8,101.75,Corporate,Furniture,Central
AR-10825,Anthony Rawles,4,14.8,0.0,6.07,0,8,101.75,Corporate,Furniture,West
AR-10825,Anthony Rawles,3,302.38,0.2,22.68,0,8,101.75,Corporate,Technology,West
AR-10825,Anthony Rawles,4,316.0,0.0,31.6,0,8,101.75,Corporate,Technology,West
AR-10825,Anthony Rawles,2,13.36,0.0,6.41,0,8,101.75,Corporate,Office Supplies,East
AR-10825,Anthony Rawles,2,163.76,0.1,25.47,0,8,101.75,Corporate,Furniture,East
AR-10825,Anthony Rawles,4,183.92,0.0,31.27,0,8,101.75,Corporate,Furniture,East
AR-10825,Anthony Rawles,2,3.52,0.0,1.69,0,8,101.75,Corporate,Office Supplies,West
AR-10825,Anthony Rawles,9,1626.19,0.2,121.96,0,8,101.75,Corporate,Technology,West
AR-10825,Anthony Rawles,2,384.59,0.2,-81.73,0,8,101.75,Corporate,Office Supplies,East
AS-10045,Aaron Smayling,11,65.78,0.0,32.23,0,7,129.33,Corporate,Office Supplies,East
AS-10045,Aaron Smayling,2,31.4,0.0,7.85,0,7,129.33,Corporate,Office Supplies,South
AS-10045,Aaron Smayling,2,477.67,0.15,84.29,0,7,129.33,Corporate,Furniture,West
AS-10045,Aaron Smayling,2,695.7,0.5,-27.83,0,7,129.33,Corporate,Technology,South
AS-10045,Aaron Smayling,5,15.66,0.7,-12.53,0,7,129.33,Corporate,Office Supplies,South
AS-10045,Aaron Smayling,6,28.85,0.7,-21.16,0,7,129.33,Corporate,Office Supplies,South
AS-10045,Aaron Smayling,3,1439.98,0.4,-264.0,0,7,129.33,Corporate,Technology,Central
AS-10045,Aaron Smayling,7,36.29,0.2,12.7,0,7,129.33,Corporate,Office Supplies,Central
AS-10045,Aaron Smayling,7,88.07,0.7,-58.72,0,7,129.33,Corporate,Office Supplies,West
AS-10045,Aaron Smayling,3,171.29,0.2,-6.42,0,7,129.33,Corporate,Furniture,West
AS-10090,Adam Shillingsburg,3,97.44,0.0,35.08,0,9,48.62,Consumer,Furniture,East
AS-10090,Adam Shillingsburg,1,3.98,0.2,1.39,0,9,48.62,Consumer,Office Supplies,East
AS-10090,Adam Shillingsburg,4,13.04,0.0,5.74,0,9,48.62,Consumer,Office Supplies,East
AS-10090,Adam Shillingsburg,4,579.53,0.1,83.71,0,9,48.62,Consumer,Furniture,East
AS-10090,Adam Shillingsburg,1,13.97,0.0,3.63,0,9,48.62,Consumer,Office Supplies,West
AS-10090,Adam Shillingsburg,3,17.22,0.0,7.92,0,9,48.62,Consumer,Office Supplies,Central
AS-10090,Adam Shillingsburg,7,1024.38,0.0,215.12,0,9,48.62,Consumer,Furniture,Central
AS-10090,Adam Shillingsburg,3,26.22,0.0,12.32,0,9,48.62,Consumer,Office Supplies,Central
AS-10090,Adam Shillingsburg,3,17.34,0.0,8.5,0,9,48.62,Consumer,Office Supplies,Central
AS-10090,Adam Shillingsburg,3,18.94,0.2,-3.79,0,9,48.62,Consumer,Office Supplies,Central
AS-10090,Adam Shillingsburg,3,12.67,0.2,-3.17,0,9,48.62,Consumer,Office Supplies,Central
AS-10090,Adam Shillingsburg,2,5.04,0.2,1.76,0,9,48.62,Consumer,Office Supplies,Central
AS-10090,Adam Shillingsburg,5,36.56,0.2,12.8,0,9,48.62,Consumer,Office Supplies,East
AS-10090,Adam Shillingsburg,6,186.14,0.2,60.5,0,9,48.62,Consumer,Office Supplies,East
AS-10090,Adam Shillingsburg,2,353.57,0.2,-44.2,0,9,48.62,Consumer,Furniture,East
AS-10090,Adam Shillingsburg,2,6.0,0.2,2.1,0,9,48.62,Consumer,Office Supplies,Central
AS-10090,Adam Shillingsburg,3,1.91,0.8,-3.24,0,9,48.62,Consumer,Office Supplies,Central
AS-10090,Adam Shillingsburg,6,94.2,0.0,23.55,0,9,48.62,Consumer,Office Supplies,Central
AS-10090,Adam Shillingsburg,5,28.4,0.0,13.35,0,9,48.62,Consumer,Office Supplies,Central
AS-10090,Adam Shillingsburg,3,71.98,0.2,19.79,0,9,48.62,Consumer,Technology,East
AS-10090,Adam Shillingsburg,3,22.51,0.2,2.25,0,9,48.62,Consumer,Furniture,East
AS-10090,Adam Shillingsburg,2,3.44,0.7,-2.76,0,9,48.62,Consumer,Office Supplies,East
AS-10090,Adam Shillingsburg,2,538.19,0.7,-412.62,0,9,48.62,Consumer,Office Supplies,East
AS-10090,Adam Shillingsburg,2,47.98,0.2,14.4,0,9,48.62,Consumer,Technology,East
AS-10090,Adam Shillingsburg,3,34.65,0.0,10.4,0,9,48.62,Consumer,Office Supplies,South
AS-10135,Adrian Shami,1,4.18,0.0,1.5,0,2,185.5,Home Office,Furniture,West
AS-10135,Adrian Shami,6,41.28,0.2,13.93,0,2,185.5,Home Office,Office Supplies,East
AS-10135,Adrian Shami,2,13.36,0.0,6.41,0,2,185.5,Home Office,Office Supplies,East
AS-10225,Alan Schoenberger,3,275.97,0.0,11.04,0,5,95.58,Corporate,Office Supplies,South
AS-10225,Alan Schoenberger,5,1394.95,0.0,362.69,0,5,95.58,Corporate,Technology,South
AS-10225,Alan Schoenberger,6,545.88,0.0,70.96,0,5,95.58,Corporate,Furniture,South
AS-10225,Alan Schoenberger,2,26.8,0.0,12.86,0,5,95.58,Corporate,Furniture,East
AS-10225,Alan Schoenberger,3,165.6,0.2,-6.21,0,5,95.58,Corporate,Technology,West
AS-10225,Alan Schoenberger,3,10.78,0.2,3.5,0,5,95.58,Corporate,Office Supplies,West
AS-10225,Alan Schoenberger,3,11.78,0.2,4.27,0,5,95.58,Corporate,Office Supplies,West
AS-10225,Alan Schoenberger,3,164.88,0.0,80.79,0,5,95.58,Corporate,Office Supplies,West
AS-10225,Alan Schoenberger,3,1292.94,0.0,77.58,0,5,95.58,Corporate,Furniture,West
AS-10225,Alan Schoenberger,2,25.58,0.2,8.95,0,5,95.58,Corporate,Office Supplies,West
AS-10225,Alan Schoenberger,2,261.74,0.0,65.44,0,5,95.58,Corporate,Office Supplies,West
AS-10225,Alan Schoenberger,5,14.4,0.0,7.06,0,5,95.58,Corporate,Office Supplies,West
AS-10225,Alan Schoenberger,1,69.48,0.0,20.84,0,5,95.58,Corporate,Office Supplies,West
AS-10240,Alan Shonely,1,142.78,0.2,17.85,0,7,99.5,Consumer,Office Supplies,South
AS-10240,Alan Shonely,3,45.7,0.2,5.14,0,7,99.5,Consumer,Furniture,South
AS-10240,Alan Shonely,3,7.22,0.7,-5.53,0,7,99.5,Consumer,Office Supplies,South
AS-10240,Alan Shonely,4,43.19,0.7,-31.67,0,7,99.5,Consumer,Office Supplies,South
AS-10240,Alan Shonely,3,131.9,0.2,47.82,0,7,99.5,Consumer,Office Supplies,South
AS-10240,Alan Shonely,1,7.64,0.0,3.74,0,7,99.5,Consumer,Office Supplies,West
AS-10240,Alan Shonely,2,5.56,0.0,1.45,0,7,99.5,Consumer,Office Supplies,South
AS-10240,Alan Shonely,2,10.37,0.2,3.63,0,7,99.5,Consumer,Office Supplies,East
AS-10240,Alan Shonely,3,33.53,0.2,2.51,0,7,99.5,Consumer,Office Supplies,East
AS-10240,Alan Shonely,3,36.74,0.2,3.67,0,7,99.5,Consumer,Office Supplies,East
AS-10240,Alan Shonely,3,60.81,0.0,17.03,0,7,99.5,Consumer,Office Supplies,West
AS-10240,Alan Shonely,5,17.92,0.2,2.46,0,7,99.5,Consumer,Furniture,East
AS-10240,Alan Shonely,6,41.26,0.7,-34.38,0,7,99.5,Consumer,Office Supplies,East
AS-10285,Alejandro Savely,2,1.96,0.8,-3.24,0,6,81.29,Corporate,Office Supplies,Central
AS-10285,Alejandro Savely,9,82.66,0.2,31.0,0,6,81.29,Corporate,Office Supplies,Central
AS-10285,Alejandro Savely,7,50.96,0.0,25.48,0,6,81.29,Corporate,Office Supplies,West
AS-10285,Alejandro Savely,3,49.54,0.2,17.34,0,6,81.29,Corporate,Office Supplies,West
AS-10285,Alejandro Savely,3,209.88,0.0,35.68,0,6,81.29,Corporate,Furniture,West
AS-10285,Alejandro Savely,2,23.99,0.4,-15.99,0,6,81.29,Corporate,Technology,East
AS-10285,Alejandro Savely,6,2678.94,0.0,241.1,0,6,81.29,Corporate,Furniture,Central
AS-10285,Alejandro Savely,7,116.31,0.2,23.26,0,6,81.29,Corporate,Technology,Central
AS-10630,Ann Steele,2,5.68,0.2,1.92,0,7,105.0,Home Office,Office Supplies,East
AS-10630,Ann Steele,7,269.36,0.0,70.03,0,7,105.0,Home Office,Office Supplies,West
AS-10630,Ann Steele,2,129.57,0.2,-12.96,0,7,105.0,Home Office,Furniture,West
AS-10630,Ann Steele,2,6.37,0.2,2.15,0,7,105.0,Home Office,Office Supplies,West
AS-10630,Ann Steele,2,13.28,0.0,6.37,0,7,105.0,Home Office,Furniture,South
AS-10630,Ann Steele,2,4.61,0.2,1.67,0,7,105.0,Home Office,Office Supplies,South
AS-10630,Ann Steele,2,4.61,0.2,1.67,0,7,105.0,Home Office,Office Supplies,South
AS-10630,Ann Steele,3,15.53,0.2,4.85,0,7,105.0,Home Office,Office Supplies,South
AS-10630,Ann Steele,3,11.95,0.2,3.88,0,7,105.0,Home Office,Office Supplies,South
AS-10630,Ann Steele,2,7.97,0.2,2.59,0,7,105.0,Home Office,Office Supplies,Central
AS-10630,Ann Steele,4,27.97,0.2,9.44,0,7,105.0,Home Office,Office Supplies,Central
AS-10630,Ann Steele,3,336.51,0.4,44.87,0,7,105.0,Home Office,Technology,Central
AT-10435,Alyssa Tate,3,5.74,0.7,-4.59,0,6,138.88,Home Office,Office Supplies,East
AT-10435,Alyssa Tate,4,11.56,0.0,5.43,0,6,138.88,Home Office,Office Supplies,West
AT-10435,Alyssa Tate,1,3.44,0.7,-2.53,0,6,138.88,Home Office,Office Supplies,South
AT-10435,Alyssa Tate,2,33.52,0.2,3.35,0,6,138.88,Home Office,Technology,West
AT-10435,Alyssa Tate,2,9.94,0.0,3.08,0,6,138.88,Home Office,Furniture,West
AT-10435,Alyssa Tate,4,11.12,0.0,2.89,0,6,138.88,Home Office,Office Supplies,East
AT-10435,Alyssa Tate,2,11.16,0.0,2.79,0,6,138.88,Home Office,Office Supplies,West
AT-10435,Alyssa Tate,9,896.33,0.2,22.41,0,6,138.88,Home Office,Furniture,West
AT-10435,Alyssa Tate,1,189.0,0.0,68.04,0,6,138.88,Home Office,Office Supplies,West
AT-10735,Annie Thurman,5,25.3,0.0,11.89,0,10,80.33,Consumer,Office Supplies,East
AT-10735,Annie Thurman,3,95.94,0.0,9.59,0,10,80.33,Consumer,Office Supplies,East
AT-10735,Annie Thurman,2,3.49,0.2,1.18,0,10,80.33,Consumer,Office Supplies,South
AT-10735,Annie Thurman,9,143.86,0.2,48.55,0,10,80.33,Consumer,Office Supplies,South
AT-10735,Annie Thurman,8,2625.12,0.0,735.03,0,10,80.33,Consumer,Office Supplies,East
AT-10735,Annie Thurman,3,17.94,0.0,4.49,0,10,80.33,Consumer,Office Supplies,East
AT-10735,Annie Thurman,5,79.96,0.2,8.0,0,10,80.33,Consumer,Technology,Central
AT-10735,Annie Thurman,5,223.96,0.2,11.2,0,10,80.33,Consumer,Technology,Central
AT-10735,Annie Thurman,2,45.96,0.0,13.79,0,10,80.33,Consumer,Office Supplies,East
AT-10735,Annie Thurman,4,55.36,0.2,18.68,0,10,80.33,Consumer,Office Supplies,West
AT-10735,Annie Thurman,2,97.16,0.0,28.18,0,10,80.33,Consumer,Office Supplies,West
AT-10735,Annie Thurman,3,5.94,0.0,0.12,0,10,80.33,Consumer,Office Supplies,West
AT-10735,Annie Thurman,2,95.98,0.2,6.0,0,10,80.33,Consumer,Technology,Central
AT-10735,Annie Thurman,2,166.72,0.0,41.68,0,10,80.33,Consumer,Office Supplies,East
AT-10735,Annie Thurman,3,24.82,0.2,8.38,0,10,80.33,Consumer,Office Supplies,East
AT-10735,Annie Thurman,2,124.36,0.0,27.36,0,10,80.33,Consumer,Furniture,East
AW-10840,Anthony Witt,1,12.88,0.0,0.39,0,4,138.86,Consumer,Office Supplies,West
AW-10840,Anthony Witt,3,21.48,0.2,-0.27,0,4,138.86,Consumer,Technology,Central
AW-10840,Anthony Witt,4,8.78,0.8,-13.62,0,4,138.86,Consumer,Office Supplies,Central
AW-10840,Anthony Witt,5,9.4,0.0,2.73,0,4,138.86,Consumer,Office Supplies,West
AW-10840,Anthony Witt,5,74.0,0.0,37.0,0,4,138.86,Consumer,Office Supplies,West
AW-10840,Anthony Witt,2,201.58,0.2,12.6,0,4,138.86,Consumer,Technology,West
AW-10840,Anthony Witt,2,10.37,0.2,3.63,0,4,138.86,Consumer,Office Supplies,East
AW-10840,Anthony Witt,2,310.88,0.2,23.32,0,4,138.86,Consumer,Furniture,East
AW-10930,Arthur Wiediger,7,29.93,0.8,-46.39,0,7,81.27,Home Office,Office Supplies,Central
AW-10930,Arthur Wiediger,4,38.27,0.2,3.83,0,7,81.27,Home Office,Technology,Central
AW-10930,Arthur Wiediger,5,339.96,0.2,42.49,0,7,81.27,Home Office,Technology,West
AW-10930,Arthur Wiediger,7,63.98,0.0,21.75,0,7,81.27,Home Office,Furniture,West
AW-10930,Arthur Wiediger,4,64.38,0.8,-160.96,0,7,81.27,Home Office,Office Supplies,Central
AW-10930,Arthur Wiediger,2,6.98,0.6,-4.54,0,7,81.27,Home Office,Furniture,Central
AW-10930,Arthur Wiediger,8,11.26,0.2,3.94,0,7,81.27,Home Office,Office Supplies,Central
AW-10930,Arthur Wiediger,3,15.55,0.2,5.64,0,7,81.27,Home Office,Office Supplies,Central
AW-10930,Arthur Wiediger,2,379.37,0.3,-119.23,0,7,81.27,Home Office,Furniture,Central
AW-10930,Arthur Wiediger,9,67.54,0.2,6.75,0,7,81.27,Home Office,Office Supplies,Central
AW-10930,Arthur Wiediger,2,1.52,0.8,-2.67,0,7,81.27,Home Office,Office Supplies,Central
AW-10930,Arthur Wiediger,2,4.93,0.2,1.72,0,7,81.27,Home Office,Office Supplies,East
AW-10930,Arthur Wiediger,4,1117.92,0.0,55.9,0,7,81.27,Home Office,Office Supplies,Central
AW-10930,Arthur Wiediger,3,6.67,0.2,2.17,0,7,81.27,Home Office,Office Supplies,West
AW-10930,Arthur Wiediger,4,689.41,0.2,77.56,0,7,81.27,Home Office,Technology,West
AW-10930,Arthur Wiediger,2,15.28,0.0,7.49,0,7,81.27,Home Office,Office Supplies,Central
AY-10555,Andy Yotov,2,91.96,0.0,15.63,0,4,150.0,Corporate,Furniture,West
AY-10555,Andy Yotov,7,33.11,0.0,12.91,0,4,150.0,Corporate,Furniture,West
AY-10555,Andy Yotov,3,19.44,0.0,9.33,0,4,150.0,Corporate,Office Supplies,West
AY-10555,Andy Yotov,1,55.48,0.0,26.63,0,4,150.0,Corporate,Office Supplies,West
AY-10555,Andy Yotov,3,8.02,0.2,1.1,0,4,150.0,Corporate,Office Supplies,East
AY-10555,Andy Yotov,7,66.98,0.2,6.7,0,4,150.0,Corporate,Technology,West
AY-10555,Andy Yotov,2,81.57,0.2,9.18,0,4,150.0,Corporate,Furniture,West
AY-10555,Andy Yotov,2,97.18,0.2,6.07,0,4,150.0,Corporate,Furniture,West
AY-10555,Andy Yotov,5,24.32,0.2,8.21,0,4,150.0,Corporate,Office Supplies,West
AY-10555,Andy Yotov,2,18.96,0.0,7.58,0,4,150.0,Corporate,Furniture,West
AZ-10750,Annie Zypern,2,4.45,0.2,0.33,0,6,111.27,Consumer,Office Supplies,Central
AZ-10750,Annie Zypern,1,5.18,0.2,1.88,0,6,111.27,Consumer,Office Supplies,Central
AZ-10750,Annie Zypern,3,15.55,0.2,5.44,0,6,111.27,Consumer,Office Supplies,Central
AZ-10750,Annie Zypern,7,366.79,0.1,65.21,0,6,111.27,Consumer,Furniture,East
AZ-10750,Annie Zypern,3,88.78,0.2,7.77,0,6,111.27,Consumer,Technology,West
AZ-10750,Annie Zypern,3,64.14,0.0,16.68,0,6,111.27,Consumer,Office Supplies,West
AZ-10750,Annie Zypern,3,36.63,0.0,9.89,0,6,111.27,Consumer,Office Supplies,East
AZ-10750,Annie Zypern,3,14.73,0.0,7.22,0,6,111.27,Consumer,Office Supplies,West
AZ-10750,Annie Zypern,3,186.54,0.0,50.37,0,6,111.27,Consumer,Office Supplies,West
AZ-10750,Annie Zypern,4,557.73,0.2,6.97,0,6,111.27,Consumer,Furniture,West
AZ-10750,Annie Zypern,4,159.97,0.2,-31.99,0,6,111.27,Consumer,Technology,West
AZ-10750,Annie Zypern,4,121.54,0.2,15.19,0,6,111.27,Consumer,Office Supplies,Central
BB-10990,Barry Blumstein,2,276.28,0.0,0.0,0,5,163.86,Corporate,Office Supplies,West
BB-10990,Barry Blumstein,7,29.37,0.8,-47.0,0,5,163.86,Corporate,Office Supplies,Central
BB-10990,Barry Blumstein,2,344.7,0.2,38.78,0,5,163.86,Corporate,Technology,Central
BB-10990,Barry Blumstein,5,31.56,0.2,9.86,0,5,163.86,Corporate,Office Supplies,West
BB-10990,Barry Blumstein,2,30.14,0.2,3.01,0,5,163.86,Corporate,Office Supplies,West
BB-10990,Barry Blumstein,5,17.48,0.2,1.31,0,5,163.86,Corporate,Office Supplies,East
BB-10990,Barry Blumstein,2,8.82,0.0,4.06,0,5,163.86,Corporate,Office Supplies,West
BB-10990,Barry Blumstein,1,5.98,0.0,1.55,0,5,163.86,Corporate,Office Supplies,West
BB-11545,Brenda Bowman,2,10.56,0.0,4.75,0,9,47.95,Corporate,Office Supplies,Central
BB-11545,Brenda Bowman,2,5.34,0.2,0.73,0,9,47.95,Corporate,Office Supplies,Central
BB-11545,Brenda Bowman,2,1.7,0.8,-2.54,0,9,47.95,Corporate,Office Supplies,Central
BB-11545,Brenda Bowman,3,24.59,0.8,-67.62,0,9,47.95,Corporate,Office Supplies,Central
BB-11545,Brenda Bowman,5,7.98,0.8,-13.17,0,9,47.95,Corporate,Office Supplies,Central
BB-11545,Brenda Bowman,4,95.97,0.2,1.2,0,9,47.95,Corporate,Technology,Central
BB-11545,Brenda Bowman,2,47.99,0.3,-2.06,0,9,47.95,Corporate,Furniture,Central
BB-11545,Brenda Bowman,9,1568.61,0.0,329.41,0,9,47.95,Corporate,Furniture,Central
BB-11545,Brenda Bowman,1,17.3,0.0,8.3,0,9,47.95,Corporate,Office Supplies,Central
BB-11545,Brenda Bowman,8,160.0,0.0,62.4,0,9,47.95,Corporate,Technology,Central
BB-11545,Brenda Bowman,3,212.94,0.0,25.55,0,9,47.95,Corporate,Furniture,East
BB-11545,Brenda Bowman,1,26.49,0.0,7.42,0,9,47.95,Corporate,Office Supplies,East
BB-11545,Brenda Bowman,3,17.52,0.0,5.26,0,9,47.95,Corporate,Office Supplies,East
BB-11545,Brenda Bowman,5,1779.9,0.0,373.78,0,9,47.95,Corporate,Furniture,East
BB-11545,Brenda Bowman,5,219.9,0.0,59.37,0,9,47.95,Corporate,Office Supplies,East
BB-11545,Brenda Bowman,8,31.87,0.2,11.55,0,9,47.95,Corporate,Office Supplies,Central
BB-11545,Brenda Bowman,5,1158.12,0.2,130.29,0,9,47.95,Corporate,Office Supplies,South
BB-11545,Brenda Bowman,1,39.99,0.2,-8.0,0,9,47.95,Corporate,Technology,West
BB-11545,Brenda Bowman,9,1159.06,0.2,43.46,0,9,47.95,Corporate,Furniture,West
BB-11545,Brenda Bowman,5,179.9,0.0,44.97,0,9,47.95,Corporate,Office Supplies,West
BC-11125,Becky Castell,2,478.48,0.2,47.85,0,9,63.0,Home Office,Furniture,West
BC-11125,Becky Castell,6,340.12,0.3,-9.72,0,9,63.0,Home Office,Furniture,Central
BC-11125,Becky Castell,2,319.98,0.2,92.0,0,9,63.0,Home Office,Technology,East
BC-11125,Becky Castell,2,82.64,0.0,7.44,0,9,63.0,Home Office,Furniture,East
BC-11125,Becky Castell,2,31.02,0.0,8.07,0,9,63.0,Home Office,Office Supplies,East
BC-11125,Becky Castell,3,89.97,0.0,37.79,0,9,63.0,Home Office,Technology,East
BC-11125,Becky Castell,9,37.17,0.0,11.15,0,9,63.0,Home Office,Office Supplies,West
BC-11125,Becky Castell,2,145.76,0.1,-8.1,0,9,63.0,Home Office,Furniture,East
BC-11125,Becky Castell,2,12.96,0.0,6.35,0,9,63.0,Home Office,Office Supplies,West
BC-11125,Becky Castell,12,681.41,0.2,42.59,0,9,63.0,Home Office,Furniture,West
BC-11125,Becky Castell,2,3.52,0.0,1.02,0,9,63.0,Home Office,Office Supplies,West
BC-11125,Becky Castell,1,5.58,0.0,1.39,0,9,63.0,Home Office,Office Supplies,West
BC-11125,Becky Castell,1,36.32,0.0,10.9,0,9,63.0,Home Office,Technology,West
BC-11125,Becky Castell,1,280.79,0.2,35.1,0,9,63.0,Home Office,Furniture,West
BC-11125,Becky Castell,4,68.45,0.2,7.7,0,9,63.0,Home Office,Office Supplies,West
BC-11125,Becky Castell,5,88.04,0.2,6.6,0,9,63.0,Home Office,Office Supplies,West
BC-11125,Becky Castell,1,15.87,0.2,1.98,0,9,63.0,Home Office,Office Supplies,West
BC-11125,Becky Castell,3,215.59,0.2,-48.51,0,9,63.0,Home Office,Office Supplies,West
BD-11320,Bill Donatelli,8,2567.84,0.0,770.35,0,12,50.61,Consumer,Furniture,Central
BD-11320,Bill Donatelli,5,64.75,0.0,29.14,0,12,50.61,Consumer,Office Supplies,Central
BD-11320,Bill Donatelli,2,1121.57,0.2,0.0,0,12,50.61,Consumer,Furniture,West
BD-11320,Bill Donatelli,5,46.35,0.0,21.78,0,12,50.61,Consumer,Office Supplies,West
BD-11320,Bill Donatelli,4,38.24,0.2,-9.56,0,12,50.61,Consumer,Technology,West
BD-11320,Bill Donatelli,3,312.03,0.0,43.68,0,12,50.61,Consumer,Furniture,West
BD-11320,Bill Donatelli,3,17.94,0.0,3.05,0,12,50.61,Consumer,Office Supplies,West
BD-11320,Bill Donatelli,3,165.6,0.2,10.35,0,12,50.61,Consumer,Technology,West
BD-11320,Bill Donatelli,4,37.52,0.0,18.01,0,12,50.61,Consumer,Office Supplies,West
BD-11320,Bill Donatelli,2,239.98,0.2,24.0,0,12,50.61,Consumer,Technology,West
BD-11320,Bill Donatelli,5,492.84,0.3,-14.08,0,12,50.61,Consumer,Furniture,East
BD-11320,Bill Donatelli,5,29.7,0.0,13.36,0,12,50.61,Consumer,Office Supplies,East
BD-11320,Bill Donatelli,4,39.96,0.0,17.98,0,12,50.61,Consumer,Office Supplies,East
BD-11320,Bill Donatelli,3,88.78,0.2,7.77,0,12,50.61,Consumer,Technology,West
BD-11320,Bill Donatelli,4,11.56,0.0,5.43,0,12,50.61,Consumer,Office Supplies,West
BD-11320,Bill Donatelli,1,15.58,0.0,3.9,0,12,50.61,Consumer,Office Supplies,West
BD-11320,Bill Donatelli,4,291.96,0.0,102.19,0,12,50.61,Consumer,Technology,Central
BD-11320,Bill Donatelli,7,117.49,0.2,41.12,0,12,50.61,Consumer,Office Supplies,West
BD-11320,Bill Donatelli,3,18.84,0.0,6.03,0,12,50.61,Consumer,Furniture,West
BD-11500,Bradley Drucker,6,468.9,0.0,206.32,0,6,154.78,Consumer,Technology,Central
BD-11500,Bradley Drucker,13,322.19,0.2,100.68,0,6,154.78,Consumer,Office Supplies,Central
BD-11500,Bradley Drucker,3,2.95,0.8,-4.86,0,6,154.78,Consumer,Office Supplies,Central
BD-11500,Bradley Drucker,4,19.14,0.2,6.94,0,6,154.78,Consumer,Office Supplies,Central
BD-11500,Bradley Drucker,4,31.12,0.0,14.63,0,6,154.78,Consumer,Office Supplies,South
BD-11500,Bradley Drucker,4,194.32,0.0,56.35,0,6,154.78,Consumer,Office Supplies,South
BD-11500,Bradley Drucker,4,62.72,0.0,24.46,0,6,154.78,Consumer,Furniture,South
BD-11500,Bradley Drucker,7,2939.93,0.0,764.38,0,6,154.78,Consumer,Technology,South
BD-11500,Bradley Drucker,3,359.5,0.15,-29.61,0,6,154.78,Consumer,Furniture,West
BD-11500,Bradley Drucker,1,10.48,0.0,2.83,0,6,154.78,Consumer,Office Supplies,West
BD-11560,Brendan Dodson,4,151.96,0.0,36.47,0,2,222.33,Home Office,Technology,South
BD-11560,Brendan Dodson,2,45.68,0.0,21.01,0,2,222.33,Home Office,Office Supplies,West
BD-11560,Brendan Dodson,2,110.96,0.0,53.26,0,2,222.33,Home Office,Office Supplies,West
BD-11560,Brendan Dodson,3,11.94,0.0,5.97,0,2,222.33,Home Office,Office Supplies,West
BD-11605,Brian Dahlen,5,1325.85,0.0,238.65,0,7,71.05,Consumer,Office Supplies,West
BD-11605,Brian Dahlen,3,334.0,0.15,3.93,0,7,71.05,Consumer,Furniture,West
BD-11605,Brian Dahlen,5,19.9,0.0,6.57,0,7,71.05,Consumer,Office Supplies,West
BD-11605,Brian Dahlen,3,152.91,0.0,42.81,0,7,71.05,Consumer,Office Supplies,West
BD-11605,Brian Dahlen,3,92.94,0.0,41.82,0,7,71.05,Consumer,Office Supplies,West
BD-11605,Brian Dahlen,4,17.86,0.2,6.25,0,7,71.05,Consumer,Office Supplies,West
BD-11605,Brian Dahlen,3,46.44,0.2,15.09,0,7,71.05,Consumer,Office Supplies,West
BD-11605,Brian Dahlen,4,195.14,0.2,-12.2,0,7,71.05,Consumer,Furniture,West
BD-11605,Brian Dahlen,6,53.7,0.0,10.2,0,7,71.05,Consumer,Technology,South
BD-11605,Brian Dahlen,7,36.26,0.0,16.68,0,7,71.05,Consumer,Office Supplies,South
BD-11605,Brian Dahlen,2,56.3,0.0,15.76,0,7,71.05,Consumer,Office Supplies,South
BD-11605,Brian Dahlen,5,32.4,0.0,15.55,0,7,71.05,Consumer,Office Supplies,South
BD-11605,Brian Dahlen,2,29.16,0.0,10.79,0,7,71.05,Consumer,Furniture,South
BD-11605,Brian Dahlen,5,22.2,0.0,10.43,0,7,71.05,Consumer,Office Supplies,East
BD-11605,Brian Dahlen,4,343.92,0.0,75.66,0,7,71.05,Consumer,Furniture,South
BD-11605,Brian Dahlen,1,40.99,0.0,20.09,0,7,71.05,Consumer,Office Supplies,South
BD-11605,Brian Dahlen,5,63.9,0.0,28.75,0,7,71.05,Consumer,Office Supplies,South
BD-11605,Brian Dahlen,1,170.79,0.3,0.0,0,7,71.05,Consumer,Furniture,East
BD-11605,Brian Dahlen,3,17.88,0.2,2.46,0,7,71.05,Consumer,Technology,South
BD-11605,Brian Dahlen,3,235.94,0.2,85.53,0,7,71.05,Consumer,Office Supplies,South
BD-11620,Brian DeCherney,7,310.69,0.2,108.74,0,6,172.86,Consumer,Office Supplies,South
BD-11620,Brian DeCherney,4,108.58,0.4,-25.33,0,6,172.86,Consumer,Technology,East
BD-11620,Brian DeCherney,2,5.98,0.2,-1.35,0,6,172.86,Consumer,Office Supplies,East
BD-11620,Brian DeCherney,4,194.85,0.2,12.18,0,6,172.86,Consumer,Furniture,West
BD-11620,Brian DeCherney,2,33.57,0.2,11.75,0,6,172.86,Consumer,Office Supplies,East
BD-11620,Brian DeCherney,3,302.38,0.2,22.68,0,6,172.86,Consumer,Technology,West
BD-11620,Brian DeCherney,3,333.09,0.0,23.32,0,6,172.86,Consumer,Office Supplies,Central
BD-11620,Brian DeCherney,2,248.98,0.0,54.78,0,6,172.86,Consumer,Furniture,Central
BD-11635,Brian Derr,5,91.92,0.2,11.49,0,3,293.25,Consumer,Office Supplies,East
BD-11635,Brian Derr,5,232.4,0.2,78.43,0,3,293.25,Consumer,Office Supplies,East
BD-11635,Brian Derr,3,164.65,0.1,12.81,0,3,293.25,Consumer,Furniture,East
BD-11635,Brian Derr,2,22.68,0.0,11.11,0,3,293.25,Consumer,Office Supplies,East
BD-11635,Brian Derr,4,71.0,0.0,27.69,0,3,293.25,Consumer,Technology,South
BD-11725,Bruce Degenhardt,1,70.98,0.0,4.97,0,6,90.89,Consumer,Furniture,South
BD-11725,Bruce Degenhardt,3,294.93,0.0,144.52,0,6,90.89,Consumer,Office Supplies,South
BD-11725,Bruce Degenhardt,5,46.72,0.2,17.52,0,6,90.89,Consumer,Office Supplies,East
BD-11725,Bruce Degenhardt,3,675.06,0.0,87.76,0,6,90.89,Consumer,Office Supplies,South
BD-11725,Bruce Degenhardt,2,241.96,0.0,33.87,0,6,90.89,Consumer,Furniture,South
BD-11725,Bruce Degenhardt,1,3.89,0.0,1.87,0,6,90.89,Consumer,Office Supplies,South
BD-11725,Bruce Degenhardt,3,8.01,0.0,3.04,0,6,90.89,Consumer,Furniture,South
BD-11725,Bruce Degenhardt,5,51.75,0.0,24.84,0,6,90.89,Consumer,Office Supplies,West
BD-11725,Bruce Degenhardt,3,123.96,0.0,11.16,0,6,90.89,Consumer,Furniture,West
BD-11725,Bruce Degenhardt,3,9.24,0.0,4.44,0,6,90.89,Consumer,Furniture,West
BD-11770,Bryan Davis,1,39.99,0.2,7.5,0,6,37.0,Consumer,Technology,East
BD-11770,Bryan Davis,3,86.35,0.2,5.4,0,6,37.0,Consumer,Office Supplies,Central
BD-11770,Bryan Davis,2,7.38,0.0,3.47,0,6,37.0,Consumer,Office Supplies,West
BD-11770,Bryan Davis,3,14.26,0.2,4.46,0,6,37.0,Consumer,Office Supplies,West
BD-11770,Bryan Davis,2,81.98,0.0,40.17,0,6,37.0,Consumer,Office Supplies,West
BD-11770,Bryan Davis,3,39.62,0.2,13.87,0,6,37.0,Consumer,Office Supplies,West
BD-11770,Bryan Davis,3,59.97,0.0,14.99,0,6,37.0,Consumer,Technology,East
BD-11770,Bryan Davis,1,83.36,0.0,20.84,0,6,37.0,Consumer,Office Supplies,East
BD-11770,Bryan Davis,2,4.77,0.2,0.48,0,6,37.0,Consumer,Office Supplies,East
BD-11770,Bryan Davis,1,240.78,0.2,30.1,0,6,37.0,Consumer,Furniture,East
BE-11335,Bill Eplett,2,81.98,0.0,40.17,0,5,74.5,Home Office,Office Supplies,East
BE-11335,Bill Eplett,1,20.94,0.2,7.07,0,5,74.5,Home Office,Office Supplies,Central
BE-11335,Bill Eplett,8,211.84,0.0,76.26,0,5,74.5,Home Office,Furniture,West
BE-11335,Bill Eplett,2,269.98,0.0,67.5,0,5,74.5,Home Office,Technology,East
BE-11335,Bill Eplett,5,99.9,0.0,47.95,0,5,74.5,Home Office,Office Supplies,East
BE-11335,Bill Eplett,4,39.08,0.0,14.46,0,5,74.5,Home Office,Furniture,East
BE-11335,Bill Eplett,4,1199.8,0.0,323.95,0,5,74.5,Home Office,Technology,Central
BE-11335,Bill Eplett,7,1928.78,0.0,829.38,0,5,74.5,Home Office,Technology,Central
BE-11335,Bill Eplett,2,352.38,0.0,81.05,0,5,74.5,Home Office,Office Supplies,Central
BE-11410,Bobby Elias,2,30.35,0.2,10.62,0,5,148.5,Consumer,Office Supplies,East
BE-11410,Bobby Elias,5,1649.75,0.0,544.42,0,5,148.5,Consumer,Technology,Central
BE-11410,Bobby Elias,5,61.12,0.2,22.16,0,5,148.5,Consumer,Office Supplies,West
BE-11410,Bobby Elias,4,268.58,0.2,90.64,0,5,148.5,Consumer,Office Supplies,Central
BE-11410,Bobby Elias,3,251.64,0.2,88.07,0,5,148.5,Consumer,Office Supplies,South
BE-11455,Brad Eason,3,128.85,0.0,3.87,0,6,52.25,Home Office,Technology,East
BE-11455,Brad Eason,2,8.4,0.0,4.12,0,6,52.25,Home Office,Office Supplies,East
BE-11455,Brad Eason,2,199.98,0.0,83.99,0,6,52.25,Home Office,Technology,East
BE-11455,Brad Eason,1,110.98,0.0,15.54,0,6,52.25,Home Office,Furniture,East
BE-11455,Brad Eason,5,25.9,0.0,12.69,0,6,52.25,Home Office,Office Supplies,Central
BE-11455,Brad Eason,2,7.22,0.2,1.71,0,6,52.25,Home Office,Office Supplies,East
BE-11455,Brad Eason,2,49.57,0.2,15.49,0,6,52.25,Home Office,Office Supplies,East
BE-11455,Brad Eason,7,54.71,0.2,11.63,0,6,52.25,Home Office,Furniture,East
BE-11455,Brad Eason,1,54.48,0.0,15.25,0,6,52.25,Home Office,Office Supplies,Central
BE-11455,Brad Eason,3,107.94,0.0,26.98,0,6,52.25,Home Office,Office Supplies,Central
BE-11455,Brad Eason,4,848.54,0.2,-21.21,0,6,52.25,Home Office,Office Supplies,East
BE-11455,Brad Eason,5,8.7,0.7,-6.38,0,6,52.25,Home Office,Office Supplies,East
BE-11455,Brad Eason,3,122.38,0.4,-24.48,0,6,52.25,Home Office,Technology,East
BF-10975,Barbara Fisher,3,17.94,0.0,4.49,0,7,97.83,Corporate,Office Supplies,East
BF-10975,Barbara Fisher,3,17.54,0.2,5.92,0,7,97.83,Corporate,Office Supplies,South
BF-10975,Barbara Fisher,4,44.13,0.2,12.14,0,7,97.83,Corporate,Furniture,South
BF-10975,Barbara Fisher,1,62.92,0.2,10.22,0,7,97.83,Corporate,Office Supplies,South
BF-10975,Barbara Fisher,2,78.3,0.2,29.36,0,7,97.83,Corporate,Office Supplies,South
BF-10975,Barbara Fisher,1,6.48,0.0,3.11,0,7,97.83,Corporate,Office Supplies,South
BF-10975,Barbara Fisher,2,4.93,0.2,0.74,0,7,97.83,Corporate,Furniture,South
BF-10975,Barbara Fisher,5,7.23,0.7,-5.78,0,7,97.83,Corporate,Office Supplies,South
BF-10975,Barbara Fisher,4,11.12,0.0,2.89,0,7,97.83,Corporate,Office Supplies,East
BF-10975,Barbara Fisher,2,9.08,0.0,4.09,0,7,97.83,Corporate,Office Supplies,Central
BF-10975,Barbara Fisher,3,314.55,0.0,150.98,0,7,97.83,Corporate,Office Supplies,Central
BF-10975,Barbara Fisher,1,4.91,0.0,2.31,0,7,97.83,Corporate,Office Supplies,Central
BF-10975,Barbara Fisher,7,20.66,0.2,6.97,0,7,97.83,Corporate,Office Supplies,East
BF-11005,Barry Franz,2,14.58,0.2,2.37,0,4,128.11,Home Office,Office Supplies,West
BF-11005,Barry Franz,1,5.98,0.0,1.02,0,4,128.11,Home Office,Office Supplies,West
BF-11005,Barry Franz,3,246.17,0.2,21.54,0,4,128.11,Home Office,Technology,West
BF-11005,Barry Franz,5,24.7,0.6,-9.88,0,4,128.11,Home Office,Furniture,Central
BF-11005,Barry Franz,5,302.72,0.6,-378.4,0,4,128.11,Home Office,Furniture,Central
BF-11005,Barry Franz,2,56.56,0.0,15.27,0,4,128.11,Home Office,Office Supplies,West
BF-11005,Barry Franz,2,5.56,0.0,1.45,0,4,128.11,Home Office,Office Supplies,West
BF-11005,Barry Franz,2,9.02,0.0,3.52,0,4,128.11,Home Office,Office Supplies,West
BF-11005,Barry Franz,1,8.62,0.0,2.24,0,4,128.11,Home Office,Office Supplies,West
BF-11005,Barry Franz,3,659.98,0.2,49.5,0,4,128.11,Home Office,Technology,West
BF-11020,Barry Französisch,5,21.36,0.2,7.21,0,8,67.0,Corporate,Office Supplies,West
BF-11020,Barry Französisch,4,1035.8,0.0,269.31,0,8,67.0,Corporate,Technology,East
BF-11020,Barry Französisch,8,60.29,0.6,-27.13,0,8,67.0,Corporate,Furniture,Central
BF-11020,Barry Französisch,1,2.63,0.2,0.82,0,8,67.0,Corporate,Office Supplies,Central
BF-11020,Barry Französisch,9,23.69,0.2,7.7,0,8,67.0,Corporate,Office Supplies,Central
BF-11020,Barry Französisch,2,253.37,0.3,-14.48,0,8,67.0,Corporate,Furniture,Central
BF-11020,Barry Französisch,2,136.46,0.2,15.35,0,8,67.0,Corporate,Furniture,West
BF-11020,Barry Französisch,3,333.58,0.2,33.36,0,8,67.0,Corporate,Technology,West
BF-11020,Barry Französisch,2,12.54,0.2,4.7,0,8,67.0,Corporate,Office Supplies,West
BF-11020,Barry Französisch,3,23.98,0.2,-5.69,0,8,67.0,Corporate,Technology,South
BF-11020,Barry Französisch,3,6.26,0.2,2.04,0,8,67.0,Corporate,Office Supplies,South
BF-11020,Barry Französisch,3,20.81,0.2,1.82,0,8,67.0,Corporate,Office Supplies,South
BF-11020,Barry Französisch,3,218.35,0.2,-19.11,0,8,67.0,Corporate,Furniture,South
BF-11020,Barry Französisch,7,42.62,0.8,-68.19,0,8,67.0,Corporate,Office Supplies,Central
BF-11020,Barry Französisch,2,319.98,0.2,107.99,0,8,67.0,Corporate,Technology,Central
BF-11020,Barry Französisch,5,45.92,0.2,15.5,0,8,67.0,Corporate,Office Supplies,Central
BF-11020,Barry Französisch,2,21.18,0.6,-11.65,0,8,67.0,Corporate,Furniture,Central
BF-11020,Barry Französisch,4,20.74,0.2,7.26,0,8,67.0,Corporate,Office Supplies,Central
BF-11020,Barry Französisch,5,213.43,0.3,-39.64,0,8,67.0,Corporate,Furniture,Central
BF-11020,Barry Französisch,4,22.72,0.0,10.22,0,8,67.0,Corporate,Office Supplies,Central
BF-11020,Barry Französisch,1,52.79,0.2,4.62,0,8,67.0,Corporate,Technology,West
BF-11080,Bart Folk,3,14.67,0.0,3.96,0,3,220.6,Consumer,Office Supplies,South
BF-11080,Bart Folk,5,39.9,0.0,19.95,0,3,220.6,Consumer,Office Supplies,East
BF-11080,Bart Folk,7,90.86,0.0,26.35,0,3,220.6,Consumer,Office Supplies,East
BF-11080,Bart Folk,5,94.85,0.0,45.53,0,3,220.6,Consumer,Office Supplies,East
BF-11080,Bart Folk,6,21.6,0.0,9.94,0,3,220.6,Consumer,Office Supplies,East
BF-11080,Bart Folk,3,11.07,0.0,5.2,0,3,220.6,Consumer,Office Supplies,East
BF-11170,Ben Ferrer,3,7.83,0.0,3.6,0,11,51.58,Home Office,Office Supplies,East
BF-11170,Ben Ferrer,9,249.75,0.0,44.95,0,11,51.58,Home Office,Office Supplies,West
BF-11170,Ben Ferrer,8,255.94,0.2,28.79,0,11,51.58,Home Office,Technology,West
BF-11170,Ben Ferrer,7,173.66,0.2,17.37,0,11,51.58,Home Office,Technology,West
BF-11170,Ben Ferrer,2,361.96,0.0,101.35,0,11,51.58,Home Office,Office Supplies,West
BF-11170,Ben Ferrer,3,62.85,0.0,13.2,0,11,51.58,Home Office,Technology,West
BF-11170,Ben Ferrer,3,818.38,0.2,51.15,0,11,51.58,Home Office,Technology,West
BF-11170,Ben Ferrer,1,20.34,0.0,0.2,0,11,51.58,Home Office,Office Supplies,West
BF-11170,Ben Ferrer,1,23.99,0.0,5.52,0,11,51.58,Home Office,Furniture,West
BF-11170,Ben Ferrer,2,222.38,0.2,16.68,0,11,51.58,Home Office,Technology,Central
BF-11170,Ben Ferrer,4,16.0,0.2,5.6,0,11,51.58,Home Office,Office Supplies,Central
BF-11170,Ben Ferrer,1,18.27,0.2,5.94,0,11,51.58,Home Office,Office Supplies,South
BF-11170,Ben Ferrer,4,153.73,0.2,53.8,0,11,51.58,Home Office,Office Supplies,South
BF-11170,Ben Ferrer,2,12.22,0.2,4.43,0,11,51.58,Home Office,Office Supplies,South
BF-11170,Ben Ferrer,7,167.94,0.2,50.38,0,11,51.58,Home Office,Technology,South
BF-11170,Ben Ferrer,1,1270.99,0.0,635.5,0,11,51.58,Home Office,Office Supplies,South
BF-11170,Ben Ferrer,8,125.36,0.0,58.92,0,11,51.58,Home Office,Office Supplies,South
BF-11170,Ben Ferrer,1,36.79,0.2,4.14,0,11,51.58,Home Office,Technology,South
BF-11170,Ben Ferrer,8,18.62,0.2,6.29,0,11,51.58,Home Office,Furniture,South
BF-11170,Ben Ferrer,3,22.61,0.6,-10.17,0,11,51.58,Home Office,Furniture,Central
BF-11170,Ben Ferrer,1,9.98,0.0,2.79,0,11,51.58,Home Office,Furniture,West
BF-11170,Ben Ferrer,9,14.98,0.2,5.43,0,11,51.58,Home Office,Office Supplies,West
BF-11170,Ben Ferrer,2,1199.98,0.0,467.99,0,11,51.58,Home Office,Technology,East
BF-11170,Ben Ferrer,1,73.85,0.0,2.22,0,11,51.58,Home Office,Office Supplies,East
BF-11170,Ben Ferrer,3,25.71,0.0,6.68,0,11,51.58,Home Office,Office Supplies,East
BF-11170,Ben Ferrer,6,17.28,0.0,8.12,0,11,51.58,Home Office,Office Supplies,East
BF-11170,Ben Ferrer,2,526.58,0.3,-52.66,0,11,51.58,Home Office,Furniture,East
BF-11215,Benjamin Farhat,9,56.52,0.0,21.48,0,4,154.57,Home Office,Furniture,East
BF-11215,Benjamin Farhat,3,692.94,0.0,173.24,0,4,154.57,Home Office,Furniture,Central
BF-11215,Benjamin Farhat,8,90.8,0.0,25.42,0,4,154.57,Home Office,Office Supplies,West
BF-11215,Benjamin Farhat,8,140.74,0.2,49.26,0,4,154.57,Home Office,Technology,West
BF-11215,Benjamin Farhat,5,214.95,0.0,88.13,0,4,154.57,Home Office,Technology,West
BF-11215,Benjamin Farhat,7,45.36,0.0,21.77,0,4,154.57,Home Office,Office Supplies,West
BF-11215,Benjamin Farhat,6,288.24,0.0,138.36,0,4,154.57,Home Office,Office Supplies,West
BF-11215,Benjamin Farhat,2,55.62,0.2,5.56,0,4,154.57,Home Office,Office Supplies,Central
BF-11275,Beth Fritzler,3,74.35,0.2,23.23,0,3,440.67,Corporate,Office Supplies,West
BF-11275,Beth Fritzler,3,314.35,0.2,-35.36,0,3,440.67,Corporate,Furniture,West
BF-11275,Beth Fritzler,3,41.91,0.0,10.9,0,3,440.67,Corporate,Office Supplies,South
BF-11275,Beth Fritzler,2,361.38,0.2,27.1,0,3,440.67,Corporate,Technology,South
BG-11035,Barry Gonzalez,5,149.9,0.0,40.47,0,8,102.09,Consumer,Furniture,South
BG-11035,Barry Gonzalez,2,42.21,0.2,13.72,0,8,102.09,Consumer,Office Supplies,South
BG-11035,Barry Gonzalez,6,1369.76,0.7,-913.18,0,8,102.09,Consumer,Office Supplies,South
BG-11035,Barry Gonzalez,4,294.37,0.2,-58.87,0,8,102.09,Consumer,Office Supplies,South
BG-11035,Barry Gonzalez,2,152.69,0.2,-26.72,0,8,102.09,Consumer,Office Supplies,Central
BG-11035,Barry Gonzalez,2,3.49,0.2,0.57,0,8,102.09,Consumer,Office Supplies,Central
BG-11035,Barry Gonzalez,2,5.89,0.2,-1.32,0,8,102.09,Consumer,Office Supplies,Central
BG-11035,Barry Gonzalez,3,67.18,0.2,6.72,0,8,102.09,Consumer,Technology,Central
BG-11035,Barry Gonzalez,4,15.23,0.2,5.52,0,8,102.09,Consumer,Office Supplies,Central
BG-11035,Barry Gonzalez,2,659.9,0.0,217.77,0,8,102.09,Consumer,Technology,South
BG-11035,Barry Gonzalez,2,5.56,0.0,1.45,0,8,102.09,Consumer,Office Supplies,South
BG-11035,Barry Gonzalez,1,32.78,0.2,2.46,0,8,102.09,Consumer,Office Supplies,South
BG-11695,Brooke Gillingham,3,35.91,0.0,9.7,0,6,184.71,Corporate,Office Supplies,East
BG-11695,Brooke Gillingham,3,59.52,0.0,15.48,0,6,184.71,Corporate,Office Supplies,East
BG-11695,Brooke Gillingham,2,17.48,0.0,8.22,0,6,184.71,Corporate,Office Supplies,East
BG-11695,Brooke Gillingham,2,13.17,0.2,4.61,0,6,184.71,Corporate,Office Supplies,East
BG-11695,Brooke Gillingham,2,839.99,0.4,70.0,0,6,184.71,Corporate,Technology,East
BG-11695,Brooke Gillingham,8,845.49,0.3,-12.08,0,6,184.71,Corporate,Furniture,Central
BG-11695,Brooke Gillingham,3,29.33,0.2,3.67,0,6,184.71,Corporate,Furniture,West
BG-11695,Brooke Gillingham,1,33.29,0.0,7.99,0,6,184.71,Corporate,Office Supplies,Central
BG-11740,Bruce Geld,3,9.91,0.2,3.22,0,6,220.17,Consumer,Office Supplies,South
BG-11740,Bruce Geld,2,51.98,0.0,15.07,0,6,220.17,Consumer,Office Supplies,West
BG-11740,Bruce Geld,4,47.04,0.0,15.99,0,6,220.17,Consumer,Furniture,West
BG-11740,Bruce Geld,5,339.96,0.2,42.49,0,6,220.17,Consumer,Technology,West
BG-11740,Bruce Geld,1,10.78,0.2,0.81,0,6,220.17,Consumer,Office Supplies,Central
BG-11740,Bruce Geld,3,60.31,0.2,5.28,0,6,220.17,Consumer,Furniture,East
BG-11740,Bruce Geld,4,486.37,0.2,36.48,0,6,220.17,Consumer,Furniture,West
BH-11710,Brosina Hoffman,7,48.86,0.0,14.17,0,8,55.52,Consumer,Furniture,West
BH-11710,Brosina Hoffman,4,7.28,0.0,1.97,0,8,55.52,Consumer,Office Supplies,West
BH-11710,Brosina Hoffman,6,907.15,0.2,90.72,0,8,55.52,Consumer,Technology,West
BH-11710,Brosina Hoffman,3,18.5,0.2,5.78,0,8,55.52,Consumer,Office Supplies,West
BH-11710,Brosina Hoffman,5,114.9,0.0,34.47,0,8,55.52,Consumer,Office Supplies,West
BH-11710,Brosina Hoffman,9,1706.18,0.2,85.31,0,8,55.52,Consumer,Furniture,West
BH-11710,Brosina Hoffman,4,911.42,0.2,68.36,0,8,55.52,Consumer,Technology,West
BH-11710,Brosina Hoffman,2,10.98,0.6,-7.96,0,8,55.52,Consumer,Furniture,Central
BH-11710,Brosina Hoffman,4,797.94,0.3,-57.0,0,8,55.52,Consumer,Furniture,Central
BH-11710,Brosina Hoffman,2,9.54,0.0,4.29,0,8,55.52,Consumer,Office Supplies,Central
BH-11710,Brosina Hoffman,1,5.81,0.0,1.8,0,8,55.52,Consumer,Office Supplies,Central
BH-11710,Brosina Hoffman,2,5.76,0.0,1.73,0,8,55.52,Consumer,Office Supplies,Central
BH-11710,Brosina Hoffman,3,32.98,0.5,-1.98,0,8,55.52,Consumer,Technology,South
BH-11710,Brosina Hoffman,7,447.86,0.0,219.45,0,8,55.52,Consumer,Office Supplies,East
BH-11710,Brosina Hoffman,5,479.95,0.0,129.59,0,8,55.52,Consumer,Technology,East
BH-11710,Brosina Hoffman,3,166.44,0.0,79.89,0,8,55.52,Consumer,Office Supplies,East
BH-11710,Brosina Hoffman,3,18.34,0.2,6.65,0,8,55.52,Consumer,Office Supplies,South
BH-11710,Brosina Hoffman,7,36.29,0.2,12.7,0,8,55.52,Consumer,Office Supplies,South
BH-11710,Brosina Hoffman,2,111.98,0.2,7.0,0,8,55.52,Consumer,Technology,South
BH-11710,Brosina Hoffman,5,5.97,0.7,-4.58,0,8,55.52,Consumer,Office Supplies,South
BH-11710,Brosina Hoffman,2,2.51,0.7,-1.84,0,8,55.52,Consumer,Office Supplies,South
BH-11710,Brosina Hoffman,3,36.05,0.2,-0.9,0,8,55.52,Consumer,Technology,East
BH-11710,Brosina Hoffman,4,320.64,0.0,89.78,0,8,55.52,Consumer,Office Supplies,South
BH-11710,Brosina Hoffman,4,52.0,0.0,23.4,0,8,55.52,Consumer,Technology,South
BK-11260,Berenike Kampe,2,39.96,0.0,18.78,0,6,77.87,Consumer,Office Supplies,East
BK-11260,Berenike Kampe,10,102.3,0.0,26.6,0,6,77.87,Consumer,Office Supplies,East
BK-11260,Berenike Kampe,2,21.36,0.0,5.77,0,6,77.87,Consumer,Office Supplies,East
BK-11260,Berenike Kampe,4,14.02,0.8,-31.54,0,6,77.87,Consumer,Office Supplies,Central
BK-11260,Berenike Kampe,5,214.95,0.5,-120.37,0,6,77.87,Consumer,Furniture,Central
BK-11260,Berenike Kampe,4,35.04,0.2,-7.01,0,6,77.87,Consumer,Technology,Central
BK-11260,Berenike Kampe,3,10.78,0.6,-4.85,0,6,77.87,Consumer,Furniture,Central
BK-11260,Berenike Kampe,2,4.6,0.8,-8.05,0,6,77.87,Consumer,Office Supplies,Central
BK-11260,Berenike Kampe,2,35.17,0.2,-8.35,0,6,77.87,Consumer,Office Supplies,Central
BK-11260,Berenike Kampe,2,17.57,0.2,6.37,0,6,77.87,Consumer,Office Supplies,West
BK-11260,Berenike Kampe,2,14.62,0.0,6.87,0,6,77.87,Consumer,Office Supplies,West
BK-11260,Berenike Kampe,4,33.36,0.0,8.67,0,6,77.87,Consumer,Office Supplies,West
BK-11260,Berenike Kampe,6,40.14,0.0,19.67,0,6,77.87,Consumer,Office Supplies,West
BK-11260,Berenike Kampe,4,6.96,0.0,2.23,0,6,77.87,Consumer,Furniture,West
BK-11260,Berenike Kampe,2,21.96,0.0,6.15,0,6,77.87,Consumer,Office Supplies,West
BK-11260,Berenike Kampe,4,46.36,0.0,15.3,0,6,77.87,Consumer,Technology,West
BM-11140,Becky Martin,3,9.94,0.2,2.73,0,4,60.13,Consumer,Office Supplies,Central
BM-11140,Becky Martin,8,8159.95,0.4,-1359.99,0,4,60.13,Consumer,Technology,Central
BM-11140,Becky Martin,3,275.93,0.2,-58.63,0,4,60.13,Consumer,Office Supplies,Central
BM-11140,Becky Martin,9,1740.06,0.3,-24.86,0,4,60.13,Consumer,Furniture,Central
BM-11140,Becky Martin,6,32.06,0.2,6.81,0,4,60.13,Consumer,Office Supplies,Central
BM-11140,Becky Martin,5,177.98,0.8,-453.85,0,4,60.13,Consumer,Office Supplies,Central
BM-11140,Becky Martin,3,143.98,0.2,9.0,0,4,60.13,Consumer,Technology,Central
BM-11140,Becky Martin,3,215.98,0.2,-2.7,0,4,60.13,Consumer,Furniture,West
BM-11140,Becky Martin,3,65.94,0.0,30.99,0,4,60.13,Consumer,Office Supplies,West
BM-11140,Becky Martin,3,113.79,0.0,20.48,0,4,60.13,Consumer,Furniture,East
BM-11140,Becky Martin,1,78.15,0.0,34.39,0,4,60.13,Consumer,Technology,East
BM-11140,Becky Martin,1,1.73,0.2,0.6,0,4,60.13,Consumer,Office Supplies,East
BM-11140,Becky Martin,4,40.56,0.0,19.87,0,4,60.13,Consumer,Office Supplies,East
BM-11140,Becky Martin,3,182.94,0.0,3.66,0,4,60.13,Consumer,Office Supplies,East
BM-11140,Becky Martin,2,193.86,0.0,11.63,0,4,60.13,Consumer,Office Supplies,East
BM-11140,Becky Martin,7,356.79,0.0,99.9,0,4,60.13,Consumer,Office Supplies,West
BM-11575,Brendan Murry,3,79.87,0.2,29.95,0,6,81.89,Corporate,Office Supplies,East
BM-11575,Brendan Murry,1,46.38,0.2,1.16,0,6,81.89,Corporate,Furniture,East
BM-11575,Brendan Murry,2,12.96,0.0,6.22,0,6,81.89,Corporate,Office Supplies,East
BM-11575,Brendan Murry,3,173.94,0.0,38.27,0,6,81.89,Corporate,Furniture,East
BM-11575,Brendan Murry,2,231.98,0.0,67.27,0,6,81.89,Corporate,Technology,East
BM-11575,Brendan Murry,2,27.88,0.0,3.9,0,6,81.89,Corporate,Technology,West
BM-11575,Brendan Murry,4,195.14,0.2,-43.91,0,6,81.89,Corporate,Office Supplies,Central
BM-11575,Brendan Murry,3,22.61,0.6,-10.17,0,6,81.89,Corporate,Furniture,Central
BM-11575,Brendan Murry,1,1.89,0.6,-0.99,0,6,81.89,Corporate,Furniture,Central
BM-11575,Brendan Murry,1,15.51,0.0,3.88,0,6,81.89,Corporate,Office Supplies,West
BM-11650,Brian Moss,2,10.37,0.2,3.63,0,11,44.18,Corporate,Office Supplies,Central
BM-11650,Brian Moss,3,14.35,0.2,4.48,0,11,44.18,Corporate,Office Supplies,Central
BM-11650,Brian Moss,2,25.96,0.0,7.53,0,11,44.18,Corporate,Office Supplies,Central
BM-11650,Brian Moss,3,36.27,0.0,10.88,0,11,44.18,Corporate,Office Supplies,Central
BM-11650,Brian Moss,1,6.48,0.0,3.11,0,11,44.18,Corporate,Office Supplies,Central
BM-11650,Brian Moss,3,436.0,0.15,20.52,0,11,44.18,Corporate,Furniture,West
BM-11650,Brian Moss,2,83.98,0.2,31.49,0,11,44.18,Corporate,Technology,West
BM-11650,Brian Moss,5,619.95,0.0,111.59,0,11,44.18,Corporate,Technology,Central
BM-11650,Brian Moss,3,29.16,0.0,8.46,0,11,44.18,Corporate,Technology,Central
BM-11650,Brian Moss,7,57.96,0.0,27.24,0,11,44.18,Corporate,Office Supplies,Central
BM-11650,Brian Moss,3,29.4,0.1,5.23,0,11,44.18,Corporate,Office Supplies,Central
BM-11650,Brian Moss,3,60.45,0.0,16.32,0,11,44.18,Corporate,Office Supplies,East
BM-11650,Brian Moss,4,11.52,0.0,3.34,0,11,44.18,Corporate,Office Supplies,East
BM-11650,Brian Moss,4,186.05,0.2,9.3,0,11,44.18,Corporate,Furniture,East
BM-11650,Brian Moss,3,2.91,0.7,-2.03,0,11,44.18,Corporate,Office Supplies,East
BM-11650,Brian Moss,4,221.92,0.0,106.52,0,11,44.18,Corporate,Office Supplies,East
BM-11650,Brian Moss,2,26.0,0.0,11.7,0,11,44.18,Corporate,Technology,East
BM-11650,Brian Moss,2,180.96,0.0,81.43,0,11,44.18,Corporate,Office Supplies,Central
BM-11650,Brian Moss,3,914.97,0.0,411.74,0,11,44.18,Corporate,Office Supplies,Central
BM-11650,Brian Moss,3,587.97,0.0,158.75,0,11,44.18,Corporate,Technology,Central
BM-11650,Brian Moss,2,530.34,0.0,95.46,0,11,44.18,Corporate,Office Supplies,Central
BM-11650,Brian Moss,3,14.94,0.0,7.32,0,11,44.18,Corporate,Office Supplies,Central
BM-11650,Brian Moss,2,9.64,0.0,4.43,0,11,44.18,Corporate,Office Supplies,East
BM-11650,Brian Moss,3,826.62,0.0,355.45,0,11,44.18,Corporate,Technology,East
BM-11650,Brian Moss,9,1633.14,0.0,473.61,0,11,44.18,Corporate,Office Supplies,East
BM-11650,Brian Moss,3,544.38,0.0,157.87,0,11,44.18,Corporate,Office Supplies,East
BM-11650,Brian Moss,1,1.82,0.7,-1.4,0,11,44.18,Corporate,Office Supplies,East
BM-11650,Brian Moss,1,46.94,0.0,19.25,0,11,44.18,Corporate,Furniture,Central
BM-11650,Brian Moss,9,143.73,0.0,56.05,0,11,44.18,Corporate,Technology,Central
BM-11785,Bryan Mills,2,13.36,0.0,4.94,0,10,83.46,Consumer,Office Supplies,East
BM-11785,Bryan Mills,7,475.94,0.2,95.19,0,10,83.46,Consumer,Technology,Central
BM-11785,Bryan Mills,4,186.3,0.2,13.97,0,10,83.46,Consumer,Furniture,South
BM-11785,Bryan Mills,3,29.3,0.2,2.56,0,10,83.46,Consumer,Office Supplies,West
BM-11785,Bryan Mills,2,2.95,0.7,-2.06,0,10,83.46,Consumer,Office Supplies,East
BM-11785,Bryan Mills,5,32.07,0.7,-22.45,0,10,83.46,Consumer,Office Supplies,East
BM-11785,Bryan Mills,2,24.0,0.2,-2.7,0,10,83.46,Consumer,Technology,East
BM-11785,Bryan Mills,1,35.49,0.5,-15.62,0,10,83.46,Consumer,Furniture,East
BM-11785,Bryan Mills,2,47.98,0.2,0.6,0,10,83.46,Consumer,Technology,East
BM-11785,Bryan Mills,3,28.8,0.0,0.86,0,10,83.46,Consumer,Office Supplies,West
BM-11785,Bryan Mills,7,419.94,0.2,52.49,0,10,83.46,Consumer,Technology,Central
BM-11785,Bryan Mills,2,5.9,0.2,1.99,0,10,83.46,Consumer,Office Supplies,East
BM-11785,Bryan Mills,2,13.71,0.2,1.03,0,10,83.46,Consumer,Office Supplies,East
BM-11785,Bryan Mills,2,23.08,0.0,6.92,0,10,83.46,Consumer,Technology,South
BN-11470,Brad Norvell,2,10.37,0.2,3.63,0,4,236.2,Corporate,Office Supplies,South
BN-11470,Brad Norvell,5,166.84,0.2,18.77,0,4,236.2,Corporate,Office Supplies,South
BN-11470,Brad Norvell,1,15.22,0.2,2.28,0,4,236.2,Corporate,Technology,South
BN-11470,Brad Norvell,4,12.58,0.2,4.09,0,4,236.2,Corporate,Office Supplies,East
BN-11470,Brad Norvell,2,49.62,0.2,4.96,0,4,236.2,Corporate,Technology,Central
BN-11470,Brad Norvell,1,10.68,0.0,2.88,0,4,236.2,Corporate,Office Supplies,West
BN-11515,Bradley Nguyen,2,93.78,0.0,36.57,0,5,85.94,Consumer,Office Supplies,Central
BN-11515,Bradley Nguyen,7,47.18,0.0,23.59,0,5,85.94,Consumer,Office Supplies,Central
BN-11515,Bradley Nguyen,6,19.68,0.0,5.71,0,5,85.94,Consumer,Office Supplies,Central
BN-11515,Bradley Nguyen,10,53.4,0.0,25.1,0,5,85.94,Consumer,Office Supplies,Central
BN-11515,Bradley Nguyen,6,35.88,0.0,17.22,0,5,85.94,Consumer,Office Supplies,Central
BN-11515,Bradley Nguyen,2,30.28,0.0,1.21,0,5,85.94,Consumer,Office Supplies,West
BN-11515,Bradley Nguyen,3,57.93,0.0,16.22,0,5,85.94,Consumer,Office Supplies,West
BN-11515,Bradley Nguyen,2,35.34,0.0,13.43,0,5,85.94,Consumer,Furniture,West
BN-11515,Bradley Nguyen,5,137.24,0.2,46.32,0,5,85.94,Consumer,Office Supplies,West
BN-11515,Bradley Nguyen,5,242.9,0.0,70.44,0,5,85.94,Consumer,Office Supplies,East
BN-11515,Bradley Nguyen,5,454.9,0.0,0.0,0,5,85.94,Consumer,Office Supplies,East
BN-11515,Bradley Nguyen,4,35.92,0.0,15.09,0,5,85.94,Consumer,Furniture,East
BN-11515,Bradley Nguyen,8,39.76,0.0,12.33,0,5,85.94,Consumer,Furniture,East
BN-11515,Bradley Nguyen,4,47.74,0.2,14.92,0,5,85.94,Consumer,Office Supplies,East
BN-11515,Bradley Nguyen,5,114.9,0.0,39.07,0,5,85.94,Consumer,Furniture,East
BN-11515,Bradley Nguyen,3,6.63,0.0,1.79,0,5,85.94,Consumer,Office Supplies,West
BN-11515,Bradley Nguyen,2,5.88,0.0,1.71,0,5,85.94,Consumer,Office Supplies,West
BO-11350,Bill Overfelt,7,1592.85,0.0,350.43,0,5,53.64,Corporate,Furniture,Central
BO-11350,Bill Overfelt,2,11.88,0.0,5.35,0,5,53.64,Corporate,Office Supplies,Central
BO-11350,Bill Overfelt,2,41.57,0.2,2.6,0,5,53.64,Corporate,Furniture,West
BO-11350,Bill Overfelt,2,210.58,0.0,12.63,0,5,53.64,Corporate,Furniture,West
BO-11350,Bill Overfelt,2,30.96,0.2,10.06,0,5,53.64,Corporate,Office Supplies,West
BO-11350,Bill Overfelt,2,239.98,0.2,39.0,0,5,53.64,Corporate,Technology,West
BO-11350,Bill Overfelt,2,32.45,0.2,7.3,0,5,53.64,Corporate,Furniture,East
BO-11350,Bill Overfelt,4,26.39,0.7,-17.59,0,5,53.64,Corporate,Office Supplies,East
BO-11350,Bill Overfelt,5,373.47,0.4,-112.04,0,5,53.64,Corporate,Furniture,East
BO-11350,Bill Overfelt,5,64.2,0.7,-44.94,0,5,53.64,Corporate,Office Supplies,East
BO-11350,Bill Overfelt,2,8.0,0.2,2.8,0,5,53.64,Corporate,Office Supplies,East
BO-11350,Bill Overfelt,8,50.4,0.0,23.18,0,5,53.64,Corporate,Office Supplies,Central
BO-11425,Bobby Odegard,2,6.08,0.0,2.07,0,2,767.0,Consumer,Office Supplies,East
BO-11425,Bobby Odegard,5,124.75,0.0,57.38,0,2,767.0,Consumer,Office Supplies,South
BP-11050,Barry Pond,2,22.24,0.2,2.5,0,5,182.0,Corporate,Office Supplies,Central
BP-11050,Barry Pond,4,563.4,0.0,67.61,0,5,182.0,Corporate,Office Supplies,East
BP-11050,Barry Pond,8,319.92,0.0,118.37,0,5,182.0,Corporate,Technology,East
BP-11050,Barry Pond,5,1.8,0.8,-2.88,0,5,182.0,Corporate,Office Supplies,Central
BP-11050,Barry Pond,5,13.9,0.0,3.75,0,5,182.0,Corporate,Office Supplies,West
BP-11050,Barry Pond,5,19.4,0.0,9.31,0,5,182.0,Corporate,Office Supplies,West
BP-11050,Barry Pond,1,42.76,0.0,11.12,0,5,182.0,Corporate,Office Supplies,East
BP-11095,Bart Pistole,3,12.46,0.8,-20.56,0,12,67.63,Corporate,Office Supplies,Central
BP-11095,Bart Pistole,2,88.77,0.2,31.07,0,12,67.63,Corporate,Office Supplies,South
BP-11095,Bart Pistole,4,5.92,0.0,2.84,0,12,67.63,Corporate,Office Supplies,East
BP-11095,Bart Pistole,3,30.18,0.0,13.88,0,12,67.63,Corporate,Office Supplies,East
BP-11095,Bart Pistole,2,14.62,0.0,6.87,0,12,67.63,Corporate,Office Supplies,West
BP-11095,Bart Pistole,5,22.55,0.0,8.79,0,12,67.63,Corporate,Office Supplies,West
BP-11095,Bart Pistole,5,583.8,0.2,72.97,0,12,67.63,Corporate,Technology,West
BP-11095,Bart Pistole,4,211.17,0.2,15.84,0,12,67.63,Corporate,Technology,West
BP-11095,Bart Pistole,4,33.36,0.0,16.68,0,12,67.63,Corporate,Office Supplies,West
BP-11095,Bart Pistole,3,9.14,0.2,3.09,0,12,67.63,Corporate,Office Supplies,West
BP-11095,Bart Pistole,6,23.14,0.2,8.39,0,12,67.63,Corporate,Office Supplies,West
BP-11095,Bart Pistole,5,99.2,0.0,25.79,0,12,67.63,Corporate,Office Supplies,West
BP-11095,Bart Pistole,4,43.92,0.0,11.86,0,12,67.63,Corporate,Office Supplies,West
BP-11095,Bart Pistole,3,25.03,0.2,7.82,0,12,67.63,Corporate,Office Supplies,West
BP-11095,Bart Pistole,3,9.43,0.2,3.07,0,12,67.63,Corporate,Office Supplies,West
BP-11095,Bart Pistole,3,15.57,0.7,-11.94,0,12,67.63,Corporate,Office Supplies,South
BP-11095,Bart Pistole,2,391.98,0.0,109.75,0,12,67.63,Corporate,Technology,East
BP-11095,Bart Pistole,3,437.85,0.0,131.35,0,12,67.63,Corporate,Technology,East
BP-11095,Bart Pistole,3,95.98,0.2,-10.8,0,12,67.63,Corporate,Technology,Central
BP-11095,Bart Pistole,3,287.98,0.2,7.2,0,12,67.63,Corporate,Furniture,East
BP-11155,Becky Pak,2,119.98,0.0,35.99,0,6,85.1,Consumer,Technology,West
BP-11155,Becky Pak,3,989.97,0.0,395.99,0,6,85.1,Consumer,Technology,West
BP-11155,Becky Pak,2,121.96,0.0,20.73,0,6,85.1,Consumer,Furniture,East
BP-11155,Becky Pak,2,8.74,0.0,2.27,0,6,85.1,Consumer,Office Supplies,East
BP-11155,Becky Pak,2,61.96,0.0,27.88,0,6,85.1,Consumer,Office Supplies,East
BP-11155,Becky Pak,2,7.96,0.0,3.74,0,6,85.1,Consumer,Office Supplies,East
BP-11155,Becky Pak,4,275.24,0.0,121.11,0,6,85.1,Consumer,Office Supplies,East
BP-11155,Becky Pak,3,38.38,0.2,13.43,0,6,85.1,Consumer,Office Supplies,West
BP-11155,Becky Pak,5,5.72,0.7,-4.76,0,6,85.1,Consumer,Office Supplies,East
BP-11155,Becky Pak,3,18.84,0.0,7.91,0,6,85.1,Consumer,Furniture,South
BP-11155,Becky Pak,4,49.12,0.0,23.09,0,6,85.1,Consumer,Office Supplies,East
BP-11185,Ben Peterman,2,6.99,0.2,0.52,0,9,59.47,Corporate,Office Supplies,South
BP-11185,Ben Peterman,5,1099.96,0.2,82.5,0,9,59.47,Corporate,Technology,Central
BP-11185,Ben Peterman,1,103.48,0.3,-16.26,0,9,59.47,Corporate,Furniture,Central
BP-11185,Ben Peterman,1,4.67,0.2,0.58,0,9,59.47,Corporate,Office Supplies,East
BP-11185,Ben Peterman,6,104.58,0.7,-80.18,0,9,59.47,Corporate,Office Supplies,East
BP-11185,Ben Peterman,4,15.14,0.2,3.59,0,9,59.47,Corporate,Furniture,West
BP-11185,Ben Peterman,2,466.77,0.2,52.51,0,9,59.47,Corporate,Furniture,West
BP-11185,Ben Peterman,1,15.23,0.2,1.71,0,9,59.47,Corporate,Furniture,West
BP-11185,Ben Peterman,3,6.26,0.2,2.04,0,9,59.47,Corporate,Office Supplies,West
BP-11185,Ben Peterman,2,141.37,0.3,-14.14,0,9,59.47,Corporate,Furniture,Central
BP-11185,Ben Peterman,3,12.67,0.2,3.96,0,9,59.47,Corporate,Office Supplies,East
BP-11185,Ben Peterman,14,1119.89,0.2,209.98,0,9,59.47,Corporate,Technology,East
BP-11185,Ben Peterman,4,19.94,0.2,7.23,0,9,59.47,Corporate,Office Supplies,West
BP-11185,Ben Peterman,2,65.57,0.2,22.95,0,9,59.47,Corporate,Office Supplies,West
BP-11185,Ben Peterman,3,49.08,0.0,4.91,0,9,59.47,Corporate,Technology,West
BP-11185,Ben Peterman,5,324.9,0.0,38.99,0,9,59.47,Corporate,Office Supplies,West
BP-11185,Ben Peterman,3,18.24,0.0,5.29,0,9,59.47,Corporate,Office Supplies,West
BP-11185,Ben Peterman,8,101.12,0.0,37.41,0,9,59.47,Corporate,Furniture,West
BP-11230,Benjamin Patterson,4,59.92,0.0,27.56,0,5,262.2,Consumer,Furniture,West
BP-11230,Benjamin Patterson,5,1022.97,0.4,-255.74,0,5,262.2,Consumer,Technology,East
BP-11230,Benjamin Patterson,1,6.38,0.0,2.93,0,5,262.2,Consumer,Office Supplies,Central
BP-11230,Benjamin Patterson,1,6.48,0.0,3.11,0,5,262.2,Consumer,Office Supplies,Central
BP-11230,Benjamin Patterson,2,14.76,0.0,4.28,0,5,262.2,Consumer,Furniture,West
BP-11230,Benjamin Patterson,1,70.98,0.0,20.58,0,5,262.2,Consumer,Furniture,West
BP-11290,Beth Paige,3,258.28,0.3,-70.1,0,7,78.13,Consumer,Furniture,Central
BP-11290,Beth Paige,7,638.29,0.2,-31.91,0,7,78.13,Consumer,Furniture,West
BP-11290,Beth Paige,1,13.21,0.2,4.62,0,7,78.13,Consumer,Office Supplies,West
BP-11290,Beth Paige,3,32.06,0.6,-12.83,0,7,78.13,Consumer,Furniture,Central
BP-11290,Beth Paige,4,18.5,0.2,6.7,0,7,78.13,Consumer,Office Supplies,Central
BP-11290,Beth Paige,3,191.08,0.3,-38.22,0,7,78.13,Consumer,Furniture,Central
BP-11290,Beth Paige,2,10.37,0.2,3.63,0,7,78.13,Consumer,Office Supplies,Central
BP-11290,Beth Paige,3,6.26,0.2,2.04,0,7,78.13,Consumer,Office Supplies,South
BP-11290,Beth Paige,5,363.92,0.2,0.0,0,7,78.13,Consumer,Furniture,South
BP-11290,Beth Paige,3,274.49,0.7,-228.74,0,7,78.13,Consumer,Office Supplies,East
BP-11290,Beth Paige,2,364.08,0.2,9.1,0,7,78.13,Consumer,Furniture,West
BP-11290,Beth Paige,2,71.09,0.2,-1.78,0,7,78.13,Consumer,Furniture,West
BP-11290,Beth Paige,3,7.24,0.7,-6.03,0,7,78.13,Consumer,Office Supplies,East
BP-11290,Beth Paige,3,4.82,0.2,1.75,0,7,78.13,Consumer,Office Supplies,East
BP-11290,Beth Paige,5,91.36,0.2,29.69,0,7,78.13,Consumer,Office Supplies,East
BP-11290,Beth Paige,2,130.11,0.2,13.01,0,7,78.13,Consumer,Office Supplies,East
BS-11365,Bill Shonely,7,12.18,0.0,3.9,0,5,97.25,Corporate,Furniture,West
BS-11365,Bill Shonely,4,57.68,0.0,19.03,0,5,97.25,Corporate,Office Supplies,West
BS-11365,Bill Shonely,3,344.91,0.0,10.35,0,5,97.25,Corporate,Office Supplies,South
BS-11365,Bill Shonely,7,887.1,0.1,177.42,0,5,97.25,Corporate,Furniture,East
BS-11365,Bill Shonely,7,9099.93,0.0,2365.98,0,5,97.25,Corporate,Technology,East
BS-11365,Bill Shonely,2,9.96,0.0,3.29,0,5,97.25,Corporate,Furniture,East
BS-11365,Bill Shonely,5,25.3,0.0,11.89,0,5,97.25,Corporate,Office Supplies,East
BS-11365,Bill Shonely,1,6.9,0.0,0.55,0,5,97.25,Corporate,Technology,Central
BS-11365,Bill Shonely,3,57.69,0.0,23.65,0,5,97.25,Corporate,Furniture,Central
BS-11380,Bill Stewart,2,12.62,0.2,3.94,0,5,91.58,Corporate,Office Supplies,Central
BS-11380,Bill Stewart,6,590.35,0.2,206.62,0,5,91.58,Corporate,Office Supplies,East
BS-11380,Bill Stewart,3,242.94,0.0,9.72,0,5,91.58,Corporate,Office Supplies,West
BS-11380,Bill Stewart,3,899.98,0.4,75.0,0,5,91.58,Corporate,Technology,East
BS-11380,Bill Stewart,3,86.35,0.2,5.4,0,5,91.58,Corporate,Office Supplies,East
BS-11380,Bill Stewart,5,139.96,0.2,-1.75,0,5,91.58,Corporate,Technology,East
BS-11380,Bill Stewart,1,114.29,0.2,12.86,0,5,91.58,Corporate,Office Supplies,West
BS-11380,Bill Stewart,8,36.62,0.7,-24.42,0,5,91.58,Corporate,Office Supplies,West
BS-11380,Bill Stewart,8,242.35,0.7,-363.53,0,5,91.58,Corporate,Furniture,West
BS-11380,Bill Stewart,2,49.62,0.2,4.96,0,5,91.58,Corporate,Technology,West
BS-11380,Bill Stewart,6,508.7,0.2,0.0,0,5,91.58,Corporate,Furniture,West
BS-11380,Bill Stewart,6,57.36,0.2,-14.34,0,5,91.58,Corporate,Technology,West
BS-11380,Bill Stewart,5,906.68,0.2,68.0,0,5,91.58,Corporate,Furniture,West
BS-11590,Brendan Sweed,4,61.96,0.5,-53.29,0,6,156.78,Corporate,Furniture,East
BS-11590,Brendan Sweed,4,6.53,0.7,-4.57,0,6,156.78,Corporate,Office Supplies,East
BS-11590,Brendan Sweed,3,2.86,0.7,-2.29,0,6,156.78,Corporate,Office Supplies,East
BS-11590,Brendan Sweed,8,20.86,0.7,-16.68,0,6,156.78,Corporate,Office Supplies,East
BS-11590,Brendan Sweed,8,1113.02,0.2,111.3,0,6,156.78,Corporate,Office Supplies,West
BS-11590,Brendan Sweed,4,167.97,0.2,62.99,0,6,156.78,Corporate,Technology,West
BS-11590,Brendan Sweed,1,8.39,0.0,2.1,0,6,156.78,Corporate,Office Supplies,East
BS-11590,Brendan Sweed,2,337.98,0.0,101.39,0,6,156.78,Corporate,Technology,East
BS-11590,Brendan Sweed,5,33.4,0.0,12.36,0,6,156.78,Corporate,Office Supplies,Central
BS-11590,Brendan Sweed,2,701.96,0.0,168.47,0,6,156.78,Corporate,Furniture,South
BS-11665,Brian Stugart,3,86.38,0.2,1.08,0,3,70.4,Consumer,Technology,East
BS-11665,Brian Stugart,4,415.97,0.2,52.0,0,3,70.4,Consumer,Technology,West
BS-11665,Brian Stugart,5,304.9,0.0,6.1,0,3,70.4,Consumer,Office Supplies,West
BS-11665,Brian Stugart,4,80.96,0.0,29.15,0,3,70.4,Consumer,Furniture,West
BS-11665,Brian Stugart,7,777.21,0.0,54.4,0,3,70.4,Consumer,Office Supplies,West
BS-11665,Brian Stugart,5,32.4,0.0,15.55,0,3,70.4,Consumer,Office Supplies,West
BS-11665,Brian Stugart,2,225.57,0.2,2.82,0,3,70.4,Consumer,Furniture,West
BS-11665,Brian Stugart,3,36.6,0.0,15.37,0,3,70.4,Consumer,Furniture,West
BS-11665,Brian Stugart,3,25.18,0.6,-33.36,0,3,70.4,Consumer,Furniture,Central
BS-11665,Brian Stugart,2,5.58,0.6,-1.68,0,3,70.4,Consumer,Furniture,Central
BS-11665,Brian Stugart,9,1297.37,0.2,97.3,0,3,70.4,Consumer,Office Supplies,Central
BS-11755,Bruce Stewart,2,779.8,0.4,-168.96,0,7,101.62,Consumer,Technology,East
BS-11755,Bruce Stewart,2,218.75,0.5,-161.88,0,7,101.62,Consumer,Furniture,West
BS-11755,Bruce Stewart,1,2.6,0.2,0.29,0,7,101.62,Consumer,Office Supplies,West
BS-11755,Bruce Stewart,2,120.67,0.15,18.45,0,7,101.62,Consumer,Furniture,West
BS-11755,Bruce Stewart,4,33.36,0.0,16.68,0,7,101.62,Consumer,Office Supplies,Central
BS-11755,Bruce Stewart,2,13.76,0.0,6.33,0,7,101.62,Consumer,Office Supplies,Central
BS-11755,Bruce Stewart,7,496.86,0.0,24.84,0,7,101.62,Consumer,Office Supplies,Central
BS-11755,Bruce Stewart,3,389.97,0.0,35.1,0,7,101.62,Consumer,Furniture,Central
BS-11755,Bruce Stewart,4,195.1,0.2,21.95,0,7,101.62,Consumer,Office Supplies,East
BS-11755,Bruce Stewart,3,36.67,0.2,6.42,0,7,101.62,Consumer,Furniture,East
BS-11755,Bruce Stewart,6,25.82,0.2,9.04,0,7,101.62,Consumer,Office Supplies,West
BS-11755,Bruce Stewart,2,160.96,0.0,48.29,0,7,101.62,Consumer,Office Supplies,West
BS-11755,Bruce Stewart,5,19.6,0.0,9.6,0,7,101.62,Consumer,Office Supplies,West
BS-11755,Bruce Stewart,2,68.46,0.0,20.54,0,7,101.62,Consumer,Furniture,West
BS-11800,Bryan Spruell,3,64.17,0.0,18.61,0,2,80.14,Home Office,Office Supplies,West
BS-11800,Bryan Spruell,2,124.46,0.0,58.5,0,2,80.14,Home Office,Office Supplies,West
BS-11800,Bryan Spruell,2,9.82,0.0,4.81,0,2,80.14,Home Office,Office Supplies,East
BS-11800,Bryan Spruell,3,35.97,0.0,9.71,0,2,80.14,Home Office,Office Supplies,East
BS-11800,Bryan Spruell,2,12.96,0.0,6.22,0,2,80.14,Home Office,Office Supplies,East
BS-11800,Bryan Spruell,4,191.6,0.0,91.97,0,2,80.14,Home Office,Office Supplies,East
BS-11800,Bryan Spruell,3,8.64,0.0,4.23,0,2,80.14,Home Office,Office Supplies,East
BS-11800,Bryan Spruell,3,501.81,0.0,0.0,0,2,80.14,Home Office,Office Supplies,East
BT-11305,Beth Thompson,5,303.25,0.0,63.68,0,5,126.12,Home Office,Furniture,West
BT-11305,Beth Thompson,3,270.72,0.0,78.51,0,5,126.12,Home Office,Office Supplies,West
BT-11305,Beth Thompson,5,1487.04,0.2,148.7,0,5,126.12,Home Office,Furniture,West
BT-11305,Beth Thompson,2,6.1,0.2,2.13,0,5,126.12,Home Office,Office Supplies,West
BT-11305,Beth Thompson,3,191.82,0.0,74.81,0,5,126.12,Home Office,Furniture,West
BT-11305,Beth Thompson,5,13.9,0.0,5.56,0,5,126.12,Home Office,Office Supplies,West
BT-11305,Beth Thompson,4,17.12,0.0,4.96,0,5,126.12,Home Office,Office Supplies,Central
BT-11305,Beth Thompson,3,239.97,0.0,26.4,0,5,126.12,Home Office,Technology,West
BT-11305,Beth Thompson,3,37.74,0.0,12.83,0,5,126.12,Home Office,Furniture,West
BT-11395,Bill Tyler,2,257.98,0.0,74.81,0,6,95.22,Corporate,Technology,Central
BT-11395,Bill Tyler,3,4.42,0.7,-3.39,0,6,95.22,Corporate,Office Supplies,East
BT-11395,Bill Tyler,6,16.03,0.2,2.2,0,6,95.22,Corporate,Office Supplies,East
BT-11395,Bill Tyler,2,37.68,0.0,15.83,0,6,95.22,Corporate,Furniture,West
BT-11395,Bill Tyler,2,258.58,0.2,19.39,0,6,95.22,Corporate,Technology,West
BT-11395,Bill Tyler,2,75.84,0.0,29.58,0,6,95.22,Corporate,Office Supplies,West
BT-11395,Bill Tyler,4,19.92,0.0,9.36,0,6,95.22,Corporate,Office Supplies,Central
BT-11395,Bill Tyler,9,1106.91,0.0,121.76,0,6,95.22,Corporate,Furniture,Central
BT-11395,Bill Tyler,1,9.58,0.2,3.35,0,6,95.22,Corporate,Office Supplies,West
BT-11395,Bill Tyler,7,399.67,0.2,-14.99,0,6,95.22,Corporate,Furniture,West
BT-11440,Bobby Trafton,2,56.96,0.0,21.08,0,4,124.17,Consumer,Furniture,East
BT-11440,Bobby Trafton,4,15.56,0.0,4.05,0,4,124.17,Consumer,Office Supplies,East
BT-11440,Bobby Trafton,2,353.57,0.2,-44.2,0,4,124.17,Consumer,Furniture,East
BT-11440,Bobby Trafton,2,13.96,0.0,6.7,0,4,124.17,Consumer,Furniture,East
BT-11440,Bobby Trafton,3,14.67,0.0,6.75,0,4,124.17,Consumer,Office Supplies,Central
BT-11440,Bobby Trafton,1,72.29,0.7,-98.8,0,4,124.17,Consumer,Furniture,West
BT-11440,Bobby Trafton,2,76.86,0.2,26.9,0,4,124.17,Consumer,Office Supplies,Central
BT-11485,Brad Thomas,5,28.9,0.0,14.16,0,2,37.5,Home Office,Office Supplies,East
BT-11485,Brad Thomas,2,355.96,0.0,103.23,0,2,37.5,Home Office,Office Supplies,East
BT-11485,Brad Thomas,4,30.34,0.2,9.48,0,2,37.5,Home Office,Furniture,East
BT-11530,Bradley Talbott,8,31.84,0.0,10.51,0,5,136.44,Home Office,Office Supplies,West
BT-11530,Bradley Talbott,4,216.4,0.0,56.26,0,5,136.44,Home Office,Office Supplies,East
BT-11530,Bradley Talbott,4,110.38,0.4,-20.24,0,5,136.44,Home Office,Technology,East
BT-11530,Bradley Talbott,3,55.18,0.2,15.86,0,5,136.44,Home Office,Technology,East
BT-11530,Bradley Talbott,4,81.92,0.0,22.12,0,5,136.44,Home Office,Office Supplies,West
BT-11530,Bradley Talbott,8,889.54,0.2,66.72,0,5,136.44,Home Office,Technology,West
BT-11530,Bradley Talbott,3,892.22,0.2,89.22,0,5,136.44,Home Office,Furniture,West
BT-11530,Bradley Talbott,4,223.92,0.0,109.72,0,5,136.44,Home Office,Office Supplies,West
BT-11530,Bradley Talbott,4,23.12,0.0,11.33,0,5,136.44,Home Office,Office Supplies,West
BT-11530,Bradley Talbott,2,159.98,0.0,47.99,0,5,136.44,Home Office,Technology,West
BT-11680,Brian Thompson,5,998.85,0.4,-199.77,0,7,58.32,Consumer,Technology,Central
BT-11680,Brian Thompson,4,15.8,0.0,5.06,0,7,58.32,Consumer,Office Supplies,East
BT-11680,Brian Thompson,3,464.97,0.0,209.24,0,7,58.32,Consumer,Technology,East
BT-11680,Brian Thompson,2,181.96,0.0,20.02,0,7,58.32,Consumer,Furniture,East
BT-11680,Brian Thompson,3,12.39,0.0,5.7,0,7,58.32,Consumer,Office Supplies,East
BT-11680,Brian Thompson,3,84.09,0.0,42.04,0,7,58.32,Consumer,Office Supplies,East
BT-11680,Brian Thompson,4,79.36,0.0,32.54,0,7,58.32,Consumer,Office Supplies,East
BT-11680,Brian Thompson,9,153.36,0.0,70.55,0,7,58.32,Consumer,Office Supplies,East
BT-11680,Brian Thompson,6,43.68,0.0,21.4,0,7,58.32,Consumer,Office Supplies,East
BT-11680,Brian Thompson,7,98.21,0.0,28.48,0,7,58.32,Consumer,Office Supplies,East
BT-11680,Brian Thompson,2,3.44,0.2,0.56,0,7,58.32,Consumer,Office Supplies,Central
BT-11680,Brian Thompson,3,113.76,0.0,44.37,0,7,58.32,Consumer,Office Supplies,West
BT-11680,Brian Thompson,3,579.51,0.0,81.13,0,7,58.32,Consumer,Office Supplies,West
BT-11680,Brian Thompson,9,150.66,0.0,6.03,0,7,58.32,Consumer,Office Supplies,West
BT-11680,Brian Thompson,4,48.03,0.2,15.61,0,7,58.32,Consumer,Office Supplies,West
BT-11680,Brian Thompson,3,15.48,0.0,4.49,0,7,58.32,Consumer,Office Supplies,East
BT-11680,Brian Thompson,8,51.84,0.0,24.88,0,7,58.32,Consumer,Office Supplies,East
BT-11680,Brian Thompson,5,77.6,0.2,28.13,0,7,58.32,Consumer,Furniture,East
BT-11680,Brian Thompson,2,4.66,0.2,1.57,0,7,58.32,Consumer,Furniture,East
BT-11680,Brian Thompson,3,19.1,0.2,5.73,0,7,58.32,Consumer,Furniture,South
BV-11245,Benjamin Venier,3,74.35,0.2,23.23,0,5,52.0,Corporate,Office Supplies,South
BV-11245,Benjamin Venier,3,6.13,0.7,-4.49,0,5,52.0,Corporate,Office Supplies,South
BV-11245,Benjamin Venier,4,643.14,0.2,56.27,0,5,52.0,Corporate,Furniture,South
BV-11245,Benjamin Venier,4,20.74,0.2,7.26,0,5,52.0,Corporate,Office Supplies,South
BV-11245,Benjamin Venier,5,68.95,0.0,28.96,0,5,52.0,Corporate,Furniture,East
BV-11245,Benjamin Venier,3,296.37,0.0,80.02,0,5,52.0,Corporate,Office Supplies,East
BV-11245,Benjamin Venier,2,39.98,0.0,2.0,0,5,52.0,Corporate,Technology,East
BV-11245,Benjamin Venier,5,33.4,0.0,16.03,0,5,52.0,Corporate,Office Supplies,West
BV-11245,Benjamin Venier,2,18.28,0.0,9.14,0,5,52.0,Corporate,Office Supplies,Central
BV-11245,Benjamin Venier,3,207.0,0.0,51.75,0,5,52.0,Corporate,Technology,Central
BV-11245,Benjamin Venier,5,32.35,0.0,16.18,0,5,52.0,Corporate,Office Supplies,Central
BV-11245,Benjamin Venier,1,7.71,0.0,3.47,0,5,52.0,Corporate,Office Supplies,Central
BV-11245,Benjamin Venier,2,40.3,0.0,10.88,0,5,52.0,Corporate,Office Supplies,Central
BV-11245,Benjamin Venier,7,34.58,0.0,14.52,0,5,52.0,Corporate,Furniture,Central
BW-11065,Barry Weirich,2,14.62,0.0,6.73,0,3,551.5,Consumer,Office Supplies,East
BW-11065,Barry Weirich,3,46.15,0.2,12.11,0,3,551.5,Consumer,Furniture,South
BW-11065,Barry Weirich,3,324.74,0.2,-77.13,0,3,551.5,Consumer,Office Supplies,East
BW-11110,Bart Watters,8,51.84,0.0,24.88,0,8,55.94,Corporate,Office Supplies,Central
BW-11110,Bart Watters,3,63.94,0.2,6.39,0,8,55.94,Corporate,Furniture,West
BW-11110,Bart Watters,3,59.52,0.0,15.48,0,8,55.94,Corporate,Office Supplies,West
BW-11110,Bart Watters,3,311.98,0.2,39.0,0,8,55.94,Corporate,Technology,West
BW-11110,Bart Watters,3,50.35,0.2,17.62,0,8,55.94,Corporate,Office Supplies,West
BW-11110,Bart Watters,8,51.71,0.6,-32.32,0,8,55.94,Corporate,Furniture,Central
BW-11110,Bart Watters,5,34.7,0.0,12.49,0,8,55.94,Corporate,Office Supplies,East
BW-11110,Bart Watters,3,99.87,0.0,23.97,0,8,55.94,Corporate,Office Supplies,East
BW-11110,Bart Watters,2,37.94,0.0,18.21,0,8,55.94,Corporate,Office Supplies,East
BW-11110,Bart Watters,5,24.9,0.0,11.45,0,8,55.94,Corporate,Office Supplies,East
BW-11110,Bart Watters,3,82.26,0.0,33.73,0,8,55.94,Corporate,Furniture,East
BW-11110,Bart Watters,9,62.82,0.0,29.53,0,8,55.94,Corporate,Office Supplies,East
BW-11110,Bart Watters,2,3059.98,0.1,680.0,0,8,55.94,Corporate,Technology,Central
BW-11110,Bart Watters,3,27.19,0.2,0.34,0,8,55.94,Corporate,Technology,South
BW-11110,Bart Watters,5,12.06,0.7,-10.05,0,8,55.94,Corporate,Office Supplies,South
BW-11110,Bart Watters,2,569.57,0.2,7.12,0,8,55.94,Corporate,Furniture,West
BW-11110,Bart Watters,7,149.73,0.0,43.42,0,8,55.94,Corporate,Office Supplies,West
BW-11200,Ben Wallace,8,806.34,0.2,50.4,0,6,114.78,Consumer,Technology,West
BW-11200,Ben Wallace,3,85.44,0.0,31.61,0,6,114.78,Consumer,Furniture,West
BW-11200,Ben Wallace,3,15.55,0.2,5.44,0,6,114.78,Consumer,Office Supplies,South
BW-11200,Ben Wallace,1,290.98,0.0,75.65,0,6,114.78,Consumer,Furniture,South
BW-11200,Ben Wallace,14,427.64,0.1,80.78,0,6,114.78,Consumer,Furniture,East
BW-11200,Ben Wallace,7,40.67,0.0,12.61,0,6,114.78,Consumer,Office Supplies,East
BW-11200,Ben Wallace,2,33.48,0.0,1.34,0,6,114.78,Consumer,Office Supplies,East
BW-11200,Ben Wallace,2,9.73,0.2,3.28,0,6,114.78,Consumer,Office Supplies,East
BW-11200,Ben Wallace,4,12.18,0.8,-18.87,0,6,114.78,Consumer,Office Supplies,Central
BW-11200,Ben Wallace,5,16.4,0.0,4.76,0,6,114.78,Consumer,Office Supplies,West
CA-11965,Carol Adams,2,10.68,0.0,5.02,0,6,148.67,Corporate,Office Supplies,Central
CA-11965,Carol Adams,2,141.96,0.0,39.75,0,6,148.67,Corporate,Furniture,Central
CA-11965,Carol Adams,3,892.22,0.2,89.22,0,6,148.67,Corporate,Furniture,West
CA-11965,Carol Adams,2,246.13,0.32,-76.01,0,6,148.67,Corporate,Furniture,Central
CA-11965,Carol Adams,2,11.7,0.2,3.95,0,6,148.67,Corporate,Office Supplies,Central
CA-11965,Carol Adams,1,439.99,0.2,165.0,0,6,148.67,Corporate,Technology,Central
CA-11965,Carol Adams,4,1999.96,0.0,899.98,0,6,148.67,Corporate,Technology,East
CA-11965,Carol Adams,7,15.47,0.0,4.18,0,6,148.67,Corporate,Office Supplies,South
CA-11965,Carol Adams,2,7.16,0.0,3.44,0,6,148.67,Corporate,Office Supplies,South
CA-11965,Carol Adams,4,24.45,0.2,8.86,0,6,148.67,Corporate,Office Supplies,East
CA-12055,Cathy Armstrong,5,16.27,0.8,-25.22,0,5,49.56,Home Office,Office Supplies,Central
CA-12055,Cathy Armstrong,9,69.12,0.2,-14.69,0,5,49.56,Home Office,Office Supplies,Central
CA-12055,Cathy Armstrong,3,4.47,0.8,-7.82,0,5,49.56,Home Office,Office Supplies,Central
CA-12055,Cathy Armstrong,3,258.7,0.2,64.67,0,5,49.56,Home Office,Technology,Central
CA-12055,Cathy Armstrong,2,513.02,0.2,12.83,0,5,49.56,Home Office,Furniture,West
CA-12055,Cathy Armstrong,6,487.92,0.0,136.62,0,5,49.56,Home Office,Office Supplies,West
CA-12055,Cathy Armstrong,5,15.24,0.2,5.33,0,5,49.56,Home Office,Office Supplies,West
CA-12055,Cathy Armstrong,8,134.27,0.2,47.0,0,5,49.56,Home Office,Office Supplies,East
CA-12055,Cathy Armstrong,3,40.75,0.2,15.28,0,5,49.56,Home Office,Office Supplies,East
CA-12055,Cathy Armstrong,5,139.96,0.2,-22.74,0,5,49.56,Home Office,Technology,East
CA-12265,Christina Anderson,2,6.56,0.0,1.9,0,9,82.5,Consumer,Office Supplies,West
CA-12265,Christina Anderson,2,14.88,0.0,3.72,0,9,82.5,Consumer,Office Supplies,West
CA-12265,Christina Anderson,4,45.48,0.0,15.92,0,9,82.5,Consumer,Technology,West
CA-12265,Christina Anderson,6,25.44,0.0,9.92,0,9,82.5,Consumer,Office Supplies,West
CA-12265,Christina Anderson,5,8.69,0.8,-14.77,0,9,82.5,Consumer,Office Supplies,Central
CA-12265,Christina Anderson,5,912.75,0.0,118.66,0,9,82.5,Consumer,Furniture,West
CA-12265,Christina Anderson,4,100.0,0.0,21.0,0,9,82.5,Consumer,Technology,South
CA-12265,Christina Anderson,3,7.83,0.0,3.6,0,9,82.5,Consumer,Office Supplies,South
CA-12265,Christina Anderson,9,545.85,0.0,114.63,0,9,82.5,Consumer,Furniture,West
CA-12265,Christina Anderson,2,391.98,0.0,113.67,0,9,82.5,Consumer,Technology,East
CA-12265,Christina Anderson,2,9.96,0.0,4.68,0,9,82.5,Consumer,Office Supplies,East
CA-12265,Christina Anderson,2,2.07,0.8,-3.52,0,9,82.5,Consumer,Office Supplies,Central
CA-12265,Christina Anderson,3,328.4,0.32,-91.76,0,9,82.5,Consumer,Furniture,Central
CA-12265,Christina Anderson,3,95.98,0.2,15.6,0,9,82.5,Consumer,Technology,South
CA-12265,Christina Anderson,9,143.93,0.2,-32.38,0,9,82.5,Consumer,Technology,South
CA-12265,Christina Anderson,2,3.56,0.7,-2.97,0,9,82.5,Consumer,Office Supplies,South
CA-12265,Christina Anderson,2,4.93,0.2,1.72,0,9,82.5,Consumer,Office Supplies,South
CA-12310,Christine Abelman,2,359.98,0.0,93.59,0,4,124.7,Corporate,Technology,East
CA-12310,Christine Abelman,1,70.56,0.3,-4.03,0,4,124.7,Corporate,Furniture,East
CA-12310,Christine Abelman,2,20.88,0.0,9.6,0,4,124.7,Corporate,Office Supplies,East
CA-12310,Christine Abelman,1,3.81,0.0,1.83,0,4,124.7,Corporate,Office Supplies,East
CA-12310,Christine Abelman,2,30.08,0.2,-5.26,0,4,124.7,Corporate,Technology,Central
CA-12310,Christine Abelman,3,165.6,0.2,-6.21,0,4,124.7,Corporate,Technology,Central
CA-12310,Christine Abelman,5,180.96,0.2,13.57,0,4,124.7,Corporate,Technology,Central
CA-12310,Christine Abelman,1,37.21,0.2,-7.44,0,4,124.7,Corporate,Office Supplies,East
CA-12310,Christine Abelman,3,57.58,0.2,21.59,0,4,124.7,Corporate,Office Supplies,East
CA-12310,Christine Abelman,4,481.32,0.0,125.14,0,4,124.7,Corporate,Office Supplies,West
CA-12310,Christine Abelman,1,13.98,0.0,3.63,0,4,124.7,Corporate,Office Supplies,West
CA-12775,Cynthia Arntzen,8,41.47,0.2,14.52,0,7,72.56,Consumer,Office Supplies,East
CA-12775,Cynthia Arntzen,3,3.17,0.7,-2.43,0,7,72.56,Consumer,Office Supplies,East
CA-12775,Cynthia Arntzen,5,1228.46,0.3,0.0,0,7,72.56,Consumer,Furniture,East
CA-12775,Cynthia Arntzen,3,31.09,0.7,-22.8,0,7,72.56,Consumer,Office Supplies,East
CA-12775,Cynthia Arntzen,4,335.52,0.2,117.43,0,7,72.56,Consumer,Office Supplies,East
CA-12775,Cynthia Arntzen,5,13.0,0.2,1.3,0,7,72.56,Consumer,Office Supplies,South
CA-12775,Cynthia Arntzen,3,13.13,0.2,3.77,0,7,72.56,Consumer,Furniture,South
CA-12775,Cynthia Arntzen,3,393.16,0.5,-204.45,0,7,72.56,Consumer,Furniture,West
CA-12775,Cynthia Arntzen,11,175.23,0.0,61.33,0,7,72.56,Consumer,Technology,Central
CA-12775,Cynthia Arntzen,1,125.99,0.0,31.5,0,7,72.56,Consumer,Technology,Central
CA-12775,Cynthia Arntzen,2,23.0,0.0,10.35,0,7,72.56,Consumer,Office Supplies,Central
CA-12775,Cynthia Arntzen,3,6.67,0.2,1.67,0,7,72.56,Consumer,Office Supplies,South
CA-12775,Cynthia Arntzen,5,42.85,0.0,15.43,0,7,72.56,Consumer,Furniture,East
CA-12775,Cynthia Arntzen,2,6.16,0.0,2.96,0,7,72.56,Consumer,Office Supplies,East
CA-12775,Cynthia Arntzen,2,17.0,0.0,4.42,0,7,72.56,Consumer,Office Supplies,East
CA-12775,Cynthia Arntzen,5,87.4,0.0,34.96,0,7,72.56,Consumer,Technology,East
CA-12775,Cynthia Arntzen,7,498.26,0.0,134.53,0,7,72.56,Consumer,Furniture,Central
CB-12025,Cassandra Brandow,2,7.41,0.2,1.2,0,10,53.32,Consumer,Office Supplies,East
CB-12025,Cassandra Brandow,3,6.05,0.2,1.59,0,10,53.32,Consumer,Office Supplies,East
CB-12025,Cassandra Brandow,3,7.08,0.2,2.48,0,10,53.32,Consumer,Office Supplies,Central
CB-12025,Cassandra Brandow,7,999.43,0.2,124.93,0,10,53.32,Consumer,Office Supplies,Central
CB-12025,Cassandra Brandow,14,724.08,0.2,-135.77,0,10,53.32,Consumer,Office Supplies,Central
CB-12025,Cassandra Brandow,5,918.78,0.3,-118.13,0,10,53.32,Consumer,Furniture,Central
CB-12025,Cassandra Brandow,3,2.72,0.8,-4.22,0,10,53.32,Consumer,Office Supplies,Central
CB-12025,Cassandra Brandow,5,892.35,0.0,267.7,0,10,53.32,Consumer,Office Supplies,West
CB-12025,Cassandra Brandow,2,307.67,0.15,28.96,0,10,53.32,Consumer,Furniture,West
CB-12025,Cassandra Brandow,9,728.82,0.0,29.15,0,10,53.32,Consumer,Office Supplies,West
CB-12025,Cassandra Brandow,5,41.36,0.2,13.96,0,10,53.32,Consumer,Office Supplies,West
CB-12025,Cassandra Brandow,3,43.18,0.2,15.11,0,10,53.32,Consumer,Technology,West
CB-12025,Cassandra Brandow,2,4.16,0.0,1.75,0,10,53.32,Consumer,Furniture,West
CB-12025,Cassandra Brandow,4,25.92,0.0,12.44,0,10,53.32,Consumer,Office Supplies,East
CB-12025,Cassandra Brandow,3,34.65,0.0,9.7,0,10,53.32,Consumer,Office Supplies,East
CB-12025,Cassandra Brandow,5,204.95,0.0,100.43,0,10,53.32,Consumer,Office Supplies,East
CB-12025,Cassandra Brandow,5,79.95,0.0,38.38,0,10,53.32,Consumer,Office Supplies,East
CB-12025,Cassandra Brandow,4,243.99,0.8,-426.99,0,10,53.32,Consumer,Office Supplies,Central
CB-12025,Cassandra Brandow,5,7.12,0.2,0.71,0,10,53.32,Consumer,Office Supplies,Central
CB-12025,Cassandra Brandow,5,29.24,0.2,9.87,0,10,53.32,Consumer,Office Supplies,East
CB-12025,Cassandra Brandow,3,15.55,0.2,5.44,0,10,53.32,Consumer,Office Supplies,East
CB-12025,Cassandra Brandow,3,4.9,0.2,1.65,0,10,53.32,Consumer,Office Supplies,East
CB-12025,Cassandra Brandow,4,32.36,0.0,11.65,0,10,53.32,Consumer,Furniture,West
CB-12025,Cassandra Brandow,5,406.6,0.0,113.85,0,10,53.32,Consumer,Office Supplies,West
CB-12025,Cassandra Brandow,5,67.9,0.0,20.37,0,10,53.32,Consumer,Office Supplies,South
CB-12025,Cassandra Brandow,8,239.92,0.0,23.99,0,10,53.32,Consumer,Technology,South
CB-12415,Christy Brittain,3,7.22,0.7,-5.53,0,8,69.09,Consumer,Office Supplies,East
CB-12415,Christy Brittain,4,27.2,0.2,2.04,0,8,69.09,Consumer,Office Supplies,East
CB-12415,Christy Brittain,7,59.99,0.0,21.6,0,8,69.09,Consumer,Furniture,West
CB-12415,Christy Brittain,1,2.18,0.8,-3.6,0,8,69.09,Consumer,Office Supplies,Central
CB-12415,Christy Brittain,7,27.38,0.2,2.74,0,8,69.09,Consumer,Office Supplies,Central
CB-12415,Christy Brittain,3,26.41,0.8,-71.3,0,8,69.09,Consumer,Office Supplies,Central
CB-12415,Christy Brittain,3,92.94,0.0,41.82,0,8,69.09,Consumer,Office Supplies,East
CB-12415,Christy Brittain,3,52.56,0.0,18.4,0,8,69.09,Consumer,Office Supplies,East
CB-12415,Christy Brittain,4,1439.98,0.4,192.0,0,8,69.09,Consumer,Technology,East
CB-12415,Christy Brittain,4,4.96,0.7,-3.8,0,8,69.09,Consumer,Office Supplies,East
CB-12415,Christy Brittain,3,146.82,0.0,73.41,0,8,69.09,Consumer,Office Supplies,East
CB-12415,Christy Brittain,2,61.57,0.2,4.62,0,8,69.09,Consumer,Office Supplies,Central
CB-12535,Claudia Bergmann,2,85.52,0.0,22.24,0,8,49.78,Corporate,Office Supplies,East
CB-12535,Claudia Bergmann,3,9.84,0.0,2.66,0,8,49.78,Corporate,Office Supplies,East
CB-12535,Claudia Bergmann,3,20.04,0.0,9.62,0,8,49.78,Corporate,Office Supplies,East
CB-12535,Claudia Bergmann,6,8.35,0.2,1.25,0,8,49.78,Corporate,Furniture,East
CB-12535,Claudia Bergmann,5,509.96,0.15,42.0,0,8,49.78,Corporate,Furniture,West
CB-12535,Claudia Bergmann,3,122.91,0.0,34.41,0,8,49.78,Corporate,Furniture,West
CB-12535,Claudia Bergmann,2,97.57,0.2,-6.1,0,8,49.78,Corporate,Furniture,West
CB-12535,Claudia Bergmann,3,722.35,0.2,81.26,0,8,49.78,Corporate,Furniture,West
CB-12535,Claudia Bergmann,2,6.58,0.0,3.03,0,8,49.78,Corporate,Office Supplies,East
CB-12535,Claudia Bergmann,3,122.94,0.0,59.01,0,8,49.78,Corporate,Office Supplies,East
CB-12535,Claudia Bergmann,2,99.98,0.0,42.99,0,8,49.78,Corporate,Technology,East
CB-12535,Claudia Bergmann,6,8.04,0.0,2.73,0,8,49.78,Corporate,Office Supplies,East
CB-12535,Claudia Bergmann,13,1564.29,0.0,406.72,0,8,49.78,Corporate,Office Supplies,East
CB-12535,Claudia Bergmann,3,14.82,0.0,6.22,0,8,49.78,Corporate,Furniture,West
CB-12535,Claudia Bergmann,4,42.68,0.0,19.63,0,8,49.78,Corporate,Office Supplies,South
CB-12535,Claudia Bergmann,3,299.97,0.0,125.99,0,8,49.78,Corporate,Technology,South
CB-12535,Claudia Bergmann,2,262.24,0.0,78.67,0,8,49.78,Corporate,Office Supplies,South
CB-12535,Claudia Bergmann,6,234.36,0.0,112.49,0,8,49.78,Corporate,Office Supplies,South
CB-12535,Claudia Bergmann,3,14.02,0.2,4.73,0,8,49.78,Corporate,Office Supplies,South
CC-12100,Chad Cunningham,2,44.46,0.0,14.67,0,6,54.42,Home Office,Furniture,West
CC-12100,Chad Cunningham,2,241.57,0.2,18.12,0,6,54.42,Home Office,Furniture,West
CC-12100,Chad Cunningham,5,395.0,0.0,39.5,0,6,54.42,Home Office,Technology,West
CC-12100,Chad Cunningham,4,627.17,0.2,70.56,0,6,54.42,Home Office,Technology,West
CC-12100,Chad Cunningham,3,85.06,0.2,28.71,0,6,54.42,Home Office,Office Supplies,East
CC-12100,Chad Cunningham,1,5.1,0.2,1.66,0,6,54.42,Home Office,Office Supplies,West
CC-12100,Chad Cunningham,2,131.98,0.0,35.63,0,6,54.42,Home Office,Technology,Central
CC-12100,Chad Cunningham,7,114.52,0.0,11.45,0,6,54.42,Home Office,Technology,Central
CC-12100,Chad Cunningham,2,10.08,0.2,3.28,0,6,54.42,Home Office,Office Supplies,East
CC-12100,Chad Cunningham,1,59.99,0.4,-13.0,0,6,54.42,Home Office,Technology,East
CC-12100,Chad Cunningham,5,5.72,0.7,-4.76,0,6,54.42,Home Office,Office Supplies,East
CC-12100,Chad Cunningham,5,9.42,0.7,-7.85,0,6,54.42,Home Office,Office Supplies,East
CC-12100,Chad Cunningham,7,40.88,0.0,10.63,0,6,54.42,Home Office,Office Supplies,Central
CC-12145,Charles Crestani,1,104.85,0.0,50.33,0,7,115.3,Consumer,Office Supplies,West
CC-12145,Charles Crestani,2,8.7,0.2,3.16,0,7,115.3,Consumer,Office Supplies,West
CC-12145,Charles Crestani,4,19.92,0.0,9.76,0,7,115.3,Consumer,Office Supplies,West
CC-12145,Charles Crestani,3,43.02,0.0,15.49,0,7,115.3,Consumer,Furniture,West
CC-12145,Charles Crestani,7,227.36,0.0,81.85,0,7,115.3,Consumer,Furniture,West
CC-12145,Charles Crestani,3,1919.98,0.2,216.0,0,7,115.3,Consumer,Technology,West
CC-12145,Charles Crestani,2,47.52,0.3,-2.04,0,7,115.3,Consumer,Furniture,Central
CC-12145,Charles Crestani,4,51.52,0.0,1.55,0,7,115.3,Consumer,Office Supplies,West
CC-12145,Charles Crestani,2,10.56,0.0,4.75,0,7,115.3,Consumer,Office Supplies,Central
CC-12145,Charles Crestani,1,6.48,0.0,3.11,0,7,115.3,Consumer,Office Supplies,West
CC-12145,Charles Crestani,2,31.74,0.2,8.33,0,7,115.3,Consumer,Office Supplies,Central
CC-12220,Chris Cortes,3,10.9,0.2,3.4,0,12,56.57,Consumer,Office Supplies,Central
CC-12220,Chris Cortes,5,589.41,0.1,-6.55,0,12,56.57,Consumer,Furniture,East
CC-12220,Chris Cortes,5,32.4,0.0,15.55,0,12,56.57,Consumer,Office Supplies,South
CC-12220,Chris Cortes,2,45.68,0.0,21.01,0,12,56.57,Consumer,Office Supplies,South
CC-12220,Chris Cortes,3,637.9,0.3,-127.58,0,12,56.57,Consumer,Furniture,Central
CC-12220,Chris Cortes,3,287.91,0.4,33.59,0,12,56.57,Consumer,Technology,Central
CC-12220,Chris Cortes,3,36.6,0.2,11.89,0,12,56.57,Consumer,Office Supplies,Central
CC-12220,Chris Cortes,4,87.92,0.0,0.88,0,12,56.57,Consumer,Office Supplies,West
CC-12220,Chris Cortes,1,5.98,0.0,2.93,0,12,56.57,Consumer,Office Supplies,West
CC-12220,Chris Cortes,1,107.98,0.2,9.45,0,12,56.57,Consumer,Technology,West
CC-12220,Chris Cortes,3,19.3,0.2,6.03,0,12,56.57,Consumer,Office Supplies,West
CC-12220,Chris Cortes,2,69.9,0.0,18.87,0,12,56.57,Consumer,Technology,Central
CC-12220,Chris Cortes,5,41.85,0.0,10.88,0,12,56.57,Consumer,Furniture,Central
CC-12220,Chris Cortes,2,243.16,0.0,72.95,0,12,56.57,Consumer,Office Supplies,West
CC-12220,Chris Cortes,3,358.2,0.4,41.79,0,12,56.57,Consumer,Technology,East
CC-12220,Chris Cortes,14,545.92,0.4,72.79,0,12,56.57,Consumer,Technology,East
CC-12220,Chris Cortes,6,73.68,0.0,34.63,0,12,56.57,Consumer,Office Supplies,West
CC-12220,Chris Cortes,2,139.92,0.0,23.79,0,12,56.57,Consumer,Furniture,West
CC-12220,Chris Cortes,3,107.88,0.2,10.79,0,12,56.57,Consumer,Technology,West
CC-12220,Chris Cortes,1,33.29,0.0,7.99,0,12,56.57,Consumer,Office Supplies,West
CC-12220,Chris Cortes,3,10.86,0.0,5.1,0,12,56.57,Consumer,Office Supplies,East
CC-12220,Chris Cortes,7,426.79,0.0,123.77,0,12,56.57,Consumer,Office Supplies,East
CC-12370,Christopher Conant,4,8399.98,0.4,1120.0,0,5,54.3,Consumer,Technology,East
CC-12370,Christopher Conant,1,6.29,0.7,-4.2,0,5,54.3,Consumer,Office Supplies,East
CC-12370,Christopher Conant,2,10.37,0.2,3.63,0,5,54.3,Consumer,Office Supplies,East
CC-12370,Christopher Conant,3,122.38,0.4,-24.48,0,5,54.3,Consumer,Technology,East
CC-12370,Christopher Conant,4,287.97,0.2,-3.6,0,5,54.3,Consumer,Furniture,West
CC-12370,Christopher Conant,5,2799.96,0.2,944.99,0,5,54.3,Consumer,Technology,West
CC-12370,Christopher Conant,1,48.94,0.0,24.47,0,5,54.3,Consumer,Office Supplies,West
CC-12370,Christopher Conant,2,225.3,0.2,22.53,0,5,54.3,Consumer,Furniture,South
CC-12370,Christopher Conant,2,1.25,0.8,-1.93,0,5,54.3,Consumer,Office Supplies,Central
CC-12370,Christopher Conant,6,38.88,0.0,18.66,0,5,54.3,Consumer,Office Supplies,East
CC-12370,Christopher Conant,4,187.76,0.0,76.98,0,5,54.3,Consumer,Furniture,East
CC-12430,Chuck Clark,2,271.76,0.1,60.39,0,10,47.0,Home Office,Furniture,East
CC-12430,Chuck Clark,3,322.59,0.0,64.52,0,10,47.0,Home Office,Furniture,East
CC-12430,Chuck Clark,1,29.99,0.0,13.2,0,10,47.0,Home Office,Technology,East
CC-12430,Chuck Clark,3,371.97,0.0,66.95,0,10,47.0,Home Office,Technology,East
CC-12430,Chuck Clark,4,12.32,0.0,5.91,0,10,47.0,Home Office,Office Supplies,West
CC-12430,Chuck Clark,3,11.95,0.2,4.18,0,10,47.0,Home Office,Office Supplies,West
CC-12430,Chuck Clark,3,6.24,0.0,1.87,0,10,47.0,Home Office,Office Supplies,West
CC-12430,Chuck Clark,4,13.22,0.2,4.46,0,10,47.0,Home Office,Office Supplies,West
CC-12430,Chuck Clark,5,32.4,0.0,15.55,0,10,47.0,Home Office,Office Supplies,West
CC-12430,Chuck Clark,7,217.06,0.2,78.68,0,10,47.0,Home Office,Office Supplies,East
CC-12430,Chuck Clark,8,518.27,0.2,-97.18,0,10,47.0,Home Office,Furniture,West
CC-12430,Chuck Clark,1,6.98,0.0,3.35,0,10,47.0,Home Office,Furniture,West
CC-12430,Chuck Clark,1,343.2,0.2,38.61,0,10,47.0,Home Office,Technology,West
CC-12430,Chuck Clark,4,83.92,0.0,21.82,0,10,47.0,Home Office,Furniture,East
CC-12430,Chuck Clark,3,6.63,0.0,3.12,0,10,47.0,Home Office,Office Supplies,East
CC-12430,Chuck Clark,3,371.97,0.0,66.95,0,10,47.0,Home Office,Technology,East
CC-12430,Chuck Clark,5,13.9,0.0,3.61,0,10,47.0,Home Office,Office Supplies,Central
CC-12430,Chuck Clark,1,26.38,0.0,12.13,0,10,47.0,Home Office,Office Supplies,Central
CC-12430,Chuck Clark,2,209.3,0.0,56.51,0,10,47.0,Home Office,Office Supplies,Central
CC-12475,Cindy Chapman,3,56.4,0.0,3.38,0,9,107.08,Consumer,Technology,West
CC-12475,Cindy Chapman,3,44.94,0.0,12.58,0,9,107.08,Consumer,Office Supplies,East
CC-12475,Cindy Chapman,3,45.58,0.2,15.95,0,9,107.08,Consumer,Office Supplies,East
CC-12475,Cindy Chapman,2,10.56,0.0,5.07,0,9,107.08,Consumer,Office Supplies,West
CC-12475,Cindy Chapman,2,686.4,0.2,77.22,0,9,107.08,Consumer,Technology,West
CC-12475,Cindy Chapman,4,14.96,0.0,0.3,0,9,107.08,Consumer,Office Supplies,East
CC-12475,Cindy Chapman,4,63.96,0.0,19.83,0,9,107.08,Consumer,Technology,Central
CC-12475,Cindy Chapman,3,10.27,0.2,3.21,0,9,107.08,Consumer,Office Supplies,Central
CC-12475,Cindy Chapman,5,512.19,0.3,-65.85,0,9,107.08,Consumer,Furniture,Central
CC-12475,Cindy Chapman,2,1.56,0.8,-4.2,0,9,107.08,Consumer,Office Supplies,Central
CC-12475,Cindy Chapman,3,164.88,0.0,80.79,0,9,107.08,Consumer,Office Supplies,East
CC-12475,Cindy Chapman,2,8.45,0.2,2.64,0,9,107.08,Consumer,Office Supplies,East
CC-12475,Cindy Chapman,4,39.3,0.2,3.93,0,9,107.08,Consumer,Office Supplies,East
CC-12550,Clay Cheatham,3,47.98,0.2,4.8,0,3,57.0,Consumer,Technology,West
CC-12550,Clay Cheatham,7,45.36,0.0,21.77,0,3,57.0,Consumer,Office Supplies,West
CC-12550,Clay Cheatham,2,10.13,0.2,3.67,0,3,57.0,Consumer,Office Supplies,West
CC-12550,Clay Cheatham,2,10.37,0.2,3.63,0,3,57.0,Consumer,Office Supplies,Central
CC-12610,Corey Catlett,5,579.95,0.0,168.19,0,7,107.91,Corporate,Technology,South
CC-12610,Corey Catlett,4,29.12,0.0,12.52,0,7,107.91,Corporate,Furniture,South
CC-12610,Corey Catlett,3,1202.94,0.0,300.74,0,7,107.91,Corporate,Furniture,South
CC-12610,Corey Catlett,4,61.79,0.2,6.18,0,7,107.91,Corporate,Office Supplies,Central
CC-12610,Corey Catlett,4,140.74,0.2,12.31,0,7,107.91,Corporate,Office Supplies,South
CC-12610,Corey Catlett,3,31.09,0.7,-20.72,0,7,107.91,Corporate,Office Supplies,South
CC-12610,Corey Catlett,1,1.94,0.7,-1.29,0,7,107.91,Corporate,Office Supplies,East
CC-12610,Corey Catlett,3,90.88,0.7,-190.85,0,7,107.91,Corporate,Furniture,West
CC-12610,Corey Catlett,1,15.99,0.2,-3.0,0,7,107.91,Corporate,Technology,West
CC-12610,Corey Catlett,1,120.78,0.2,13.59,0,7,107.91,Corporate,Furniture,West
CC-12610,Corey Catlett,3,52.27,0.2,9.8,0,7,107.91,Corporate,Office Supplies,East
CC-12610,Corey Catlett,7,213.14,0.2,23.98,0,7,107.91,Corporate,Office Supplies,East
CC-12670,Craig Carreira,3,45.53,0.2,15.93,0,7,82.62,Consumer,Office Supplies,South
CC-12670,Craig Carreira,1,64.78,0.2,6.48,0,7,82.62,Consumer,Furniture,South
CC-12670,Craig Carreira,2,424.27,0.2,-10.61,0,7,82.62,Consumer,Office Supplies,South
CC-12670,Craig Carreira,1,1.34,0.2,0.5,0,7,82.62,Consumer,Office Supplies,South
CC-12670,Craig Carreira,5,83.92,0.2,-1.05,0,7,82.62,Consumer,Office Supplies,South
CC-12670,Craig Carreira,2,21.98,0.0,8.57,0,7,82.62,Consumer,Technology,West
CC-12670,Craig Carreira,3,134.85,0.0,37.76,0,7,82.62,Consumer,Technology,Central
CC-12670,Craig Carreira,1,271.99,0.2,23.8,0,7,82.62,Consumer,Technology,West
CC-12670,Craig Carreira,3,4.79,0.8,-7.9,0,7,82.62,Consumer,Office Supplies,Central
CC-12670,Craig Carreira,9,917.92,0.15,75.59,0,7,82.62,Consumer,Furniture,West
CC-12670,Craig Carreira,6,38.88,0.0,19.05,0,7,82.62,Consumer,Office Supplies,West
CC-12670,Craig Carreira,3,20.37,0.0,6.93,0,7,82.62,Consumer,Technology,East
CC-12670,Craig Carreira,3,221.55,0.0,6.65,0,7,82.62,Consumer,Office Supplies,East
CC-12670,Craig Carreira,5,17.52,0.2,6.13,0,7,82.62,Consumer,Office Supplies,East
CC-12685,Craig Carroll,4,7.64,0.7,-5.86,0,4,52.73,Consumer,Office Supplies,South
CC-12685,Craig Carroll,5,51.47,0.7,-39.46,0,4,52.73,Consumer,Office Supplies,South
CC-12685,Craig Carroll,3,106.32,0.0,49.97,0,4,52.73,Consumer,Office Supplies,South
CC-12685,Craig Carroll,3,163.44,0.0,45.76,0,4,52.73,Consumer,Office Supplies,South
CC-12685,Craig Carroll,2,42.76,0.0,11.12,0,4,52.73,Consumer,Office Supplies,South
CC-12685,Craig Carroll,5,51.55,0.0,24.23,0,4,52.73,Consumer,Office Supplies,South
CC-12685,Craig Carroll,6,991.2,0.0,257.71,0,4,52.73,Consumer,Office Supplies,East
CC-12685,Craig Carroll,2,879.98,0.2,329.99,0,4,52.73,Consumer,Technology,East
CC-12685,Craig Carroll,9,12.96,0.2,4.54,0,4,52.73,Consumer,Office Supplies,East
CC-12685,Craig Carroll,8,60.74,0.2,20.5,0,4,52.73,Consumer,Office Supplies,Central
CC-12685,Craig Carroll,3,479.98,0.2,161.99,0,4,52.73,Consumer,Technology,Central
CC-12685,Craig Carroll,1,6.08,0.8,-10.34,0,4,52.73,Consumer,Office Supplies,Central
CD-11920,Carlos Daly,5,24.9,0.0,11.7,0,5,167.12,Consumer,Office Supplies,East
CD-11920,Carlos Daly,5,283.92,0.2,17.75,0,5,167.12,Consumer,Furniture,West
CD-11920,Carlos Daly,6,70.56,0.0,23.99,0,5,167.12,Consumer,Furniture,Central
CD-11920,Carlos Daly,2,81.96,0.0,22.95,0,5,167.12,Consumer,Office Supplies,Central
CD-11920,Carlos Daly,2,12.96,0.0,6.22,0,5,167.12,Consumer,Office Supplies,West
CD-11920,Carlos Daly,7,46.76,0.0,22.44,0,5,167.12,Consumer,Office Supplies,East
CD-11920,Carlos Daly,2,183.97,0.2,-25.3,0,5,167.12,Consumer,Furniture,East
CD-11920,Carlos Daly,3,1259.97,0.0,327.59,0,5,167.12,Consumer,Technology,East
CD-11920,Carlos Daly,3,68.97,0.0,19.31,0,5,167.12,Consumer,Office Supplies,East
CD-11980,Carol Darley,1,24.78,0.2,7.74,0,3,69.4,Consumer,Office Supplies,West
CD-11980,Carol Darley,3,2.69,0.8,-7.39,0,3,69.4,Consumer,Office Supplies,Central
CD-11980,Carol Darley,3,27.82,0.2,4.52,0,3,69.4,Consumer,Technology,Central
CD-11980,Carol Darley,3,82.52,0.6,-41.26,0,3,69.4,Consumer,Furniture,Central
CD-11980,Carol Darley,3,182.99,0.8,-320.24,0,3,69.4,Consumer,Office Supplies,Central
CD-11980,Carol Darley,9,318.96,0.0,149.91,0,3,69.4,Consumer,Office Supplies,East
CD-12280,Christina DeMoss,6,164.69,0.2,55.58,0,2,1.08,Consumer,Office Supplies,East
CD-12280,Christina DeMoss,2,166.5,0.4,-66.6,0,2,1.08,Consumer,Furniture,East
CD-12280,Christina DeMoss,2,12.96,0.0,6.22,0,2,1.08,Consumer,Office Supplies,East
CD-12280,Christina DeMoss,2,110.96,0.0,53.26,0,2,1.08,Consumer,Office Supplies,East
CD-12280,Christina DeMoss,2,99.98,0.0,4.0,0,2,1.08,Consumer,Technology,East
CD-12280,Christina DeMoss,1,11.42,0.2,3.71,0,2,1.08,Consumer,Office Supplies,East
CD-12280,Christina DeMoss,2,128.12,0.1,24.2,0,2,1.08,Consumer,Furniture,East
CD-12280,Christina DeMoss,5,101.4,0.0,38.53,0,2,1.08,Consumer,Furniture,East
CD-12280,Christina DeMoss,6,169.68,0.0,45.81,0,2,1.08,Consumer,Office Supplies,West
CD-12280,Christina DeMoss,4,132.52,0.0,54.33,0,2,1.08,Consumer,Technology,West
CD-12280,Christina DeMoss,2,2.96,0.0,1.42,0,2,1.08,Consumer,Office Supplies,West
CD-12280,Christina DeMoss,2,8.45,0.2,2.96,0,2,1.08,Consumer,Office Supplies,West
CD-12280,Christina DeMoss,3,95.94,0.0,9.59,0,2,1.08,Consumer,Office Supplies,West
CD-12790,Cynthia Delaney,5,12.35,0.0,5.8,0,5,73.43,Home Office,Office Supplies,West
CD-12790,Cynthia Delaney,1,10.98,0.0,2.96,0,5,73.43,Home Office,Office Supplies,West
CD-12790,Cynthia Delaney,3,7.86,0.0,3.62,0,5,73.43,Home Office,Office Supplies,West
CD-12790,Cynthia Delaney,3,51.45,0.0,13.89,0,5,73.43,Home Office,Office Supplies,West
CD-12790,Cynthia Delaney,3,37.06,0.2,13.9,0,5,73.43,Home Office,Office Supplies,West
CD-12790,Cynthia Delaney,4,601.54,0.2,0.0,0,5,73.43,Home Office,Furniture,West
CD-12790,Cynthia Delaney,2,7.9,0.0,2.53,0,5,73.43,Home Office,Office Supplies,West
CD-12790,Cynthia Delaney,7,20.16,0.0,9.88,0,5,73.43,Home Office,Office Supplies,Central
CD-12790,Cynthia Delaney,6,29.46,0.0,14.44,0,5,73.43,Home Office,Office Supplies,Central
CD-12790,Cynthia Delaney,3,868.59,0.0,251.89,0,5,73.43,Home Office,Office Supplies,Central
CD-12790,Cynthia Delaney,2,12.96,0.0,6.22,0,5,73.43,Home Office,Office Supplies,Central
CD-12790,Cynthia Delaney,1,5.5,0.0,1.38,0,5,73.43,Home Office,Technology,Central
CD-12790,Cynthia Delaney,4,121.6,0.0,55.94,0,5,73.43,Home Office,Office Supplies,Central
CD-12790,Cynthia Delaney,3,59.97,0.0,14.99,0,5,73.43,Home Office,Technology,East
CD-12790,Cynthia Delaney,2,13.36,0.0,6.41,0,5,73.43,Home Office,Office Supplies,East
CG-12040,Catherine Glotzbach,2,11.76,0.0,5.76,0,6,111.75,Home Office,Office Supplies,West
CG-12040,Catherine Glotzbach,8,45.06,0.2,15.21,0,6,111.75,Home Office,Office Supplies,East
CG-12040,Catherine Glotzbach,6,29.72,0.7,-21.79,0,6,111.75,Home Office,Office Supplies,East
CG-12040,Catherine Glotzbach,3,15.55,0.2,5.44,0,6,111.75,Home Office,Office Supplies,East
CG-12040,Catherine Glotzbach,2,447.7,0.2,33.58,0,6,111.75,Home Office,Office Supplies,East
CG-12040,Catherine Glotzbach,3,67.56,0.2,8.44,0,6,111.75,Home Office,Office Supplies,South
CG-12040,Catherine Glotzbach,3,239.98,0.2,18.0,0,6,111.75,Home Office,Technology,South
CG-12040,Catherine Glotzbach,7,28.91,0.0,13.3,0,6,111.75,Home Office,Office Supplies,East
CG-12040,Catherine Glotzbach,3,18.24,0.0,8.57,0,6,111.75,Home Office,Office Supplies,Central
CG-12520,Claire Gute,6,131.38,0.6,-95.25,0,3,117.25,Consumer,Furniture,Central
CG-12520,Claire Gute,1,5.34,0.2,1.87,0,3,117.25,Consumer,Office Supplies,Central
CG-12520,Claire Gute,2,261.96,0.0,41.91,0,3,117.25,Consumer,Furniture,South
CG-12520,Claire Gute,3,731.94,0.0,219.58,0,3,117.25,Consumer,Furniture,South
CG-12520,Claire Gute,2,18.16,0.2,1.82,0,3,117.25,Consumer,Office Supplies,Central
CH-12070,Cathy Hwang,6,31.1,0.2,10.89,0,3,76.0,Home Office,Office Supplies,East
CH-12070,Cathy Hwang,2,78.26,0.2,-17.61,0,3,76.0,Home Office,Office Supplies,East
CH-12070,Cathy Hwang,2,299.9,0.0,74.97,0,3,76.0,Home Office,Technology,Central
CH-12070,Cathy Hwang,3,1127.98,0.2,126.9,0,3,76.0,Home Office,Technology,South
CJ-11875,Carl Jackson,5,16.52,0.2,1.65,0,1,0.0,Corporate,Office Supplies,East
CJ-12010,Caroline Jumper,1,176.78,0.2,-22.1,0,8,24.79,Consumer,Furniture,East
CJ-12010,Caroline Jumper,7,85.23,0.2,30.9,0,8,24.79,Consumer,Office Supplies,East
CJ-12010,Caroline Jumper,3,44.4,0.0,22.2,0,8,24.79,Consumer,Office Supplies,East
CJ-12010,Caroline Jumper,4,442.76,0.1,59.04,0,8,24.79,Consumer,Furniture,East
CJ-12010,Caroline Jumper,5,3999.95,0.0,1159.99,0,8,24.79,Consumer,Technology,East
CJ-12010,Caroline Jumper,5,199.95,0.0,21.99,0,8,24.79,Consumer,Technology,East
CJ-12010,Caroline Jumper,8,63.68,0.0,28.02,0,8,24.79,Consumer,Furniture,East
CJ-12010,Caroline Jumper,2,4.16,0.2,0.36,0,8,24.79,Consumer,Office Supplies,East
CJ-12010,Caroline Jumper,2,11.65,0.2,3.35,0,8,24.79,Consumer,Furniture,East
CJ-12010,Caroline Jumper,4,394.82,0.2,93.77,0,8,24.79,Consumer,Office Supplies,East
CJ-12010,Caroline Jumper,4,18.19,0.7,-14.55,0,8,24.79,Consumer,Office Supplies,East
CJ-12010,Caroline Jumper,8,11.84,0.0,5.68,0,8,24.79,Consumer,Office Supplies,West
CJ-12010,Caroline Jumper,5,1023.33,0.32,-30.1,0,8,24.79,Consumer,Furniture,Central
CJ-12010,Caroline Jumper,3,600.56,0.3,-8.58,0,8,24.79,Consumer,Furniture,Central
CJ-12010,Caroline Jumper,1,39.99,0.2,7.0,0,8,24.79,Consumer,Technology,Central
CJ-12010,Caroline Jumper,2,211.25,0.3,-66.39,0,8,24.79,Consumer,Furniture,Central
CJ-12010,Caroline Jumper,2,3.33,0.2,0.42,0,8,24.79,Consumer,Office Supplies,South
CJ-12010,Caroline Jumper,4,933.26,0.45,-458.15,0,8,24.79,Consumer,Furniture,South
CJ-12010,Caroline Jumper,5,2803.92,0.2,0.0,0,8,24.79,Consumer,Furniture,South
CJ-12010,Caroline Jumper,8,95.92,0.0,25.9,0,8,24.79,Consumer,Office Supplies,West
CK-12205,Chloris Kastensmidt,5,8.32,0.2,2.29,0,13,43.58,Consumer,Furniture,East
CK-12205,Chloris Kastensmidt,6,10.46,0.2,1.7,0,13,43.58,Consumer,Office Supplies,East
CK-12205,Chloris Kastensmidt,5,41.4,0.0,19.46,0,13,43.58,Consumer,Office Supplies,East
CK-12205,Chloris Kastensmidt,4,35.0,0.0,10.5,0,13,43.58,Consumer,Office Supplies,East
CK-12205,Chloris Kastensmidt,3,39.55,0.2,14.34,0,13,43.58,Consumer,Office Supplies,East
CK-12205,Chloris Kastensmidt,5,14.32,0.2,5.19,0,13,43.58,Consumer,Office Supplies,South
CK-12205,Chloris Kastensmidt,6,129.89,0.2,12.99,0,13,43.58,Consumer,Furniture,South
CK-12205,Chloris Kastensmidt,7,48.94,0.2,16.52,0,13,43.58,Consumer,Office Supplies,South
CK-12205,Chloris Kastensmidt,3,15.55,0.2,5.44,0,13,43.58,Consumer,Office Supplies,East
CK-12205,Chloris Kastensmidt,1,5.23,0.2,1.7,0,13,43.58,Consumer,Office Supplies,East
CK-12205,Chloris Kastensmidt,1,11.03,0.2,3.03,0,13,43.58,Consumer,Furniture,West
CK-12205,Chloris Kastensmidt,3,53.04,0.2,-4.64,0,13,43.58,Consumer,Technology,West
CK-12205,Chloris Kastensmidt,6,21.55,0.2,7.0,0,13,43.58,Consumer,Office Supplies,West
CK-12205,Chloris Kastensmidt,4,58.24,0.0,15.72,0,13,43.58,Consumer,Office Supplies,West
CK-12205,Chloris Kastensmidt,3,143.98,0.4,-28.8,0,13,43.58,Consumer,Technology,East
CK-12205,Chloris Kastensmidt,4,494.38,0.4,-115.35,0,13,43.58,Consumer,Technology,East
CK-12205,Chloris Kastensmidt,2,5.84,0.2,0.73,0,13,43.58,Consumer,Office Supplies,East
CK-12205,Chloris Kastensmidt,2,4.45,0.2,0.33,0,13,43.58,Consumer,Office Supplies,Central
CK-12205,Chloris Kastensmidt,1,5.18,0.2,1.81,0,13,43.58,Consumer,Office Supplies,Central
CK-12205,Chloris Kastensmidt,5,175.92,0.2,15.39,0,13,43.58,Consumer,Office Supplies,Central
CK-12205,Chloris Kastensmidt,4,4.75,0.8,-8.32,0,13,43.58,Consumer,Office Supplies,Central
CK-12205,Chloris Kastensmidt,2,13.34,0.2,1.0,0,13,43.58,Consumer,Office Supplies,Central
CK-12205,Chloris Kastensmidt,7,30.35,0.7,-24.28,0,13,43.58,Consumer,Technology,East
CK-12205,Chloris Kastensmidt,3,127.55,0.3,-9.11,0,13,43.58,Consumer,Furniture,East
CK-12205,Chloris Kastensmidt,3,77.95,0.2,15.59,0,13,43.58,Consumer,Furniture,East
CK-12205,Chloris Kastensmidt,5,87.6,0.0,42.05,0,13,43.58,Consumer,Office Supplies,East
CK-12205,Chloris Kastensmidt,3,119.45,0.2,-13.44,0,13,43.58,Consumer,Technology,Central
CK-12205,Chloris Kastensmidt,2,118.16,0.2,-25.11,0,13,43.58,Consumer,Office Supplies,Central
CK-12205,Chloris Kastensmidt,3,10.78,0.7,-7.91,0,13,43.58,Consumer,Office Supplies,East
CK-12205,Chloris Kastensmidt,5,150.8,0.2,56.55,0,13,43.58,Consumer,Office Supplies,West
CK-12205,Chloris Kastensmidt,1,1039.99,0.2,104.0,0,13,43.58,Consumer,Technology,West
CK-12205,Chloris Kastensmidt,8,51.84,0.0,24.88,0,13,43.58,Consumer,Office Supplies,West
CK-12325,Christine Kargatis,4,1139.92,0.0,284.98,0,5,115.18,Home Office,Furniture,South
CK-12325,Christine Kargatis,3,59.81,0.2,19.44,0,5,115.18,Home Office,Office Supplies,West
CK-12325,Christine Kargatis,6,73.32,0.0,22.0,0,5,115.18,Home Office,Furniture,West
CK-12325,Christine Kargatis,6,30.0,0.0,14.4,0,5,115.18,Home Office,Office Supplies,South
CK-12325,Christine Kargatis,4,25.92,0.0,12.7,0,5,115.18,Home Office,Office Supplies,South
CK-12325,Christine Kargatis,4,159.92,0.0,31.98,0,5,115.18,Home Office,Furniture,South
CK-12325,Christine Kargatis,5,455.97,0.4,-106.39,0,5,115.18,Home Office,Furniture,East
CK-12325,Christine Kargatis,5,5.72,0.7,-4.76,0,5,115.18,Home Office,Office Supplies,East
CK-12325,Christine Kargatis,1,57.59,0.4,-11.52,0,5,115.18,Home Office,Technology,East
CK-12325,Christine Kargatis,2,30.14,0.2,8.29,0,5,115.18,Home Office,Furniture,East
CK-12325,Christine Kargatis,5,899.43,0.3,-12.85,0,5,115.18,Home Office,Furniture,East
CK-12325,Christine Kargatis,1,7.58,0.0,2.96,0,5,115.18,Home Office,Office Supplies,West
CK-12595,Clytie Kelty,3,11.91,0.0,0.12,0,11,44.04,Consumer,Office Supplies,West
CK-12595,Clytie Kelty,2,3.48,0.0,1.11,0,11,44.04,Consumer,Furniture,West
CK-12595,Clytie Kelty,7,289.8,0.2,36.22,0,11,44.04,Consumer,Furniture,East
CK-12595,Clytie Kelty,3,2.5,0.7,-2.0,0,11,44.04,Consumer,Office Supplies,East
CK-12595,Clytie Kelty,4,6.48,0.7,-4.75,0,11,44.04,Consumer,Office Supplies,East
CK-12595,Clytie Kelty,8,341.49,0.3,-73.18,0,11,44.04,Consumer,Furniture,East
CK-12595,Clytie Kelty,5,11.12,0.2,0.83,0,11,44.04,Consumer,Office Supplies,East
CK-12595,Clytie Kelty,6,25.34,0.2,3.48,0,11,44.04,Consumer,Furniture,East
CK-12595,Clytie Kelty,3,5.64,0.0,2.71,0,11,44.04,Consumer,Office Supplies,South
CK-12595,Clytie Kelty,3,29.34,0.0,13.5,0,11,44.04,Consumer,Office Supplies,East
CK-12595,Clytie Kelty,5,24.7,0.0,10.37,0,11,44.04,Consumer,Furniture,West
CK-12595,Clytie Kelty,6,179.94,0.0,75.57,0,11,44.04,Consumer,Technology,South
CK-12595,Clytie Kelty,3,26.85,0.0,5.1,0,11,44.04,Consumer,Technology,South
CK-12595,Clytie Kelty,3,323.37,0.0,129.35,0,11,44.04,Consumer,Technology,South
CK-12595,Clytie Kelty,3,59.94,0.0,28.17,0,11,44.04,Consumer,Office Supplies,South
CK-12595,Clytie Kelty,3,64.14,0.0,30.79,0,11,44.04,Consumer,Office Supplies,South
CK-12595,Clytie Kelty,3,11.67,0.0,5.6,0,11,44.04,Consumer,Office Supplies,South
CK-12595,Clytie Kelty,2,12.96,0.0,6.22,0,11,44.04,Consumer,Office Supplies,South
CK-12595,Clytie Kelty,2,69.52,0.0,17.38,0,11,44.04,Consumer,Office Supplies,East
CK-12595,Clytie Kelty,4,12.13,0.8,-20.62,0,11,44.04,Consumer,Office Supplies,Central
CK-12595,Clytie Kelty,6,37.44,0.0,16.85,0,11,44.04,Consumer,Office Supplies,West
CK-12595,Clytie Kelty,10,119.94,0.4,15.99,0,11,44.04,Consumer,Technology,East
CK-12595,Clytie Kelty,2,3.65,0.7,-2.8,0,11,44.04,Consumer,Office Supplies,East
CK-12595,Clytie Kelty,7,268.24,0.2,93.88,0,11,44.04,Consumer,Office Supplies,South
CK-12595,Clytie Kelty,5,431.16,0.2,107.79,0,11,44.04,Consumer,Technology,South
CK-12760,Cyma Kinney,7,115.36,0.0,49.6,0,9,103.08,Corporate,Technology,East
CK-12760,Cyma Kinney,6,34.68,0.0,16.99,0,9,103.08,Corporate,Office Supplies,West
CK-12760,Cyma Kinney,3,266.35,0.2,13.32,0,9,103.08,Corporate,Furniture,West
CK-12760,Cyma Kinney,5,7.24,0.2,1.18,0,9,103.08,Corporate,Office Supplies,South
CK-12760,Cyma Kinney,5,56.45,0.0,14.68,0,9,103.08,Corporate,Office Supplies,South
CK-12760,Cyma Kinney,3,8.67,0.0,4.07,0,9,103.08,Corporate,Office Supplies,East
CK-12760,Cyma Kinney,3,25.71,0.0,6.68,0,9,103.08,Corporate,Office Supplies,East
CK-12760,Cyma Kinney,5,77.55,0.0,20.16,0,9,103.08,Corporate,Office Supplies,East
CK-12760,Cyma Kinney,2,24.88,0.0,6.97,0,9,103.08,Corporate,Office Supplies,East
CK-12760,Cyma Kinney,5,140.75,0.0,39.41,0,9,103.08,Corporate,Office Supplies,East
CK-12760,Cyma Kinney,3,36.63,0.0,9.89,0,9,103.08,Corporate,Office Supplies,East
CK-12760,Cyma Kinney,9,68.74,0.7,-48.12,0,9,103.08,Corporate,Office Supplies,South
CK-12760,Cyma Kinney,5,652.45,0.5,-430.62,0,9,103.08,Corporate,Furniture,Central
CK-12760,Cyma Kinney,3,66.64,0.5,-42.65,0,9,103.08,Corporate,Furniture,Central
CL-11890,Carl Ludwig,3,123.55,0.2,-29.34,0,4,191.17,Consumer,Office Supplies,Central
CL-11890,Carl Ludwig,2,16.74,0.0,4.35,0,4,191.17,Consumer,Furniture,West
CL-11890,Carl Ludwig,6,40.03,0.2,15.01,0,4,191.17,Consumer,Office Supplies,East
CL-11890,Carl Ludwig,1,39.99,0.0,11.6,0,4,191.17,Consumer,Technology,East
CL-11890,Carl Ludwig,2,16.28,0.0,6.51,0,4,191.17,Consumer,Office Supplies,East
CL-11890,Carl Ludwig,3,782.94,0.0,203.56,0,4,191.17,Consumer,Furniture,East
CL-11890,Carl Ludwig,7,242.48,0.0,116.39,0,4,191.17,Consumer,Office Supplies,East
CL-12565,Clay Ludtke,5,354.9,0.0,17.74,0,12,41.22,Consumer,Office Supplies,South
CL-12565,Clay Ludtke,4,123.14,0.2,13.85,0,12,41.22,Consumer,Furniture,West
CL-12565,Clay Ludtke,4,11.26,0.2,3.8,0,12,41.22,Consumer,Office Supplies,West
CL-12565,Clay Ludtke,3,21.24,0.0,8.07,0,12,41.22,Consumer,Office Supplies,East
CL-12565,Clay Ludtke,7,21.73,0.2,7.6,0,12,41.22,Consumer,Office Supplies,West
CL-12565,Clay Ludtke,5,1487.04,0.2,148.7,0,12,41.22,Consumer,Furniture,West
CL-12565,Clay Ludtke,3,68.52,0.0,31.52,0,12,41.22,Consumer,Office Supplies,West
CL-12565,Clay Ludtke,3,74.94,0.0,14.24,0,12,41.22,Consumer,Office Supplies,West
CL-12565,Clay Ludtke,6,2548.56,0.2,286.71,0,12,41.22,Consumer,Technology,West
CL-12565,Clay Ludtke,3,271.44,0.0,122.15,0,12,41.22,Consumer,Office Supplies,West
CL-12565,Clay Ludtke,3,287.88,0.2,35.98,0,12,41.22,Consumer,Technology,West
CL-12565,Clay Ludtke,3,1006.06,0.2,88.03,0,12,41.22,Consumer,Office Supplies,East
CL-12565,Clay Ludtke,2,10.69,0.2,3.74,0,12,41.22,Consumer,Office Supplies,East
CL-12565,Clay Ludtke,2,10.37,0.2,3.63,0,12,41.22,Consumer,Office Supplies,East
CL-12565,Clay Ludtke,2,25.12,0.2,1.57,0,12,41.22,Consumer,Office Supplies,East
CL-12565,Clay Ludtke,2,58.11,0.2,7.26,0,12,41.22,Consumer,Technology,East
CL-12565,Clay Ludtke,2,262.24,0.0,78.67,0,12,41.22,Consumer,Office Supplies,West
CL-12565,Clay Ludtke,8,182.72,0.0,84.05,0,12,41.22,Consumer,Office Supplies,West
CL-12565,Clay Ludtke,7,131.6,0.0,7.9,0,12,41.22,Consumer,Technology,West
CL-12565,Clay Ludtke,4,22.72,0.2,7.38,0,12,41.22,Consumer,Office Supplies,West
CL-12565,Clay Ludtke,2,558.4,0.2,41.88,0,12,41.22,Consumer,Technology,West
CL-12565,Clay Ludtke,3,437.85,0.0,131.35,0,12,41.22,Consumer,Technology,East
CL-12565,Clay Ludtke,2,673.57,0.2,252.59,0,12,41.22,Consumer,Office Supplies,East
CL-12565,Clay Ludtke,2,75.96,0.0,22.79,0,12,41.22,Consumer,Office Supplies,Central
CL-12565,Clay Ludtke,6,27.24,0.0,13.35,0,12,41.22,Consumer,Office Supplies,Central
CL-12565,Clay Ludtke,5,303.92,0.2,-30.39,0,12,41.22,Consumer,Furniture,East
CL-12565,Clay Ludtke,2,17.46,0.2,5.89,0,12,41.22,Consumer,Office Supplies,West
CL-12565,Clay Ludtke,6,1805.88,0.0,523.71,0,12,41.22,Consumer,Furniture,Central
CL-12700,Craig Leslie,3,15.55,0.2,5.44,0,5,72.86,Home Office,Office Supplies,West
CL-12700,Craig Leslie,6,1325.76,0.2,149.15,0,5,72.86,Home Office,Furniture,West
CL-12700,Craig Leslie,2,3.11,0.7,-2.18,0,5,72.86,Home Office,Office Supplies,West
CL-12700,Craig Leslie,2,21.44,0.2,7.5,0,5,72.86,Home Office,Furniture,West
CL-12700,Craig Leslie,9,511.06,0.2,-95.82,0,5,72.86,Home Office,Office Supplies,West
CL-12700,Craig Leslie,9,449.91,0.0,157.47,0,5,72.86,Home Office,Technology,East
CL-12700,Craig Leslie,2,8.76,0.0,4.2,0,5,72.86,Home Office,Office Supplies,Central
CL-12700,Craig Leslie,1,18.0,0.0,3.24,0,5,72.86,Home Office,Technology,South
CM-11815,Candace McMahon,4,20.74,0.2,7.26,0,6,112.33,Corporate,Office Supplies,Central
CM-11815,Candace McMahon,2,49.57,0.2,17.97,0,6,112.33,Corporate,Office Supplies,Central
CM-11815,Candace McMahon,2,13.68,0.0,3.69,0,6,112.33,Corporate,Office Supplies,West
CM-11815,Candace McMahon,4,111.96,0.0,21.27,0,6,112.33,Corporate,Technology,West
CM-11815,Candace McMahon,5,195.96,0.2,19.6,0,6,112.33,Corporate,Technology,West
CM-11815,Candace McMahon,3,15.55,0.2,5.44,0,6,112.33,Corporate,Office Supplies,West
CM-11815,Candace McMahon,4,271.97,0.2,54.39,0,6,112.33,Corporate,Technology,West
CM-11815,Candace McMahon,6,388.7,0.2,38.87,0,6,112.33,Corporate,Furniture,West
CM-11815,Candace McMahon,6,572.58,0.0,34.35,0,6,112.33,Corporate,Office Supplies,West
CM-11815,Candace McMahon,2,33.18,0.0,11.61,0,6,112.33,Corporate,Technology,West
CM-11935,Carlos Meador,2,35.12,0.2,13.17,0,2,40.0,Consumer,Technology,West
CM-11935,Carlos Meador,8,14.27,0.2,4.28,0,2,40.0,Consumer,Furniture,South
CM-11935,Carlos Meador,4,451.14,0.2,-67.67,0,2,40.0,Consumer,Furniture,South
CM-11935,Carlos Meador,4,64.86,0.2,6.49,0,2,40.0,Consumer,Office Supplies,South
CM-12115,Chad McGuire,4,17.64,0.0,8.11,0,4,166.5,Consumer,Office Supplies,East
CM-12115,Chad McGuire,2,29.78,0.0,8.04,0,4,166.5,Consumer,Furniture,East
CM-12115,Chad McGuire,3,677.58,0.0,176.17,0,4,166.5,Consumer,Technology,East
CM-12115,Chad McGuire,8,75.04,0.0,36.02,0,4,166.5,Consumer,Office Supplies,East
CM-12115,Chad McGuire,2,17.46,0.0,5.94,0,4,166.5,Consumer,Furniture,West
CM-12115,Chad McGuire,11,369.16,0.2,32.3,0,4,166.5,Consumer,Technology,West
CM-12115,Chad McGuire,5,474.95,0.0,142.48,0,4,166.5,Consumer,Technology,West
CM-12160,Charles McCrossin,6,98.16,0.0,9.82,0,6,68.17,Consumer,Technology,East
CM-12160,Charles McCrossin,6,2003.52,0.2,-325.57,0,6,68.17,Consumer,Furniture,West
CM-12160,Charles McCrossin,2,23.18,0.0,7.65,0,6,68.17,Consumer,Technology,East
CM-12160,Charles McCrossin,1,1.74,0.2,-0.35,0,6,68.17,Consumer,Office Supplies,Central
CM-12160,Charles McCrossin,2,329.99,0.4,-77.0,0,6,68.17,Consumer,Technology,East
CM-12160,Charles McCrossin,3,71.38,0.2,-4.46,0,6,68.17,Consumer,Office Supplies,East
CM-12160,Charles McCrossin,3,5.35,0.7,-4.46,0,6,68.17,Consumer,Office Supplies,East
CM-12190,Charlotte Melton,4,443.92,0.0,8.88,0,6,137.67,Consumer,Office Supplies,West
CM-12190,Charlotte Melton,2,77.88,0.0,3.89,0,6,137.67,Consumer,Office Supplies,West
CM-12190,Charlotte Melton,3,11.35,0.2,4.12,0,6,137.67,Consumer,Office Supplies,East
CM-12190,Charlotte Melton,2,183.37,0.3,-36.67,0,6,137.67,Consumer,Furniture,Central
CM-12190,Charlotte Melton,6,119.94,0.0,6.0,0,6,137.67,Consumer,Technology,East
CM-12190,Charlotte Melton,2,607.52,0.0,97.2,0,6,137.67,Consumer,Furniture,Central
CM-12190,Charlotte Melton,2,31.16,0.0,7.79,0,6,137.67,Consumer,Office Supplies,Central
CM-12235,Chris McAfee,2,109.92,0.0,53.86,0,5,31.86,Consumer,Office Supplies,South
CM-12235,Chris McAfee,3,19.44,0.0,9.33,0,5,31.86,Consumer,Office Supplies,South
CM-12235,Chris McAfee,2,11.16,0.0,4.35,0,5,31.86,Consumer,Office Supplies,South
CM-12235,Chris McAfee,3,26.94,0.0,11.31,0,5,31.86,Consumer,Furniture,Central
CM-12235,Chris McAfee,7,1399.94,0.2,52.5,0,5,31.86,Consumer,Technology,Central
CM-12235,Chris McAfee,4,39.81,0.2,3.98,0,5,31.86,Consumer,Office Supplies,West
CM-12235,Chris McAfee,2,18.54,0.0,8.71,0,5,31.86,Consumer,Office Supplies,East
CM-12235,Chris McAfee,5,679.96,0.2,220.99,0,5,31.86,Consumer,Office Supplies,East
CM-12385,Christopher Martinez,1,2.74,0.0,0.74,0,4,109.22,Consumer,Office Supplies,South
CM-12385,Christopher Martinez,3,8.34,0.0,2.17,0,4,109.22,Consumer,Office Supplies,South
CM-12385,Christopher Martinez,3,46.74,0.0,11.68,0,4,109.22,Consumer,Office Supplies,South
CM-12385,Christopher Martinez,5,6354.95,0.0,3177.48,0,4,109.22,Consumer,Office Supplies,South
CM-12385,Christopher Martinez,3,269.49,0.0,5.39,0,4,109.22,Consumer,Office Supplies,South
CM-12385,Christopher Martinez,8,2022.27,0.2,682.52,0,4,109.22,Consumer,Office Supplies,West
CM-12385,Christopher Martinez,3,9.12,0.0,3.1,0,4,109.22,Consumer,Office Supplies,West
CM-12385,Christopher Martinez,1,6.46,0.6,-4.04,0,4,109.22,Consumer,Furniture,Central
CM-12385,Christopher Martinez,5,11.52,0.2,4.18,0,4,109.22,Consumer,Office Supplies,Central
CM-12385,Christopher Martinez,2,222.38,0.2,16.68,0,4,109.22,Consumer,Technology,Central
CM-12445,Chuck Magee,2,7.36,0.0,0.15,0,3,108.0,Consumer,Office Supplies,West
CM-12445,Chuck Magee,2,23.1,0.0,10.63,0,3,108.0,Consumer,Office Supplies,West
CM-12445,Chuck Magee,3,51.45,0.0,13.89,0,3,108.0,Consumer,Office Supplies,West
CM-12445,Chuck Magee,3,7.83,0.0,3.6,0,3,108.0,Consumer,Office Supplies,West
CM-12445,Chuck Magee,5,35.4,0.0,13.45,0,3,108.0,Consumer,Office Supplies,West
CM-12445,Chuck Magee,5,29.9,0.0,13.45,0,3,108.0,Consumer,Office Supplies,West
CM-12445,Chuck Magee,7,51.02,0.2,15.94,0,3,108.0,Consumer,Office Supplies,Central
CM-12445,Chuck Magee,4,25.25,0.2,7.89,0,3,108.0,Consumer,Office Supplies,Central
CM-12445,Chuck Magee,1,56.69,0.3,-14.58,0,3,108.0,Consumer,Furniture,Central
CM-12655,Corinna Mitchell,2,65.58,0.2,23.77,0,6,110.0,Home Office,Office Supplies,Central
CM-12655,Corinna Mitchell,4,383.47,0.32,-67.67,0,6,110.0,Home Office,Furniture,Central
CM-12655,Corinna Mitchell,7,1212.85,0.2,106.12,0,6,110.0,Home Office,Technology,West
CM-12655,Corinna Mitchell,3,89.97,0.0,37.79,0,6,110.0,Home Office,Technology,West
CM-12655,Corinna Mitchell,3,42.6,0.0,16.61,0,6,110.0,Home Office,Furniture,West
CM-12655,Corinna Mitchell,3,23.34,0.0,0.23,0,6,110.0,Home Office,Office Supplies,South
CM-12655,Corinna Mitchell,4,2279.96,0.0,592.79,0,6,110.0,Home Office,Technology,East
CM-12655,Corinna Mitchell,3,14.94,0.0,6.87,0,6,110.0,Home Office,Office Supplies,East
CM-12655,Corinna Mitchell,11,1704.89,0.0,767.2,0,6,110.0,Home Office,Technology,East
CM-12655,Corinna Mitchell,2,521.96,0.0,88.73,0,6,110.0,Home Office,Furniture,West
CM-12715,Craig Molinari,5,20.65,0.0,9.5,0,4,29.92,Corporate,Office Supplies,West
CM-12715,Craig Molinari,5,204.9,0.0,0.0,0,4,29.92,Corporate,Office Supplies,West
CM-12715,Craig Molinari,6,436.7,0.2,21.84,0,4,29.92,Corporate,Furniture,West
CM-12715,Craig Molinari,2,481.57,0.2,54.18,0,4,29.92,Corporate,Furniture,West
CM-12715,Craig Molinari,5,5.97,0.7,-4.58,0,4,29.92,Corporate,Office Supplies,East
CM-12715,Craig Molinari,1,21.18,0.2,4.77,0,4,29.92,Corporate,Furniture,East
CM-12715,Craig Molinari,6,41.38,0.2,3.1,0,4,29.92,Corporate,Office Supplies,East
CM-12715,Craig Molinari,6,719.95,0.2,72.0,0,4,29.92,Corporate,Technology,Central
CM-12715,Craig Molinari,7,755.94,0.2,66.15,0,4,29.92,Corporate,Technology,Central
CM-12715,Craig Molinari,5,11.98,0.8,-19.17,0,4,29.92,Corporate,Office Supplies,Central
CM-12715,Craig Molinari,1,0.9,0.8,-1.57,0,4,29.92,Corporate,Office Supplies,Central
CM-12715,Craig Molinari,2,55.33,0.2,6.22,0,4,29.92,Corporate,Office Supplies,Central
CM-12715,Craig Molinari,6,1228.0,0.32,-36.12,0,4,29.92,Corporate,Furniture,Central
CP-12085,Cathy Prescott,2,129.98,0.0,62.39,0,8,80.0,Corporate,Technology,East
CP-12085,Cathy Prescott,5,46.9,0.0,13.13,0,8,80.0,Corporate,Furniture,West
CP-12085,Cathy Prescott,3,238.15,0.2,89.31,0,8,80.0,Corporate,Furniture,West
CP-12085,Cathy Prescott,1,11.34,0.0,5.56,0,8,80.0,Corporate,Office Supplies,East
CP-12085,Cathy Prescott,6,184.7,0.2,13.85,0,8,80.0,Corporate,Office Supplies,South
CP-12085,Cathy Prescott,2,47.92,0.2,11.98,0,8,80.0,Corporate,Technology,South
CP-12085,Cathy Prescott,5,32.4,0.0,15.55,0,8,80.0,Corporate,Office Supplies,Central
CP-12085,Cathy Prescott,6,209.94,0.0,54.58,0,8,80.0,Corporate,Office Supplies,Central
CP-12085,Cathy Prescott,5,4164.05,0.0,83.28,0,8,80.0,Corporate,Office Supplies,Central
CP-12085,Cathy Prescott,3,212.94,0.0,53.24,0,8,80.0,Corporate,Furniture,Central
CP-12085,Cathy Prescott,4,47.36,0.2,17.76,0,8,80.0,Corporate,Office Supplies,Central
CP-12085,Cathy Prescott,2,27.44,0.2,2.4,0,8,80.0,Corporate,Office Supplies,Central
CP-12085,Cathy Prescott,9,3.24,0.8,-5.18,0,8,80.0,Corporate,Office Supplies,Central
CP-12085,Cathy Prescott,4,45.89,0.2,9.18,0,8,80.0,Corporate,Furniture,East
CP-12340,Christine Phan,7,1579.75,0.4,-447.59,0,8,87.43,Corporate,Furniture,East
CP-12340,Christine Phan,4,1071.58,0.4,-553.65,0,8,87.43,Corporate,Furniture,East
CP-12340,Christine Phan,3,613.91,0.4,-122.78,0,8,87.43,Corporate,Furniture,East
CP-12340,Christine Phan,7,34.86,0.0,16.38,0,8,87.43,Corporate,Office Supplies,East
CP-12340,Christine Phan,4,155.04,0.0,75.97,0,8,87.43,Corporate,Office Supplies,East
CP-12340,Christine Phan,9,16.15,0.7,-12.92,0,8,87.43,Corporate,Office Supplies,South
CP-12340,Christine Phan,5,1345.48,0.7,-1031.54,0,8,87.43,Corporate,Office Supplies,South
CP-12340,Christine Phan,2,111.96,0.0,54.86,0,8,87.43,Corporate,Office Supplies,East
CP-12340,Christine Phan,2,71.09,0.2,-1.78,0,8,87.43,Corporate,Furniture,West
CP-12340,Christine Phan,2,7.96,0.0,3.74,0,8,87.43,Corporate,Office Supplies,East
CP-12340,Christine Phan,3,566.97,0.0,153.08,0,8,87.43,Corporate,Technology,East
CP-12340,Christine Phan,3,9.84,0.0,2.85,0,8,87.43,Corporate,Office Supplies,East
CP-12340,Christine Phan,3,177.0,0.0,30.09,0,8,87.43,Corporate,Technology,West
CP-12340,Christine Phan,2,113.57,0.2,-21.29,0,8,87.43,Corporate,Office Supplies,South
CP-12340,Christine Phan,3,13.13,0.2,4.27,0,8,87.43,Corporate,Office Supplies,East
CR-12580,Clay Rozendal,3,230.38,0.2,-48.95,0,4,112.8,Home Office,Office Supplies,Central
CR-12580,Clay Rozendal,2,9.66,0.2,3.26,0,4,112.8,Home Office,Office Supplies,Central
CR-12580,Clay Rozendal,7,10.53,0.2,3.68,0,4,112.8,Home Office,Office Supplies,East
CR-12580,Clay Rozendal,3,25.35,0.0,7.6,0,4,112.8,Home Office,Office Supplies,West
CR-12580,Clay Rozendal,5,199.75,0.0,87.89,0,4,112.8,Home Office,Technology,West
CR-12580,Clay Rozendal,12,1673.18,0.2,20.91,0,4,112.8,Home Office,Furniture,West
CR-12625,Corey Roper,3,45.48,0.0,20.92,0,3,279.33,Home Office,Office Supplies,East
CR-12625,Corey Roper,6,289.2,0.0,83.87,0,3,279.33,Home Office,Office Supplies,East
CR-12625,Corey Roper,3,19.44,0.0,9.53,0,3,279.33,Home Office,Office Supplies,Central
CR-12625,Corey Roper,2,121.78,0.0,30.44,0,3,279.33,Home Office,Furniture,South
CR-12730,Craig Reiter,2,421.37,0.3,-6.02,0,4,230.0,Consumer,Furniture,Central
CR-12730,Craig Reiter,5,23.12,0.2,8.38,0,4,230.0,Consumer,Office Supplies,Central
CR-12730,Craig Reiter,2,113.55,0.2,8.52,0,4,230.0,Consumer,Office Supplies,East
CR-12730,Craig Reiter,2,3.32,0.7,-2.65,0,4,230.0,Consumer,Office Supplies,East
CR-12730,Craig Reiter,2,134.29,0.2,45.32,0,4,230.0,Consumer,Office Supplies,East
CR-12730,Craig Reiter,5,904.9,0.0,253.37,0,4,230.0,Consumer,Office Supplies,East
CR-12820,Cyra Reiten,5,13.12,0.2,2.13,0,3,164.33,Home Office,Office Supplies,South
CR-12820,Cyra Reiten,1,89.07,0.32,-17.03,0,3,164.33,Home Office,Furniture,Central
CR-12820,Cyra Reiten,6,175.44,0.2,52.63,0,3,164.33,Home Office,Office Supplies,Central
CR-12820,Cyra Reiten,4,438.34,0.2,-87.67,0,3,164.33,Home Office,Technology,Central
CR-12820,Cyra Reiten,4,319.96,0.0,115.19,0,3,164.33,Home Office,Technology,East
CR-12820,Cyra Reiten,3,17.04,0.0,7.67,0,3,164.33,Home Office,Office Supplies,East
CR-12820,Cyra Reiten,3,344.91,0.0,10.35,0,3,164.33,Home Office,Office Supplies,East
CS-11845,Cari Sayre,3,9.26,0.8,-13.9,0,5,145.86,Corporate,Office Supplies,Central
CS-11845,Cari Sayre,3,9.16,0.8,-13.73,0,5,145.86,Corporate,Office Supplies,Central
CS-11845,Cari Sayre,3,25.03,0.2,7.82,0,5,145.86,Corporate,Office Supplies,West
CS-11845,Cari Sayre,4,963.14,0.2,108.35,0,5,145.86,Corporate,Furniture,West
CS-11845,Cari Sayre,3,88.78,0.2,7.77,0,5,145.86,Corporate,Technology,West
CS-11845,Cari Sayre,2,11.76,0.0,5.76,0,5,145.86,Corporate,Office Supplies,West
CS-11845,Cari Sayre,3,167.94,0.0,82.29,0,5,145.86,Corporate,Office Supplies,West
CS-11845,Cari Sayre,1,3.89,0.0,1.01,0,5,145.86,Corporate,Office Supplies,West
CS-11860,Cari Schnelling,2,479.98,0.2,90.0,0,6,196.0,Consumer,Technology,South
CS-11860,Cari Schnelling,1,2.69,0.2,0.84,0,6,196.0,Consumer,Office Supplies,East
CS-11860,Cari Schnelling,3,6.6,0.0,2.9,0,6,196.0,Consumer,Office Supplies,East
CS-11860,Cari Schnelling,1,1.72,0.8,-2.84,0,6,196.0,Consumer,Office Supplies,Central
CS-11860,Cari Schnelling,4,25.34,0.2,9.19,0,6,196.0,Consumer,Office Supplies,South
CS-11860,Cari Schnelling,1,3.82,0.2,1.19,0,6,196.0,Consumer,Office Supplies,East
CS-11860,Cari Schnelling,4,17.48,0.0,4.54,0,6,196.0,Consumer,Office Supplies,East
CS-11950,Carlos Soltero,3,585.55,0.2,73.19,0,11,60.76,Consumer,Furniture,West
CS-11950,Carlos Soltero,1,51.0,0.7,-40.8,0,11,60.76,Consumer,Office Supplies,East
CS-11950,Carlos Soltero,1,76.79,0.2,-16.32,0,11,60.76,Consumer,Office Supplies,East
CS-11950,Carlos Soltero,6,539.96,0.4,-107.99,0,11,60.76,Consumer,Technology,East
CS-11950,Carlos Soltero,3,60.31,0.2,5.28,0,11,60.76,Consumer,Furniture,East
CS-11950,Carlos Soltero,3,1.94,0.7,-1.43,0,11,60.76,Consumer,Office Supplies,East
CS-11950,Carlos Soltero,1,102.58,0.1,6.84,0,11,60.76,Consumer,Furniture,East
CS-11950,Carlos Soltero,3,20.04,0.0,9.62,0,11,60.76,Consumer,Office Supplies,East
CS-11950,Carlos Soltero,3,280.78,0.4,-60.84,0,11,60.76,Consumer,Technology,East
CS-11950,Carlos Soltero,2,31.98,0.2,1.2,0,11,60.76,Consumer,Technology,East
CS-11950,Carlos Soltero,9,99.85,0.7,-83.2,0,11,60.76,Consumer,Office Supplies,East
CS-11950,Carlos Soltero,3,8.81,0.8,-14.97,0,11,60.76,Consumer,Office Supplies,Central
CS-11950,Carlos Soltero,3,242.14,0.2,12.11,0,11,60.76,Consumer,Furniture,West
CS-11950,Carlos Soltero,3,12.39,0.0,5.7,0,11,60.76,Consumer,Office Supplies,West
CS-11950,Carlos Soltero,2,19.96,0.0,5.59,0,11,60.76,Consumer,Furniture,West
CS-11950,Carlos Soltero,3,340.92,0.0,3.41,0,11,60.76,Consumer,Office Supplies,West
CS-11950,Carlos Soltero,7,419.94,0.2,52.49,0,11,60.76,Consumer,Technology,West
CS-11950,Carlos Soltero,2,69.71,0.2,8.71,0,11,60.76,Consumer,Office Supplies,Central
CS-11950,Carlos Soltero,1,8.79,0.6,-5.71,0,11,60.76,Consumer,Furniture,Central
CS-11950,Carlos Soltero,4,11.68,0.0,5.26,0,11,60.76,Consumer,Office Supplies,South
CS-11950,Carlos Soltero,2,41.96,0.0,10.91,0,11,60.76,Consumer,Furniture,East
CS-11950,Carlos Soltero,3,9.45,0.0,4.54,0,11,60.76,Consumer,Office Supplies,East
CS-12130,Chad Sievert,3,20.94,0.0,9.84,0,4,125.67,Consumer,Office Supplies,West
CS-12130,Chad Sievert,2,110.96,0.0,53.26,0,4,125.67,Consumer,Office Supplies,West
CS-12130,Chad Sievert,7,340.14,0.2,21.26,0,4,125.67,Consumer,Furniture,West
CS-12130,Chad Sievert,6,199.74,0.0,47.94,0,4,125.67,Consumer,Office Supplies,West
CS-12130,Chad Sievert,4,88.8,0.2,-2.22,0,4,125.67,Consumer,Office Supplies,Central
CS-12130,Chad Sievert,3,15.48,0.2,5.61,0,4,125.67,Consumer,Office Supplies,West
CS-12130,Chad Sievert,3,108.58,0.2,8.14,0,4,125.67,Consumer,Technology,West
CS-12175,Charles Sheldon,7,196.21,0.0,98.1,0,5,143.43,Corporate,Office Supplies,East
CS-12175,Charles Sheldon,5,79.12,0.2,13.85,0,5,143.43,Corporate,Furniture,South
CS-12175,Charles Sheldon,1,9.99,0.0,4.5,0,5,143.43,Corporate,Office Supplies,Central
CS-12175,Charles Sheldon,5,8.1,0.7,-5.94,0,5,143.43,Corporate,Office Supplies,South
CS-12175,Charles Sheldon,2,238.62,0.0,4.77,0,5,143.43,Corporate,Office Supplies,West
CS-12175,Charles Sheldon,1,7.77,0.0,2.1,0,5,143.43,Corporate,Office Supplies,West
CS-12175,Charles Sheldon,5,285.48,0.2,-10.71,0,5,143.43,Corporate,Furniture,West
CS-12175,Charles Sheldon,4,19.17,0.2,6.47,0,5,143.43,Corporate,Office Supplies,West
CS-12250,Chris Selesnick,2,11.36,0.0,5.34,0,12,52.63,Corporate,Office Supplies,South
CS-12250,Chris Selesnick,3,50.94,0.0,25.47,0,12,52.63,Corporate,Office Supplies,South
CS-12250,Chris Selesnick,6,646.74,0.0,258.7,0,12,52.63,Corporate,Technology,South
CS-12250,Chris Selesnick,3,5.64,0.0,2.71,0,12,52.63,Corporate,Office Supplies,South
CS-12250,Chris Selesnick,6,572.58,0.0,34.35,0,12,52.63,Corporate,Office Supplies,South
CS-12250,Chris Selesnick,4,64.96,0.0,9.74,0,12,52.63,Corporate,Office Supplies,East
CS-12250,Chris Selesnick,5,397.6,0.0,43.74,0,12,52.63,Corporate,Furniture,South
CS-12250,Chris Selesnick,7,85.96,0.0,40.4,0,12,52.63,Corporate,Office Supplies,South
CS-12250,Chris Selesnick,4,13.12,0.0,4.33,0,12,52.63,Corporate,Office Supplies,South
CS-12250,Chris Selesnick,3,45.66,0.0,22.37,0,12,52.63,Corporate,Office Supplies,South
CS-12250,Chris Selesnick,3,32.34,0.0,15.52,0,12,52.63,Corporate,Office Supplies,Central
CS-12250,Chris Selesnick,5,39.9,0.0,19.95,0,12,52.63,Corporate,Office Supplies,Central
CS-12250,Chris Selesnick,2,6.61,0.2,2.15,0,12,52.63,Corporate,Office Supplies,Central
CS-12250,Chris Selesnick,4,89.7,0.2,33.64,0,12,52.63,Corporate,Office Supplies,West
CS-12250,Chris Selesnick,4,50.12,0.0,23.56,0,12,52.63,Corporate,Office Supplies,West
CS-12250,Chris Selesnick,3,7.75,0.2,2.81,0,12,52.63,Corporate,Office Supplies,West
CS-12250,Chris Selesnick,2,33.57,0.2,11.75,0,12,52.63,Corporate,Office Supplies,West
CS-12250,Chris Selesnick,2,18.96,0.0,7.58,0,12,52.63,Corporate,Furniture,Central
CS-12250,Chris Selesnick,5,19.68,0.2,6.89,0,12,52.63,Corporate,Office Supplies,West
CS-12250,Chris Selesnick,4,25.92,0.0,12.44,0,12,52.63,Corporate,Office Supplies,West
CS-12250,Chris Selesnick,1,6.48,0.0,3.11,0,12,52.63,Corporate,Office Supplies,West
CS-12250,Chris Selesnick,6,86.35,0.2,8.64,0,12,52.63,Corporate,Technology,West
CS-12250,Chris Selesnick,1,103.19,0.2,11.61,0,12,52.63,Corporate,Technology,West
CS-12250,Chris Selesnick,2,36.0,0.0,6.48,0,12,52.63,Corporate,Technology,West
CS-12250,Chris Selesnick,4,239.96,0.0,115.18,0,12,52.63,Corporate,Technology,West
CS-12250,Chris Selesnick,2,40.68,0.0,0.41,0,12,52.63,Corporate,Office Supplies,West
CS-12250,Chris Selesnick,2,10.69,0.2,3.74,0,12,52.63,Corporate,Office Supplies,Central
CS-12250,Chris Selesnick,2,11.76,0.0,5.76,0,12,52.63,Corporate,Office Supplies,West
CS-12355,Christine Sundaresam,3,62.94,0.0,30.21,0,11,58.43,Consumer,Office Supplies,East
CS-12355,Christine Sundaresam,5,91.36,0.2,29.69,0,11,58.43,Consumer,Office Supplies,South
CS-12355,Christine Sundaresam,5,152.24,0.2,17.13,0,11,58.43,Consumer,Office Supplies,South
CS-12355,Christine Sundaresam,2,217.58,0.2,19.04,0,11,58.43,Consumer,Technology,West
CS-12355,Christine Sundaresam,3,5.43,0.0,1.79,0,11,58.43,Consumer,Office Supplies,West
CS-12355,Christine Sundaresam,3,143.98,0.2,9.0,0,11,58.43,Consumer,Technology,West
CS-12355,Christine Sundaresam,5,279.9,0.0,137.15,0,11,58.43,Consumer,Office Supplies,South
CS-12355,Christine Sundaresam,5,619.95,0.0,111.59,0,11,58.43,Consumer,Technology,South
CS-12355,Christine Sundaresam,2,4.36,0.0,2.05,0,11,58.43,Consumer,Office Supplies,South
CS-12355,Christine Sundaresam,2,15.28,0.0,7.49,0,11,58.43,Consumer,Office Supplies,South
CS-12355,Christine Sundaresam,2,39.68,0.0,10.32,0,11,58.43,Consumer,Office Supplies,East
CS-12355,Christine Sundaresam,3,10.78,0.2,3.5,0,11,58.43,Consumer,Office Supplies,East
CS-12355,Christine Sundaresam,3,242.35,0.2,9.09,0,11,58.43,Consumer,Furniture,East
CS-12355,Christine Sundaresam,6,479.95,0.2,107.99,0,11,58.43,Consumer,Technology,East
CS-12355,Christine Sundaresam,5,23.92,0.2,1.79,0,11,58.43,Consumer,Office Supplies,East
CS-12355,Christine Sundaresam,3,17.47,0.2,6.33,0,11,58.43,Consumer,Office Supplies,East
CS-12355,Christine Sundaresam,2,9.96,0.0,4.58,0,11,58.43,Consumer,Office Supplies,West
CS-12355,Christine Sundaresam,3,9.21,0.0,2.3,0,11,58.43,Consumer,Office Supplies,West
CS-12355,Christine Sundaresam,3,27.93,0.0,8.1,0,11,58.43,Consumer,Office Supplies,West
CS-12355,Christine Sundaresam,2,35.04,0.0,12.26,0,11,58.43,Consumer,Office Supplies,South
CS-12355,Christine Sundaresam,3,479.97,0.0,239.98,0,11,58.43,Consumer,Technology,South
CS-12355,Christine Sundaresam,4,232.88,0.0,60.55,0,11,58.43,Consumer,Furniture,South
CS-12400,Christopher Schild,2,310.12,0.0,80.63,0,9,91.46,Home Office,Office Supplies,West
CS-12400,Christopher Schild,14,270.34,0.0,75.7,0,9,91.46,Home Office,Office Supplies,West
CS-12400,Christopher Schild,2,743.99,0.4,-124.0,0,9,91.46,Home Office,Technology,East
CS-12400,Christopher Schild,5,29.12,0.2,9.83,0,9,91.46,Home Office,Office Supplies,West
CS-12400,Christopher Schild,2,233.86,0.45,-102.05,0,9,91.46,Home Office,Furniture,South
CS-12400,Christopher Schild,3,620.61,0.45,-248.25,0,9,91.46,Home Office,Furniture,South
CS-12400,Christopher Schild,2,5.33,0.7,-3.55,0,9,91.46,Home Office,Office Supplies,South
CS-12400,Christopher Schild,3,258.07,0.2,0.0,0,9,91.46,Home Office,Furniture,South
CS-12400,Christopher Schild,3,617.98,0.2,-7.72,0,9,91.46,Home Office,Technology,South
CS-12400,Christopher Schild,1,2.78,0.0,0.72,0,9,91.46,Home Office,Office Supplies,West
CS-12400,Christopher Schild,1,300.9,0.2,11.28,0,9,91.46,Home Office,Furniture,West
CS-12400,Christopher Schild,3,230.38,0.2,-48.95,0,9,91.46,Home Office,Office Supplies,Central
CS-12400,Christopher Schild,1,2.48,0.0,0.87,0,9,91.46,Home Office,Office Supplies,Central
CS-12400,Christopher Schild,5,25.9,0.0,12.69,0,9,91.46,Home Office,Office Supplies,Central
CS-12460,Chuck Sachs,1,23.99,0.0,5.52,0,2,30.6,Consumer,Furniture,South
CS-12460,Chuck Sachs,3,287.97,0.0,77.75,0,2,30.6,Consumer,Technology,South
CS-12460,Chuck Sachs,5,83.92,0.2,29.37,0,2,30.6,Consumer,Office Supplies,East
CS-12460,Chuck Sachs,2,14.62,0.2,5.12,0,2,30.6,Consumer,Office Supplies,East
CS-12460,Chuck Sachs,1,136.99,0.0,36.99,0,2,30.6,Consumer,Technology,East
CS-12460,Chuck Sachs,1,3.15,0.0,1.51,0,2,30.6,Consumer,Office Supplies,East
CS-12490,Cindy Schnelling,2,10.37,0.2,1.56,0,4,82.38,Corporate,Office Supplies,East
CS-12490,Cindy Schnelling,2,235.19,0.4,-43.12,0,4,82.38,Corporate,Technology,East
CS-12490,Cindy Schnelling,4,26.38,0.4,2.64,0,4,82.38,Corporate,Technology,East
CS-12490,Cindy Schnelling,2,10.38,0.2,2.21,0,4,82.38,Corporate,Technology,East
CS-12490,Cindy Schnelling,3,107.12,0.4,-21.42,0,4,82.38,Corporate,Technology,East
CS-12490,Cindy Schnelling,3,6.99,0.0,2.03,0,4,82.38,Corporate,Office Supplies,East
CS-12490,Cindy Schnelling,1,6.84,0.0,1.85,0,4,82.38,Corporate,Office Supplies,East
CS-12490,Cindy Schnelling,7,562.29,0.45,-255.59,0,4,82.38,Corporate,Furniture,South
CS-12490,Cindy Schnelling,9,111.67,0.2,6.98,0,4,82.38,Corporate,Office Supplies,Central
CS-12505,Cindy Stewart,5,18.75,0.0,9.0,0,6,164.62,Consumer,Office Supplies,West
CS-12505,Cindy Stewart,3,12.84,0.0,5.78,0,6,164.62,Consumer,Office Supplies,West
CS-12505,Cindy Stewart,6,25.68,0.0,11.56,0,6,164.62,Consumer,Office Supplies,West
CS-12505,Cindy Stewart,4,396.0,0.0,190.08,0,6,164.62,Consumer,Technology,South
CS-12505,Cindy Stewart,7,52.14,0.2,5.87,0,6,164.62,Consumer,Office Supplies,South
CS-12505,Cindy Stewart,2,456.59,0.7,-304.39,0,6,164.62,Consumer,Office Supplies,East
CS-12505,Cindy Stewart,5,4499.99,0.7,-6599.98,0,6,164.62,Consumer,Technology,East
CS-12505,Cindy Stewart,3,59.98,0.2,12.0,0,6,164.62,Consumer,Technology,East
CS-12505,Cindy Stewart,5,168.1,0.0,43.71,0,6,164.62,Consumer,Office Supplies,West
CT-11995,Carol Triggs,3,16.14,0.0,7.91,0,8,72.76,Consumer,Office Supplies,East
CT-11995,Carol Triggs,2,194.25,0.3,-38.85,0,8,72.76,Consumer,Furniture,East
CT-11995,Carol Triggs,3,8.64,0.0,2.51,0,8,72.76,Consumer,Office Supplies,East
CT-11995,Carol Triggs,4,872.32,0.0,244.25,0,8,72.76,Consumer,Furniture,East
CT-11995,Carol Triggs,2,51.97,0.2,10.39,0,8,72.76,Consumer,Furniture,West
CT-11995,Carol Triggs,3,71.98,0.2,21.59,0,8,72.76,Consumer,Technology,West
CT-11995,Carol Triggs,3,242.35,0.2,-42.41,0,8,72.76,Consumer,Furniture,West
CT-11995,Carol Triggs,5,221.92,0.2,77.67,0,8,72.76,Consumer,Office Supplies,West
CT-11995,Carol Triggs,2,8.45,0.2,2.64,0,8,72.76,Consumer,Office Supplies,West
CT-11995,Carol Triggs,2,190.86,0.0,11.45,0,8,72.76,Consumer,Office Supplies,Central
CT-11995,Carol Triggs,8,24.32,0.0,8.27,0,8,72.76,Consumer,Office Supplies,Central
CT-11995,Carol Triggs,2,185.38,0.2,-34.76,0,8,72.76,Consumer,Office Supplies,Central
CT-11995,Carol Triggs,1,58.92,0.8,-153.2,0,8,72.76,Consumer,Office Supplies,Central
CT-11995,Carol Triggs,3,494.98,0.4,-115.5,0,8,72.76,Consumer,Technology,East
CT-11995,Carol Triggs,3,8.64,0.0,2.51,0,8,72.76,Consumer,Office Supplies,Central
CT-11995,Carol Triggs,9,312.55,0.2,101.58,0,8,72.76,Consumer,Office Supplies,West
CT-11995,Carol Triggs,2,8.26,0.0,3.88,0,8,72.76,Consumer,Office Supplies,Central
CT-11995,Carol Triggs,3,269.97,0.0,51.29,0,8,72.76,Consumer,Furniture,Central
CV-12295,Christina VanderZanden,3,6.12,0.0,2.88,0,5,93.25,Consumer,Office Supplies,Central
CV-12295,Christina VanderZanden,4,1184.72,0.0,106.62,0,5,93.25,Consumer,Furniture,Central
CV-12295,Christina VanderZanden,3,239.98,0.2,53.99,0,5,93.25,Consumer,Technology,Central
CV-12295,Christina VanderZanden,1,63.94,0.0,24.94,0,5,93.25,Consumer,Furniture,East
CV-12295,Christina VanderZanden,5,60.6,0.2,20.45,0,5,93.25,Consumer,Office Supplies,East
CV-12295,Christina VanderZanden,4,22.72,0.0,6.59,0,5,93.25,Consumer,Office Supplies,East
CV-12295,Christina VanderZanden,4,176.04,0.0,45.77,0,5,93.25,Consumer,Office Supplies,West
CV-12295,Christina VanderZanden,9,16.02,0.0,4.49,0,5,93.25,Consumer,Office Supplies,West
CV-12295,Christina VanderZanden,4,185.92,0.2,62.75,0,5,93.25,Consumer,Office Supplies,West
CV-12295,Christina VanderZanden,4,211.17,0.2,15.84,0,5,93.25,Consumer,Technology,West
CV-12295,Christina VanderZanden,2,479.98,0.2,60.0,0,5,93.25,Consumer,Technology,West
CV-12295,Christina VanderZanden,7,146.86,0.0,70.49,0,5,93.25,Consumer,Office Supplies,Central
CV-12295,Christina VanderZanden,4,36.56,0.0,18.28,0,5,93.25,Consumer,Office Supplies,Central
CV-12805,Cynthia Voltz,6,856.66,0.2,107.08,0,9,33.06,Corporate,Office Supplies,Central
CV-12805,Cynthia Voltz,4,13.18,0.8,-20.44,0,9,33.06,Corporate,Office Supplies,Central
CV-12805,Cynthia Voltz,4,48.78,0.8,-131.72,0,9,33.06,Corporate,Office Supplies,Central
CV-12805,Cynthia Voltz,2,76.64,0.2,26.82,0,9,33.06,Corporate,Office Supplies,Central
CV-12805,Cynthia Voltz,6,18.53,0.8,-27.79,0,9,33.06,Corporate,Office Supplies,Central
CV-12805,Cynthia Voltz,2,21.88,0.0,10.94,0,9,33.06,Corporate,Office Supplies,West
CV-12805,Cynthia Voltz,3,207.85,0.1,2.31,0,9,33.06,Corporate,Furniture,East
CV-12805,Cynthia Voltz,3,167.98,0.2,10.5,0,9,33.06,Corporate,Technology,West
CV-12805,Cynthia Voltz,3,109.53,0.0,47.1,0,9,33.06,Corporate,Technology,West
CV-12805,Cynthia Voltz,2,9.82,0.0,4.81,0,9,33.06,Corporate,Office Supplies,West
CV-12805,Cynthia Voltz,2,51.97,0.2,10.39,0,9,33.06,Corporate,Furniture,East
CV-12805,Cynthia Voltz,3,51.34,0.2,5.78,0,9,33.06,Corporate,Office Supplies,East
CV-12805,Cynthia Voltz,1,332.7,0.2,33.27,0,9,33.06,Corporate,Office Supplies,East
CV-12805,Cynthia Voltz,3,42.41,0.2,9.54,0,9,33.06,Corporate,Furniture,East
CV-12805,Cynthia Voltz,4,33.12,0.2,11.59,0,9,33.06,Corporate,Office Supplies,Central
CV-12805,Cynthia Voltz,4,220.27,0.32,-42.11,0,9,33.06,Corporate,Furniture,Central
CV-12805,Cynthia Voltz,5,53.9,0.0,25.87,0,9,33.06,Corporate,Office Supplies,Central
CV-12805,Cynthia Voltz,3,11.81,0.2,4.13,0,9,33.06,Corporate,Office Supplies,West
CV-12805,Cynthia Voltz,2,41.96,0.0,10.91,0,9,33.06,Corporate,Furniture,East
CW-11905,Carl Weiss,1,7.99,0.2,0.6,0,6,127.8,Home Office,Technology,Central
CW-11905,Carl Weiss,2,63.98,0.2,10.4,0,6,127.8,Home Office,Technology,Central
CW-11905,Carl Weiss,2,70.37,0.2,6.16,0,6,127.8,Home Office,Office Supplies,Central
CW-11905,Carl Weiss,3,29.04,0.0,13.94,0,6,127.8,Home Office,Office Supplies,West
CW-11905,Carl Weiss,2,14.62,0.0,6.87,0,6,127.8,Home Office,Office Supplies,West
CW-11905,Carl Weiss,6,7.56,0.0,0.3,0,6,127.8,Home Office,Office Supplies,East
CW-11905,Carl Weiss,2,7.71,0.2,2.8,0,6,127.8,Home Office,Office Supplies,West
CW-11905,Carl Weiss,1,4.18,0.2,1.3,0,6,127.8,Home Office,Office Supplies,West
CW-11905,Carl Weiss,6,38.88,0.0,18.66,0,6,127.8,Home Office,Office Supplies,West
CW-11905,Carl Weiss,9,299.52,0.0,149.76,0,6,127.8,Home Office,Office Supplies,East
CW-11905,Carl Weiss,6,592.74,0.0,160.04,0,6,127.8,Home Office,Office Supplies,East
CY-12745,Craig Yedwab,2,210.39,0.8,-336.63,0,8,105.4,Corporate,Office Supplies,Central
CY-12745,Craig Yedwab,4,467.04,0.2,58.38,0,8,105.4,Corporate,Technology,South
CY-12745,Craig Yedwab,2,5.9,0.2,1.99,0,8,105.4,Corporate,Office Supplies,West
CY-12745,Craig Yedwab,4,621.76,0.2,46.63,0,8,105.4,Corporate,Furniture,West
CY-12745,Craig Yedwab,3,71.98,0.2,7.2,0,8,105.4,Corporate,Technology,West
CY-12745,Craig Yedwab,1,3.15,0.0,1.51,0,8,105.4,Corporate,Office Supplies,West
CY-12745,Craig Yedwab,8,87.28,0.0,41.02,0,8,105.4,Corporate,Office Supplies,South
CY-12745,Craig Yedwab,7,895.94,0.2,190.39,0,8,105.4,Corporate,Technology,East
CY-12745,Craig Yedwab,5,17.9,0.0,8.77,0,8,105.4,Corporate,Office Supplies,West
CY-12745,Craig Yedwab,4,508.77,0.2,38.16,0,8,105.4,Corporate,Technology,Central
CY-12745,Craig Yedwab,3,9.91,0.2,3.22,0,8,105.4,Corporate,Office Supplies,Central
Co-12640,Corey-Lock,6,471.9,0.0,155.73,0,5,105.71,Consumer,Office Supplies,Central
Co-12640,Corey-Lock,2,3.52,0.0,1.69,0,5,105.71,Consumer,Office Supplies,Central
Co-12640,Corey-Lock,2,5.04,0.2,1.76,0,5,105.71,Consumer,Office Supplies,East
Co-12640,Corey-Lock,6,32.95,0.6,-19.77,0,5,105.71,Consumer,Furniture,Central
Co-12640,Corey-Lock,4,30.02,0.2,3.0,0,5,105.71,Consumer,Office Supplies,Central
Co-12640,Corey-Lock,2,6.37,0.2,2.15,0,5,105.71,Consumer,Office Supplies,West
Co-12640,Corey-Lock,2,558.4,0.2,41.88,0,5,105.71,Consumer,Technology,West
Co-12640,Corey-Lock,6,191.88,0.0,19.19,0,5,105.71,Consumer,Office Supplies,South
DA-13450,Dianna Arnett,2,10.37,0.2,3.63,0,4,141.86,Home Office,Office Supplies,Central
DA-13450,Dianna Arnett,3,6.24,0.2,0.55,0,4,141.86,Home Office,Office Supplies,Central
DA-13450,Dianna Arnett,2,9.64,0.0,4.72,0,4,141.86,Home Office,Office Supplies,South
DA-13450,Dianna Arnett,6,16.7,0.2,1.25,0,4,141.86,Home Office,Office Supplies,East
DA-13450,Dianna Arnett,2,3.15,0.2,0.47,0,4,141.86,Home Office,Technology,East
DA-13450,Dianna Arnett,4,32.9,0.2,11.1,0,4,141.86,Home Office,Office Supplies,East
DA-13450,Dianna Arnett,6,40.08,0.0,19.24,0,4,141.86,Home Office,Office Supplies,East
DA-13450,Dianna Arnett,2,37.68,0.0,15.83,0,4,141.86,Home Office,Furniture,East
DB-12910,Daniel Byrd,2,10.37,0.2,3.63,0,8,103.82,Home Office,Office Supplies,South
DB-12910,Daniel Byrd,4,7.04,0.0,3.1,0,8,103.82,Home Office,Furniture,South
DB-12910,Daniel Byrd,4,15.01,0.6,-12.01,0,8,103.82,Home Office,Furniture,Central
DB-12910,Daniel Byrd,2,6.16,0.0,2.96,0,8,103.82,Home Office,Office Supplies,West
DB-12910,Daniel Byrd,4,915.14,0.2,102.95,0,8,103.82,Home Office,Furniture,West
DB-12910,Daniel Byrd,2,8.56,0.0,3.85,0,8,103.82,Home Office,Office Supplies,West
DB-12910,Daniel Byrd,2,97.82,0.0,45.98,0,8,103.82,Home Office,Office Supplies,West
DB-12910,Daniel Byrd,5,61.0,0.0,25.62,0,8,103.82,Home Office,Furniture,South
DB-12910,Daniel Byrd,7,671.93,0.0,188.14,0,8,103.82,Home Office,Technology,South
DB-12910,Daniel Byrd,7,184.66,0.0,84.94,0,8,103.82,Home Office,Office Supplies,South
DB-12910,Daniel Byrd,5,45.66,0.7,-33.48,0,8,103.82,Home Office,Office Supplies,South
DB-12910,Daniel Byrd,3,148.26,0.15,15.7,0,8,103.82,Home Office,Furniture,West
DB-12970,Darren Budd,1,2.67,0.2,0.33,0,5,69.46,Corporate,Office Supplies,Central
DB-12970,Darren Budd,6,16.66,0.2,-3.12,0,5,69.46,Corporate,Office Supplies,Central
DB-12970,Darren Budd,3,79.51,0.2,20.87,0,5,69.46,Corporate,Technology,Central
DB-12970,Darren Budd,7,36.29,0.2,12.7,0,5,69.46,Corporate,Office Supplies,Central
DB-12970,Darren Budd,1,67.99,0.32,-13.0,0,5,69.46,Corporate,Furniture,Central
DB-12970,Darren Budd,2,55.26,0.2,20.72,0,5,69.46,Corporate,Office Supplies,West
DB-12970,Darren Budd,1,6.48,0.0,3.11,0,5,69.46,Corporate,Office Supplies,West
DB-12970,Darren Budd,3,34.25,0.2,11.56,0,5,69.46,Corporate,Office Supplies,West
DB-12970,Darren Budd,2,273.57,0.2,10.26,0,5,69.46,Corporate,Furniture,West
DB-12970,Darren Budd,2,253.76,0.1,31.02,0,5,69.46,Corporate,Furniture,East
DB-12970,Darren Budd,2,313.18,0.4,-120.05,0,5,69.46,Corporate,Furniture,East
DB-12970,Darren Budd,3,866.65,0.1,173.33,0,5,69.46,Corporate,Furniture,East
DB-12970,Darren Budd,2,69.52,0.0,19.47,0,5,69.46,Corporate,Office Supplies,West
DB-12970,Darren Budd,8,763.44,0.0,45.81,0,5,69.46,Corporate,Office Supplies,West
DB-13060,Dave Brooks,2,457.57,0.2,51.48,0,7,115.33,Consumer,Furniture,West
DB-13060,Dave Brooks,7,1322.93,0.0,357.19,0,7,115.33,Consumer,Technology,East
DB-13060,Dave Brooks,2,3.76,0.0,1.09,0,7,115.33,Consumer,Office Supplies,East
DB-13060,Dave Brooks,3,871.8,0.2,87.18,0,7,115.33,Consumer,Office Supplies,South
DB-13060,Dave Brooks,5,714.3,0.0,207.15,0,7,115.33,Consumer,Office Supplies,East
DB-13060,Dave Brooks,2,91.96,0.0,15.63,0,7,115.33,Consumer,Furniture,West
DB-13060,Dave Brooks,2,258.58,0.2,19.39,0,7,115.33,Consumer,Technology,West
DB-13060,Dave Brooks,4,29.6,0.0,13.32,0,7,115.33,Consumer,Office Supplies,West
DB-13060,Dave Brooks,3,323.98,0.2,20.25,0,7,115.33,Consumer,Technology,Central
DB-13060,Dave Brooks,6,266.35,0.6,-292.99,0,7,115.33,Consumer,Furniture,Central
DB-13060,Dave Brooks,3,56.33,0.6,-26.76,0,7,115.33,Consumer,Furniture,Central
DB-13060,Dave Brooks,3,39.26,0.2,-4.91,0,7,115.33,Consumer,Technology,Central
DB-13060,Dave Brooks,6,95.23,0.2,25.0,0,7,115.33,Consumer,Office Supplies,Central
DB-13120,David Bremer,3,63.55,0.2,14.3,0,7,71.23,Corporate,Furniture,South
DB-13120,David Bremer,3,41.38,0.2,4.65,0,7,71.23,Corporate,Office Supplies,South
DB-13120,David Bremer,6,172.7,0.2,10.79,0,7,71.23,Corporate,Office Supplies,South
DB-13120,David Bremer,3,31.44,0.0,8.49,0,7,71.23,Corporate,Office Supplies,West
DB-13120,David Bremer,2,17.9,0.0,3.4,0,7,71.23,Corporate,Technology,West
DB-13120,David Bremer,5,129.45,0.0,46.6,0,7,71.23,Corporate,Technology,West
DB-13120,David Bremer,2,8.96,0.0,4.39,0,7,71.23,Corporate,Office Supplies,West
DB-13120,David Bremer,7,132.79,0.0,63.74,0,7,71.23,Corporate,Office Supplies,East
DB-13120,David Bremer,2,12.96,0.0,6.22,0,7,71.23,Corporate,Office Supplies,East
DB-13120,David Bremer,7,21.56,0.0,10.35,0,7,71.23,Corporate,Office Supplies,East
DB-13120,David Bremer,9,1548.99,0.4,-464.7,0,7,71.23,Corporate,Furniture,East
DB-13120,David Bremer,3,19.87,0.2,6.71,0,7,71.23,Corporate,Office Supplies,East
DB-13120,David Bremer,5,760.98,0.8,-1141.47,0,7,71.23,Corporate,Office Supplies,Central
DB-13120,David Bremer,2,10.56,0.0,4.75,0,7,71.23,Corporate,Office Supplies,West
DB-13210,Dean Braden,1,18.39,0.2,5.29,0,10,50.25,Consumer,Technology,Central
DB-13210,Dean Braden,2,129.57,0.2,-25.91,0,10,50.25,Consumer,Office Supplies,Central
DB-13210,Dean Braden,9,14.11,0.8,-21.17,0,10,50.25,Consumer,Office Supplies,Central
DB-13210,Dean Braden,5,67.64,0.2,5.92,0,10,50.25,Consumer,Office Supplies,South
DB-13210,Dean Braden,3,119.98,0.2,-18.0,0,10,50.25,Consumer,Technology,South
DB-13210,Dean Braden,2,2.69,0.7,-2.24,0,10,50.25,Consumer,Office Supplies,South
DB-13210,Dean Braden,3,122.35,0.2,13.76,0,10,50.25,Consumer,Furniture,West
DB-13210,Dean Braden,9,58.25,0.2,11.65,0,10,50.25,Consumer,Furniture,East
DB-13210,Dean Braden,2,71.25,0.3,-19.34,0,10,50.25,Consumer,Furniture,East
DB-13210,Dean Braden,3,7.87,0.2,0.59,0,10,50.25,Consumer,Office Supplies,East
DB-13210,Dean Braden,3,887.27,0.3,-63.38,0,10,50.25,Consumer,Furniture,East
DB-13210,Dean Braden,1,5.34,0.2,1.87,0,10,50.25,Consumer,Office Supplies,East
DB-13210,Dean Braden,1,36.19,0.2,2.71,0,10,50.25,Consumer,Technology,South
DB-13210,Dean Braden,2,85.52,0.0,22.24,0,10,50.25,Consumer,Office Supplies,Central
DB-13210,Dean Braden,6,104.88,0.0,41.95,0,10,50.25,Consumer,Technology,Central
DB-13210,Dean Braden,5,34.7,0.0,12.49,0,10,50.25,Consumer,Office Supplies,Central
DB-13210,Dean Braden,4,33.72,0.0,15.51,0,10,50.25,Consumer,Office Supplies,Central
DB-13210,Dean Braden,3,14.94,0.0,7.02,0,10,50.25,Consumer,Office Supplies,Central
DB-13210,Dean Braden,3,281.97,0.0,78.95,0,10,50.25,Consumer,Technology,East
DB-13210,Dean Braden,5,69.5,0.0,20.16,0,10,50.25,Consumer,Office Supplies,East
DB-13210,Dean Braden,3,166.44,0.0,79.89,0,10,50.25,Consumer,Office Supplies,East
DB-13270,Deborah Brumfield,3,82.9,0.2,29.01,0,8,114.33,Home Office,Office Supplies,West
DB-13270,Deborah Brumfield,4,34.24,0.0,16.09,0,8,114.33,Home Office,Office Supplies,West
DB-13270,Deborah Brumfield,1,25.99,0.0,7.54,0,8,114.33,Home Office,Office Supplies,East
DB-13270,Deborah Brumfield,3,3.88,0.8,-5.82,0,8,114.33,Home Office,Office Supplies,Central
DB-13270,Deborah Brumfield,4,37.31,0.2,2.8,0,8,114.33,Home Office,Office Supplies,East
DB-13270,Deborah Brumfield,5,2079.4,0.0,582.23,0,8,114.33,Home Office,Office Supplies,East
DB-13270,Deborah Brumfield,5,629.95,0.0,176.39,0,8,114.33,Home Office,Technology,East
DB-13270,Deborah Brumfield,6,72.42,0.0,23.9,0,8,114.33,Home Office,Furniture,East
DB-13270,Deborah Brumfield,5,403.92,0.2,25.25,0,8,114.33,Home Office,Furniture,West
DB-13270,Deborah Brumfield,3,6.89,0.8,-11.02,0,8,114.33,Home Office,Office Supplies,Central
DB-13270,Deborah Brumfield,3,457.48,0.3,-84.96,0,8,114.33,Home Office,Furniture,Central
DB-13270,Deborah Brumfield,3,59.97,0.0,13.79,0,8,114.33,Home Office,Technology,West
DB-13270,Deborah Brumfield,7,761.54,0.2,66.64,0,8,114.33,Home Office,Technology,West
DB-13360,Dennis Bolton,3,166.44,0.0,79.89,0,5,174.6,Home Office,Office Supplies,West
DB-13360,Dennis Bolton,9,43.06,0.2,15.61,0,5,174.6,Home Office,Office Supplies,East
DB-13360,Dennis Bolton,7,51.18,0.2,19.19,0,5,174.6,Home Office,Office Supplies,West
DB-13360,Dennis Bolton,3,434.65,0.1,62.78,0,5,174.6,Home Office,Furniture,East
DB-13360,Dennis Bolton,1,99.99,0.0,42.0,0,5,174.6,Home Office,Technology,East
DB-13360,Dennis Bolton,5,286.15,0.0,71.54,0,5,174.6,Home Office,Office Supplies,East
DB-13405,Denny Blanton,2,39.66,0.0,11.9,0,4,52.92,Consumer,Office Supplies,East
DB-13405,Denny Blanton,2,113.92,0.0,33.04,0,4,52.92,Consumer,Office Supplies,East
DB-13405,Denny Blanton,7,447.86,0.0,210.49,0,4,52.92,Consumer,Office Supplies,East
DB-13405,Denny Blanton,3,87.17,0.2,10.9,0,4,52.92,Consumer,Technology,South
DB-13405,Denny Blanton,5,18.75,0.0,9.0,0,4,52.92,Consumer,Office Supplies,East
DB-13405,Denny Blanton,6,119.7,0.0,31.12,0,4,52.92,Consumer,Technology,East
DB-13405,Denny Blanton,3,9.14,0.2,3.09,0,4,52.92,Consumer,Office Supplies,East
DB-13405,Denny Blanton,3,57.06,0.0,18.26,0,4,52.92,Consumer,Technology,East
DB-13405,Denny Blanton,8,71.6,0.0,13.6,0,4,52.92,Consumer,Technology,East
DB-13405,Denny Blanton,8,107.44,0.0,27.93,0,4,52.92,Consumer,Office Supplies,East
DB-13405,Denny Blanton,1,7.31,0.0,3.44,0,4,52.92,Consumer,Office Supplies,East
DB-13405,Denny Blanton,6,59.1,0.0,22.46,0,4,52.92,Consumer,Office Supplies,East
DB-13405,Denny Blanton,3,46.53,0.0,12.1,0,4,52.92,Consumer,Office Supplies,East
DB-13405,Denny Blanton,5,526.45,0.0,31.59,0,4,52.92,Consumer,Furniture,Central
DB-13555,Dorothy Badders,6,828.84,0.0,0.0,0,7,95.54,Corporate,Office Supplies,South
DB-13555,Dorothy Badders,2,2.82,0.2,0.99,0,7,95.54,Corporate,Office Supplies,South
DB-13555,Dorothy Badders,1,7.31,0.0,3.44,0,7,95.54,Corporate,Office Supplies,South
DB-13555,Dorothy Badders,4,8.92,0.0,3.92,0,7,95.54,Corporate,Furniture,South
DB-13555,Dorothy Badders,3,59.52,0.0,15.48,0,7,95.54,Corporate,Office Supplies,East
DB-13555,Dorothy Badders,7,57.96,0.0,27.24,0,7,95.54,Corporate,Office Supplies,East
DB-13555,Dorothy Badders,2,441.96,0.0,101.65,0,7,95.54,Corporate,Furniture,East
DB-13555,Dorothy Badders,6,68.04,0.0,33.34,0,7,95.54,Corporate,Office Supplies,East
DB-13555,Dorothy Badders,10,11.06,0.8,-18.8,0,7,95.54,Corporate,Office Supplies,Central
DB-13555,Dorothy Badders,7,623.46,0.32,-119.19,0,7,95.54,Corporate,Furniture,Central
DB-13555,Dorothy Badders,5,772.68,0.2,-57.95,0,7,95.54,Corporate,Office Supplies,Central
DB-13555,Dorothy Badders,1,9.1,0.2,1.71,0,7,95.54,Corporate,Technology,East
DB-13555,Dorothy Badders,4,942.78,0.2,94.28,0,7,95.54,Corporate,Office Supplies,South
DB-13555,Dorothy Badders,3,74.35,0.2,23.23,0,7,95.54,Corporate,Office Supplies,South
DB-13615,Doug Bickford,7,43.18,0.2,13.49,0,7,115.4,Consumer,Office Supplies,West
DB-13615,Doug Bickford,1,4.75,0.2,1.6,0,7,115.4,Consumer,Office Supplies,West
DB-13615,Doug Bickford,2,959.98,0.2,335.99,0,7,115.4,Consumer,Technology,West
DB-13615,Doug Bickford,4,14.37,0.2,4.49,0,7,115.4,Consumer,Office Supplies,West
DB-13615,Doug Bickford,5,387.72,0.2,-67.85,0,7,115.4,Consumer,Office Supplies,South
DB-13615,Doug Bickford,3,34.05,0.0,9.53,0,7,115.4,Consumer,Office Supplies,West
DB-13615,Doug Bickford,2,352.38,0.0,81.05,0,7,115.4,Consumer,Office Supplies,West
DB-13615,Doug Bickford,4,84.42,0.2,27.44,0,7,115.4,Consumer,Office Supplies,West
DB-13615,Doug Bickford,7,55.86,0.0,27.93,0,7,115.4,Consumer,Office Supplies,West
DB-13615,Doug Bickford,5,8.76,0.2,0.77,0,7,115.4,Consumer,Office Supplies,South
DB-13615,Doug Bickford,1,43.58,0.2,4.36,0,7,115.4,Consumer,Office Supplies,South
DB-13660,Duane Benoit,3,65.97,0.0,31.01,0,7,142.22,Consumer,Technology,East
DB-13660,Duane Benoit,6,10.48,0.8,-17.29,0,7,142.22,Consumer,Office Supplies,Central
DB-13660,Duane Benoit,4,156.51,0.2,-35.22,0,7,142.22,Consumer,Office Supplies,East
DB-13660,Duane Benoit,2,9.84,0.0,4.72,0,7,142.22,Consumer,Office Supplies,East
DB-13660,Duane Benoit,1,7.78,0.0,3.5,0,7,142.22,Consumer,Office Supplies,East
DB-13660,Duane Benoit,2,6.85,0.2,2.14,0,7,142.22,Consumer,Office Supplies,Central
DB-13660,Duane Benoit,8,211.04,0.0,97.08,0,7,142.22,Consumer,Office Supplies,West
DB-13660,Duane Benoit,2,594.82,0.2,59.48,0,7,142.22,Consumer,Furniture,West
DB-13660,Duane Benoit,3,72.96,0.2,23.71,0,7,142.22,Consumer,Office Supplies,West
DB-13660,Duane Benoit,2,18.96,0.0,8.53,0,7,142.22,Consumer,Furniture,East
DC-12850,Dan Campbell,3,220.78,0.2,-44.16,0,9,72.76,Consumer,Office Supplies,Central
DC-12850,Dan Campbell,11,281.42,0.2,-35.18,0,9,72.76,Consumer,Office Supplies,Central
DC-12850,Dan Campbell,3,5.46,0.0,1.47,0,9,72.76,Consumer,Office Supplies,East
DC-12850,Dan Campbell,3,14.5,0.2,4.89,0,9,72.76,Consumer,Office Supplies,South
DC-12850,Dan Campbell,3,301.47,0.5,-241.18,0,9,72.76,Consumer,Furniture,East
DC-12850,Dan Campbell,2,18.66,0.2,1.63,0,9,72.76,Consumer,Office Supplies,East
DC-12850,Dan Campbell,2,12.48,0.0,5.62,0,9,72.76,Consumer,Office Supplies,South
DC-12850,Dan Campbell,3,37.61,0.2,12.69,0,9,72.76,Consumer,Office Supplies,South
DC-12850,Dan Campbell,7,272.05,0.2,30.61,0,9,72.76,Consumer,Office Supplies,South
DC-12850,Dan Campbell,6,1614.58,0.7,-1237.85,0,9,72.76,Consumer,Office Supplies,South
DC-12850,Dan Campbell,5,24.32,0.2,9.12,0,9,72.76,Consumer,Office Supplies,South
DC-12850,Dan Campbell,2,1.58,0.2,0.48,0,9,72.76,Consumer,Technology,South
DC-12850,Dan Campbell,1,31.98,0.2,0.0,0,9,72.76,Consumer,Furniture,South
DC-12850,Dan Campbell,5,14.76,0.2,4.8,0,9,72.76,Consumer,Office Supplies,South
DC-12850,Dan Campbell,2,423.65,0.2,47.66,0,9,72.76,Consumer,Furniture,South
DC-12850,Dan Campbell,2,8.93,0.2,0.56,0,9,72.76,Consumer,Office Supplies,Central
DC-12850,Dan Campbell,2,47.58,0.2,-2.97,0,9,72.76,Consumer,Office Supplies,Central
DC-12850,Dan Campbell,2,4.36,0.0,0.17,0,9,72.76,Consumer,Office Supplies,Central
DC-13285,Debra Catini,2,24.56,0.0,6.88,0,5,179.0,Consumer,Office Supplies,Central
DC-13285,Debra Catini,4,119.8,0.0,47.92,0,5,179.0,Consumer,Technology,Central
DC-13285,Debra Catini,7,447.94,0.2,89.59,0,5,179.0,Consumer,Technology,South
DC-13285,Debra Catini,9,150.41,0.2,-33.84,0,5,179.0,Consumer,Office Supplies,South
DC-13285,Debra Catini,7,41.86,0.0,10.46,0,5,179.0,Consumer,Office Supplies,South
DC-13285,Debra Catini,2,307.67,0.15,-14.48,0,5,179.0,Consumer,Furniture,West
DC-13285,Debra Catini,6,82.38,0.0,25.54,0,5,179.0,Consumer,Furniture,South
DD-13570,Dorothy Dickinson,7,8.13,0.8,-13.83,0,6,166.12,Consumer,Office Supplies,Central
DD-13570,Dorothy Dickinson,2,79.98,0.2,14.0,0,6,166.12,Consumer,Technology,Central
DD-13570,Dorothy Dickinson,1,39.13,0.2,-8.8,0,6,166.12,Consumer,Office Supplies,South
DD-13570,Dorothy Dickinson,2,4.31,0.8,-6.9,0,6,166.12,Consumer,Office Supplies,Central
DD-13570,Dorothy Dickinson,5,15.7,0.0,7.06,0,6,166.12,Consumer,Office Supplies,West
DD-13570,Dorothy Dickinson,3,59.52,0.0,15.48,0,6,166.12,Consumer,Office Supplies,West
DD-13570,Dorothy Dickinson,5,34.4,0.0,15.82,0,6,166.12,Consumer,Office Supplies,West
DD-13570,Dorothy Dickinson,1,3.3,0.2,1.07,0,6,166.12,Consumer,Office Supplies,East
DD-13570,Dorothy Dickinson,7,25.06,0.0,12.53,0,6,166.12,Consumer,Office Supplies,South
DE-13255,Deanra Eno,1,3.91,0.2,1.03,0,5,63.38,Home Office,Office Supplies,East
DE-13255,Deanra Eno,6,20.04,0.0,8.82,0,5,63.38,Home Office,Furniture,West
DE-13255,Deanra Eno,7,947.17,0.0,9.47,0,5,63.38,Home Office,Office Supplies,West
DE-13255,Deanra Eno,2,61.96,0.0,27.88,0,5,63.38,Home Office,Office Supplies,West
DE-13255,Deanra Eno,4,15.24,0.0,6.86,0,5,63.38,Home Office,Office Supplies,Central
DE-13255,Deanra Eno,10,1408.1,0.0,394.27,0,5,63.38,Home Office,Furniture,Central
DE-13255,Deanra Eno,3,15.55,0.2,5.44,0,5,63.38,Home Office,Office Supplies,East
DE-13255,Deanra Eno,3,63.31,0.2,20.58,0,5,63.38,Home Office,Office Supplies,East
DE-13255,Deanra Eno,2,15.59,0.4,-9.87,0,5,63.38,Home Office,Technology,East
DF-13135,David Flashing,5,14.45,0.0,6.79,0,3,96.6,Consumer,Office Supplies,West
DF-13135,David Flashing,2,95.65,0.2,31.09,0,3,96.6,Consumer,Office Supplies,West
DF-13135,David Flashing,6,212.64,0.0,99.94,0,3,96.6,Consumer,Office Supplies,East
DF-13135,David Flashing,4,1439.97,0.2,144.0,0,3,96.6,Consumer,Technology,Central
DF-13135,David Flashing,3,1.73,0.8,-2.68,0,3,96.6,Consumer,Office Supplies,Central
DF-13135,David Flashing,3,626.1,0.5,-538.45,0,3,96.6,Consumer,Furniture,Central
DG-13300,Deirdre Greer,2,76.12,0.0,22.07,0,5,160.43,Corporate,Office Supplies,East
DG-13300,Deirdre Greer,2,168.46,0.2,-29.48,0,5,160.43,Corporate,Furniture,East
DG-13300,Deirdre Greer,2,6.72,0.2,2.44,0,5,160.43,Corporate,Office Supplies,East
DG-13300,Deirdre Greer,9,282.89,0.2,56.58,0,5,160.43,Corporate,Furniture,East
DG-13300,Deirdre Greer,8,582.34,0.2,-29.12,0,5,160.43,Corporate,Furniture,West
DG-13300,Deirdre Greer,3,19.44,0.0,9.33,0,5,160.43,Corporate,Office Supplies,West
DG-13300,Deirdre Greer,11,1979.89,0.0,494.97,0,5,160.43,Corporate,Technology,East
DG-13300,Deirdre Greer,2,79.96,0.0,35.98,0,5,160.43,Corporate,Office Supplies,East
DH-13075,Dave Hallsten,1,36.99,0.0,9.99,0,6,39.0,Corporate,Technology,South
DH-13075,Dave Hallsten,6,629.1,0.0,301.97,0,6,39.0,Corporate,Office Supplies,South
DH-13075,Dave Hallsten,3,193.95,0.0,9.7,0,6,39.0,Corporate,Office Supplies,South
DH-13075,Dave Hallsten,3,5.46,0.0,1.47,0,6,39.0,Corporate,Office Supplies,South
DH-13075,Dave Hallsten,2,15.98,0.2,1.2,0,6,39.0,Corporate,Technology,West
DH-13075,Dave Hallsten,3,184.75,0.2,-20.78,0,6,39.0,Corporate,Furniture,West
DH-13075,Dave Hallsten,3,49.85,0.2,16.82,0,6,39.0,Corporate,Office Supplies,East
DH-13075,Dave Hallsten,1,23.99,0.0,12.0,0,6,39.0,Corporate,Office Supplies,East
DH-13075,Dave Hallsten,8,1087.94,0.2,353.58,0,6,39.0,Corporate,Office Supplies,East
DH-13075,Dave Hallsten,2,199.98,0.0,53.99,0,6,39.0,Corporate,Technology,East
DH-13075,Dave Hallsten,4,83.92,0.0,20.14,0,6,39.0,Corporate,Office Supplies,East
DH-13075,Dave Hallsten,6,24.78,0.0,6.94,0,6,39.0,Corporate,Office Supplies,South
DH-13075,Dave Hallsten,3,19.14,0.0,8.8,0,6,39.0,Corporate,Office Supplies,South
DH-13075,Dave Hallsten,3,899.97,0.0,314.99,0,6,39.0,Corporate,Technology,South
DH-13075,Dave Hallsten,5,32.4,0.0,15.55,0,6,39.0,Corporate,Office Supplies,South
DH-13075,Dave Hallsten,2,8.71,0.8,-19.6,0,6,39.0,Corporate,Office Supplies,Central
DH-13075,Dave Hallsten,2,12.96,0.0,6.35,0,6,39.0,Corporate,Office Supplies,West
DH-13075,Dave Hallsten,1,26.48,0.0,10.06,0,6,39.0,Corporate,Furniture,West
DH-13075,Dave Hallsten,2,532.72,0.2,53.27,0,6,39.0,Corporate,Technology,West
DH-13075,Dave Hallsten,4,26.72,0.0,12.83,0,6,39.0,Corporate,Office Supplies,West
DH-13075,Dave Hallsten,3,20.04,0.0,9.62,0,6,39.0,Corporate,Office Supplies,West
DH-13075,Dave Hallsten,7,795.48,0.0,7.95,0,6,39.0,Corporate,Office Supplies,West
DH-13075,Dave Hallsten,7,21.56,0.0,6.9,0,6,39.0,Corporate,Furniture,West
DH-13675,Duane Huffman,6,31.1,0.2,10.89,0,4,46.0,Home Office,Office Supplies,South
DH-13675,Duane Huffman,5,47.96,0.2,4.2,0,4,46.0,Home Office,Office Supplies,South
DH-13675,Duane Huffman,7,158.93,0.2,41.72,0,4,46.0,Home Office,Technology,South
DH-13675,Duane Huffman,6,211.25,0.2,15.84,0,4,46.0,Home Office,Office Supplies,South
DH-13675,Duane Huffman,2,5.55,0.2,-1.04,0,4,46.0,Home Office,Office Supplies,South
DH-13675,Duane Huffman,1,2.95,0.2,1.0,0,4,46.0,Home Office,Office Supplies,South
DH-13675,Duane Huffman,2,7.36,0.0,0.15,0,4,46.0,Home Office,Office Supplies,West
DH-13675,Duane Huffman,4,41.4,0.0,19.87,0,4,46.0,Home Office,Office Supplies,West
DH-13675,Duane Huffman,4,411.33,0.15,-4.84,0,4,46.0,Home Office,Furniture,West
DH-13675,Duane Huffman,2,85.3,0.0,14.5,0,4,46.0,Home Office,Furniture,East
DH-13675,Duane Huffman,2,39.96,0.0,14.39,0,4,46.0,Home Office,Furniture,South
DJ-13420,Denny Joy,2,39.88,0.0,11.17,0,4,120.25,Corporate,Furniture,West
DJ-13420,Denny Joy,3,79.44,0.0,28.6,0,4,120.25,Corporate,Furniture,West
DJ-13420,Denny Joy,3,392.94,0.0,43.22,0,4,120.25,Corporate,Furniture,South
DJ-13420,Denny Joy,7,45.36,0.0,21.77,0,4,120.25,Corporate,Office Supplies,West
DJ-13420,Denny Joy,5,1454.9,0.0,378.27,0,4,120.25,Corporate,Furniture,Central
DJ-13510,Don Jones,5,114.2,0.0,52.53,0,8,98.58,Corporate,Office Supplies,South
DJ-13510,Don Jones,4,17.96,0.0,8.26,0,8,98.58,Corporate,Office Supplies,South
DJ-13510,Don Jones,7,12.67,0.0,4.56,0,8,98.58,Corporate,Office Supplies,South
DJ-13510,Don Jones,4,339.96,0.0,122.39,0,8,98.58,Corporate,Technology,South
DJ-13510,Don Jones,4,1603.14,0.2,100.2,0,8,98.58,Corporate,Furniture,West
DJ-13510,Don Jones,2,20.7,0.0,9.94,0,8,98.58,Corporate,Office Supplies,East
DJ-13510,Don Jones,2,64.96,0.0,21.44,0,8,98.58,Corporate,Furniture,West
DJ-13510,Don Jones,4,30.56,0.0,14.97,0,8,98.58,Corporate,Office Supplies,West
DJ-13510,Don Jones,3,128.06,0.3,-23.78,0,8,98.58,Corporate,Furniture,East
DJ-13510,Don Jones,7,45.36,0.0,21.77,0,8,98.58,Corporate,Office Supplies,East
DJ-13510,Don Jones,3,45.78,0.0,22.89,0,8,98.58,Corporate,Office Supplies,East
DJ-13510,Don Jones,1,15.99,0.2,1.0,0,8,98.58,Corporate,Furniture,South
DJ-13510,Don Jones,6,62.35,0.2,-10.91,0,8,98.58,Corporate,Technology,West
DJ-13630,Doug Jacobs,4,319.97,0.2,36.0,0,3,105.0,Consumer,Technology,West
DJ-13630,Doug Jacobs,3,14.35,0.2,4.66,0,3,105.0,Consumer,Office Supplies,East
DJ-13630,Doug Jacobs,2,64.96,0.0,2.6,0,3,105.0,Consumer,Office Supplies,East
DJ-13630,Doug Jacobs,4,68.6,0.0,18.52,0,3,105.0,Consumer,Office Supplies,East
DJ-13630,Doug Jacobs,6,38.82,0.0,17.47,0,3,105.0,Consumer,Office Supplies,East
DJ-13630,Doug Jacobs,9,1141.94,0.1,139.57,0,3,105.0,Consumer,Furniture,East
DJ-13630,Doug Jacobs,13,1704.56,0.0,511.37,0,3,105.0,Consumer,Office Supplies,East
DJ-13630,Doug Jacobs,2,3.2,0.0,1.38,0,3,105.0,Consumer,Office Supplies,East
DK-12835,Damala Kotsonis,2,3.36,0.0,0.84,0,12,52.08,Corporate,Office Supplies,West
DK-12835,Damala Kotsonis,4,27.94,0.2,9.43,0,12,52.08,Corporate,Office Supplies,West
DK-12835,Damala Kotsonis,2,28.78,0.2,2.88,0,12,52.08,Corporate,Technology,West
DK-12835,Damala Kotsonis,2,155.37,0.3,-35.51,0,12,52.08,Corporate,Furniture,Central
DK-12835,Damala Kotsonis,5,311.15,0.0,146.24,0,12,52.08,Corporate,Office Supplies,South
DK-12835,Damala Kotsonis,2,12.96,0.0,6.35,0,12,52.08,Corporate,Office Supplies,South
DK-12835,Damala Kotsonis,2,9.73,0.2,3.28,0,12,52.08,Corporate,Office Supplies,West
DK-12835,Damala Kotsonis,5,14.75,0.0,7.08,0,12,52.08,Corporate,Office Supplies,West
DK-12835,Damala Kotsonis,5,29.8,0.2,9.31,0,12,52.08,Corporate,Office Supplies,West
DK-12835,Damala Kotsonis,14,427.42,0.0,196.61,0,12,52.08,Corporate,Office Supplies,West
DK-12835,Damala Kotsonis,3,59.52,0.0,17.86,0,12,52.08,Corporate,Office Supplies,East
DK-12835,Damala Kotsonis,5,419.9,0.0,197.35,0,12,52.08,Corporate,Office Supplies,West
DK-12835,Damala Kotsonis,1,3.15,0.0,1.51,0,12,52.08,Corporate,Office Supplies,West
DK-12835,Damala Kotsonis,3,79.97,0.4,-29.32,0,12,52.08,Corporate,Furniture,South
DK-12835,Damala Kotsonis,2,2.95,0.7,-2.06,0,12,52.08,Corporate,Office Supplies,South
DK-12835,Damala Kotsonis,2,99.28,0.2,12.41,0,12,52.08,Corporate,Office Supplies,East
DK-12835,Damala Kotsonis,2,1.19,0.7,-0.99,0,12,52.08,Corporate,Office Supplies,East
DK-12835,Damala Kotsonis,2,7.52,0.7,-5.76,0,12,52.08,Corporate,Office Supplies,East
DK-12835,Damala Kotsonis,4,79.96,0.0,22.39,0,12,52.08,Corporate,Technology,Central
DK-12835,Damala Kotsonis,6,31.1,0.2,11.28,0,12,52.08,Corporate,Office Supplies,West
DK-12835,Damala Kotsonis,1,11.18,0.2,0.84,0,12,52.08,Corporate,Office Supplies,West
DK-12835,Damala Kotsonis,1,5.18,0.2,1.81,0,12,52.08,Corporate,Office Supplies,West
DK-12835,Damala Kotsonis,2,478.48,0.2,47.85,0,12,52.08,Corporate,Furniture,West
DK-12835,Damala Kotsonis,2,28.4,0.2,6.74,0,12,52.08,Corporate,Technology,West
DK-12835,Damala Kotsonis,3,872.94,0.0,226.96,0,12,52.08,Corporate,Furniture,Central
DK-12835,Damala Kotsonis,2,41.54,0.0,19.52,0,12,52.08,Corporate,Office Supplies,Central
DK-12835,Damala Kotsonis,2,12.96,0.0,6.22,0,12,52.08,Corporate,Office Supplies,Central
DK-12895,Dana Kaydos,3,512.94,0.0,97.46,0,5,70.21,Consumer,Furniture,Central
DK-12895,Dana Kaydos,7,860.93,0.0,189.4,0,5,70.21,Consumer,Furniture,Central
DK-12895,Dana Kaydos,5,769.95,0.0,223.29,0,5,70.21,Consumer,Technology,Central
DK-12895,Dana Kaydos,1,14.98,0.0,4.49,0,5,70.21,Consumer,Office Supplies,Central
DK-12895,Dana Kaydos,6,373.08,0.0,82.08,0,5,70.21,Consumer,Furniture,Central
DK-12895,Dana Kaydos,7,128.74,0.2,12.87,0,5,70.21,Consumer,Office Supplies,Central
DK-12895,Dana Kaydos,1,299.99,0.0,90.0,0,5,70.21,Consumer,Technology,West
DK-12895,Dana Kaydos,4,192.16,0.0,92.24,0,5,70.21,Consumer,Office Supplies,West
DK-12895,Dana Kaydos,8,242.62,0.2,27.3,0,5,70.21,Consumer,Technology,West
DK-12895,Dana Kaydos,3,46.74,0.0,11.68,0,5,70.21,Consumer,Office Supplies,West
DK-12895,Dana Kaydos,5,174.95,0.0,12.25,0,5,70.21,Consumer,Technology,West
DK-12895,Dana Kaydos,6,100.7,0.2,37.76,0,5,70.21,Consumer,Office Supplies,West
DK-12895,Dana Kaydos,1,5.18,0.2,1.81,0,5,70.21,Consumer,Office Supplies,South
DK-12895,Dana Kaydos,4,220.06,0.2,55.02,0,5,70.21,Consumer,Furniture,South
DK-12895,Dana Kaydos,4,339.14,0.2,0.0,0,5,70.21,Consumer,Furniture,South
DK-12985,Darren Koutras,5,646.2,0.2,-8.08,0,5,160.71,Consumer,Office Supplies,Central
DK-12985,Darren Koutras,4,277.5,0.5,-188.7,0,5,160.71,Consumer,Furniture,West
DK-12985,Darren Koutras,3,152.94,0.0,41.29,0,5,160.71,Consumer,Office Supplies,South
DK-12985,Darren Koutras,4,283.92,0.0,70.98,0,5,160.71,Consumer,Furniture,South
DK-12985,Darren Koutras,2,23.16,0.0,11.58,0,5,160.71,Consumer,Office Supplies,West
DK-12985,Darren Koutras,4,72.7,0.2,19.08,0,5,160.71,Consumer,Furniture,South
DK-12985,Darren Koutras,7,12.26,0.2,1.07,0,5,160.71,Consumer,Office Supplies,South
DK-12985,Darren Koutras,3,218.35,0.2,-54.59,0,5,160.71,Consumer,Office Supplies,South
DK-13090,Dave Kipp,3,787.53,0.0,165.38,0,7,82.67,Consumer,Furniture,West
DK-13090,Dave Kipp,2,30.84,0.0,8.33,0,7,82.67,Consumer,Office Supplies,South
DK-13090,Dave Kipp,1,4.77,0.0,2.15,0,7,82.67,Consumer,Office Supplies,East
DK-13090,Dave Kipp,3,7.98,0.0,2.07,0,7,82.67,Consumer,Office Supplies,East
DK-13090,Dave Kipp,3,550.43,0.3,-47.18,0,7,82.67,Consumer,Furniture,East
DK-13090,Dave Kipp,6,10.56,0.0,4.65,0,7,82.67,Consumer,Furniture,East
DK-13090,Dave Kipp,1,47.9,0.2,-2.99,0,7,82.67,Consumer,Technology,Central
DK-13090,Dave Kipp,1,104.85,0.0,50.33,0,7,82.67,Consumer,Office Supplies,Central
DK-13090,Dave Kipp,2,959.98,0.2,311.99,0,7,82.67,Consumer,Technology,South
DK-13090,Dave Kipp,2,4.09,0.7,-3.0,0,7,82.67,Consumer,Office Supplies,South
DK-13090,Dave Kipp,2,55.98,0.2,4.2,0,7,82.67,Consumer,Office Supplies,South
DK-13090,Dave Kipp,2,10.69,0.2,3.74,0,7,82.67,Consumer,Office Supplies,South
DK-13090,Dave Kipp,5,74.95,0.0,36.73,0,7,82.67,Consumer,Technology,East
DK-13150,David Kendrick,2,24.82,0.2,1.86,0,2,277.75,Corporate,Office Supplies,Central
DK-13150,David Kendrick,7,408.74,0.2,76.64,0,2,277.75,Corporate,Technology,Central
DK-13150,David Kendrick,5,279.9,0.0,137.15,0,2,277.75,Corporate,Office Supplies,East
DK-13150,David Kendrick,3,50.35,0.2,17.62,0,2,277.75,Corporate,Office Supplies,East
DK-13150,David Kendrick,3,34.02,0.0,16.67,0,2,277.75,Corporate,Office Supplies,East
DK-13225,Dean Katz,2,10.56,0.0,4.75,0,9,76.5,Corporate,Office Supplies,West
DK-13225,Dean Katz,1,3.38,0.0,1.25,0,9,76.5,Corporate,Office Supplies,West
DK-13225,Dean Katz,9,250.27,0.2,15.64,0,9,76.5,Corporate,Office Supplies,Central
DK-13225,Dean Katz,3,11.36,0.8,-17.05,0,9,76.5,Corporate,Office Supplies,Central
DK-13225,Dean Katz,5,8.72,0.2,-1.74,0,9,76.5,Corporate,Office Supplies,Central
DK-13225,Dean Katz,4,482.34,0.7,-337.64,0,9,76.5,Corporate,Technology,East
DK-13225,Dean Katz,1,2.96,0.2,0.78,0,9,76.5,Corporate,Furniture,East
DK-13225,Dean Katz,5,676.55,0.0,6.77,0,9,76.5,Corporate,Office Supplies,West
DK-13225,Dean Katz,5,154.9,0.0,40.27,0,9,76.5,Corporate,Office Supplies,West
DK-13225,Dean Katz,4,30.56,0.0,14.97,0,9,76.5,Corporate,Office Supplies,West
DK-13225,Dean Katz,3,770.35,0.2,77.04,0,9,76.5,Corporate,Furniture,West
DK-13225,Dean Katz,7,706.86,0.0,197.92,0,9,76.5,Corporate,Office Supplies,East
DK-13225,Dean Katz,6,30.48,0.2,9.91,0,9,76.5,Corporate,Office Supplies,East
DK-13225,Dean Katz,2,23.99,0.4,-4.8,0,9,76.5,Corporate,Technology,East
DK-13225,Dean Katz,7,16.69,0.2,5.42,0,9,76.5,Corporate,Office Supplies,East
DK-13225,Dean Katz,2,313.18,0.4,-120.05,0,9,76.5,Corporate,Furniture,East
DK-13225,Dean Katz,2,1295.78,0.0,310.99,0,9,76.5,Corporate,Office Supplies,West
DK-13225,Dean Katz,1,6.48,0.0,3.11,0,9,76.5,Corporate,Office Supplies,East
DK-13225,Dean Katz,1,6.98,0.2,2.36,0,9,76.5,Corporate,Office Supplies,East
DK-13375,Dennis Kane,3,377.97,0.0,109.61,0,8,54.14,Consumer,Technology,East
DK-13375,Dennis Kane,2,485.94,0.4,-89.09,0,8,54.14,Consumer,Technology,East
DK-13375,Dennis Kane,8,37.38,0.2,4.67,0,8,54.14,Consumer,Office Supplies,East
DK-13375,Dennis Kane,1,70.69,0.3,-24.24,0,8,54.14,Consumer,Furniture,East
DK-13375,Dennis Kane,2,7.86,0.0,3.62,0,8,54.14,Consumer,Office Supplies,West
DK-13375,Dennis Kane,2,24.45,0.2,8.86,0,8,54.14,Consumer,Office Supplies,West
DK-13375,Dennis Kane,3,12.42,0.0,4.47,0,8,54.14,Consumer,Furniture,West
DK-13375,Dennis Kane,3,428.4,0.0,89.96,0,8,54.14,Consumer,Technology,West
DK-13375,Dennis Kane,5,24.75,0.0,10.89,0,8,54.14,Consumer,Furniture,West
DK-13375,Dennis Kane,7,87.71,0.0,41.22,0,8,54.14,Consumer,Office Supplies,West
DK-13375,Dennis Kane,2,69.52,0.0,17.38,0,8,54.14,Consumer,Office Supplies,West
DK-13375,Dennis Kane,2,20.78,0.2,-4.68,0,8,54.14,Consumer,Technology,West
DK-13375,Dennis Kane,3,12.82,0.2,4.17,0,8,54.14,Consumer,Office Supplies,West
DK-13375,Dennis Kane,1,109.95,0.0,36.28,0,8,54.14,Consumer,Technology,Central
DK-13375,Dennis Kane,5,965.85,0.0,135.22,0,8,54.14,Consumer,Office Supplies,Central
DK-13375,Dennis Kane,5,29.2,0.0,10.51,0,8,54.14,Consumer,Office Supplies,Central
DK-13375,Dennis Kane,5,32.4,0.0,15.55,0,8,54.14,Consumer,Office Supplies,Central
DK-13375,Dennis Kane,3,23.88,0.0,10.51,0,8,54.14,Consumer,Furniture,West
DK-13375,Dennis Kane,4,26.2,0.0,12.05,0,8,54.14,Consumer,Office Supplies,West
DK-13375,Dennis Kane,2,12.96,0.0,6.22,0,8,54.14,Consumer,Office Supplies,West
DK-13375,Dennis Kane,5,234.95,0.0,32.89,0,8,54.14,Consumer,Technology,West
DK-13375,Dennis Kane,2,221.02,0.2,-55.26,0,8,54.14,Consumer,Office Supplies,East
DK-13375,Dennis Kane,2,1.39,0.8,-3.76,0,8,54.14,Consumer,Office Supplies,Central
DL-12865,Dan Lawera,7,32.76,0.2,3.69,0,8,90.77,Consumer,Office Supplies,East
DL-12865,Dan Lawera,1,15.38,0.2,4.04,0,8,90.77,Consumer,Furniture,South
DL-12865,Dan Lawera,3,19.65,0.0,9.04,0,8,90.77,Consumer,Office Supplies,East
DL-12865,Dan Lawera,3,170.88,0.0,49.56,0,8,90.77,Consumer,Office Supplies,East
DL-12865,Dan Lawera,9,187.06,0.2,11.69,0,8,90.77,Consumer,Furniture,South
DL-12865,Dan Lawera,5,10.9,0.0,5.12,0,8,90.77,Consumer,Office Supplies,West
DL-12865,Dan Lawera,2,29.6,0.0,14.8,0,8,90.77,Consumer,Office Supplies,West
DL-12865,Dan Lawera,1,4.98,0.0,2.29,0,8,90.77,Consumer,Office Supplies,West
DL-12865,Dan Lawera,3,479.98,0.2,161.99,0,8,90.77,Consumer,Technology,West
DL-12865,Dan Lawera,8,44.74,0.2,4.47,0,8,90.77,Consumer,Technology,West
DL-12865,Dan Lawera,2,5.76,0.0,1.67,0,8,90.77,Consumer,Office Supplies,West
DL-12865,Dan Lawera,4,483.14,0.2,60.39,0,8,90.77,Consumer,Furniture,West
DL-12865,Dan Lawera,2,6.0,0.2,2.1,0,8,90.77,Consumer,Office Supplies,Central
DL-12865,Dan Lawera,1,12.29,0.7,-8.61,0,8,90.77,Consumer,Office Supplies,South
DL-12925,Daniel Lacy,2,1299.99,0.5,-572.0,0,6,88.54,Consumer,Technology,South
DL-12925,Daniel Lacy,3,533.94,0.0,154.84,0,6,88.54,Consumer,Office Supplies,East
DL-12925,Daniel Lacy,3,167.94,0.0,82.29,0,6,88.54,Consumer,Office Supplies,East
DL-12925,Daniel Lacy,6,31.68,0.0,9.82,0,6,88.54,Consumer,Furniture,East
DL-12925,Daniel Lacy,2,43.98,0.0,21.99,0,6,88.54,Consumer,Office Supplies,Central
DL-12925,Daniel Lacy,3,377.97,0.0,105.83,0,6,88.54,Consumer,Technology,Central
DL-12925,Daniel Lacy,3,123.96,0.0,11.16,0,6,88.54,Consumer,Furniture,Central
DL-12925,Daniel Lacy,2,204.6,0.0,53.2,0,6,88.54,Consumer,Furniture,West
DL-12925,Daniel Lacy,3,135.72,0.0,35.29,0,6,88.54,Consumer,Technology,Central
DL-12925,Daniel Lacy,2,12.56,0.0,5.65,0,6,88.54,Consumer,Office Supplies,Central
DL-12925,Daniel Lacy,4,263.96,0.0,71.27,0,6,88.54,Consumer,Technology,Central
DL-12925,Daniel Lacy,2,8.56,0.0,3.85,0,6,88.54,Consumer,Office Supplies,Central
DL-12925,Daniel Lacy,5,52.4,0.0,14.15,0,6,88.54,Consumer,Office Supplies,Central
DL-12925,Daniel Lacy,3,14.94,0.0,6.87,0,6,88.54,Consumer,Office Supplies,Central
DL-13315,Delfina Latchford,6,127.1,0.2,28.6,0,8,88.88,Consumer,Furniture,East
DL-13315,Delfina Latchford,3,124.2,0.4,-31.05,0,8,88.88,Consumer,Technology,East
DL-13315,Delfina Latchford,2,18.59,0.7,-13.63,0,8,88.88,Consumer,Office Supplies,East
DL-13315,Delfina Latchford,3,30.07,0.2,10.15,0,8,88.88,Consumer,Office Supplies,East
DL-13315,Delfina Latchford,2,8.95,0.8,-14.77,0,8,88.88,Consumer,Office Supplies,Central
DL-13315,Delfina Latchford,14,54.21,0.2,8.81,0,8,88.88,Consumer,Office Supplies,Central
DL-13315,Delfina Latchford,3,12.19,0.2,4.11,0,8,88.88,Consumer,Office Supplies,South
DL-13315,Delfina Latchford,2,87.17,0.2,8.72,0,8,88.88,Consumer,Office Supplies,South
DL-13315,Delfina Latchford,2,31.74,0.2,8.33,0,8,88.88,Consumer,Office Supplies,South
DL-13315,Delfina Latchford,6,80.58,0.0,22.56,0,8,88.88,Consumer,Office Supplies,East
DL-13315,Delfina Latchford,4,361.92,0.0,162.86,0,8,88.88,Consumer,Office Supplies,East
DL-13315,Delfina Latchford,6,38.88,0.0,18.66,0,8,88.88,Consumer,Office Supplies,West
DL-13315,Delfina Latchford,9,48.87,0.0,23.95,0,8,88.88,Consumer,Office Supplies,South
DL-13315,Delfina Latchford,2,109.48,0.0,33.94,0,8,88.88,Consumer,Furniture,East
DL-13315,Delfina Latchford,3,272.94,0.0,0.0,0,8,88.88,Consumer,Office Supplies,East
DL-13315,Delfina Latchford,3,19.44,0.0,9.33,0,8,88.88,Consumer,Office Supplies,East
DL-13315,Delfina Latchford,4,31.92,0.0,8.3,0,8,88.88,Consumer,Office Supplies,East
DL-13330,Denise Leinenbach,9,20.02,0.2,1.75,0,4,175.57,Consumer,Office Supplies,South
DL-13330,Denise Leinenbach,1,3.1,0.2,0.35,0,4,175.57,Consumer,Office Supplies,South
DL-13330,Denise Leinenbach,6,10.92,0.0,4.91,0,4,175.57,Consumer,Office Supplies,Central
DL-13330,Denise Leinenbach,2,83.9,0.0,22.65,0,4,175.57,Consumer,Technology,Central
DL-13330,Denise Leinenbach,5,19.75,0.0,5.14,0,4,175.57,Consumer,Office Supplies,Central
DL-13330,Denise Leinenbach,3,393.54,0.0,165.29,0,4,175.57,Consumer,Technology,Central
DL-13330,Denise Leinenbach,3,12.42,0.0,5.22,0,4,175.57,Consumer,Office Supplies,East
DL-13330,Denise Leinenbach,3,41.37,0.0,17.38,0,4,175.57,Consumer,Furniture,West
DL-13495,Dionis Lloyd,2,73.98,0.0,19.97,0,8,60.0,Corporate,Technology,Central
DL-13495,Dionis Lloyd,1,160.98,0.0,20.93,0,8,60.0,Corporate,Furniture,Central
DL-13495,Dionis Lloyd,3,17.34,0.0,8.5,0,8,60.0,Corporate,Office Supplies,Central
DL-13495,Dionis Lloyd,1,3.28,0.0,0.95,0,8,60.0,Corporate,Office Supplies,Central
DL-13495,Dionis Lloyd,4,316.0,0.0,31.6,0,8,60.0,Corporate,Technology,South
DL-13495,Dionis Lloyd,2,6.3,0.0,3.02,0,8,60.0,Corporate,Office Supplies,West
DL-13495,Dionis Lloyd,3,837.6,0.2,62.82,0,8,60.0,Corporate,Technology,West
DL-13495,Dionis Lloyd,4,62.96,0.0,28.33,0,8,60.0,Corporate,Office Supplies,East
DL-13495,Dionis Lloyd,6,1801.63,0.2,-337.81,0,8,60.0,Corporate,Office Supplies,East
DL-13495,Dionis Lloyd,1,83.88,0.2,29.36,0,8,60.0,Corporate,Office Supplies,West
DL-13495,Dionis Lloyd,5,152.65,0.0,70.22,0,8,60.0,Corporate,Office Supplies,West
DL-13495,Dionis Lloyd,1,22.72,0.0,9.32,0,8,60.0,Corporate,Furniture,West
DM-12955,Dario Medina,6,795.41,0.2,59.66,0,7,134.12,Corporate,Office Supplies,East
DM-12955,Dario Medina,6,100.7,0.2,-1.26,0,7,134.12,Corporate,Office Supplies,West
DM-12955,Dario Medina,2,12.83,0.2,4.33,0,7,134.12,Corporate,Office Supplies,West
DM-12955,Dario Medina,4,194.32,0.0,31.09,0,7,134.12,Corporate,Furniture,Central
DM-12955,Dario Medina,1,25.99,0.0,7.54,0,7,134.12,Corporate,Office Supplies,Central
DM-12955,Dario Medina,2,99.37,0.3,-1.42,0,7,134.12,Corporate,Furniture,Central
DM-12955,Dario Medina,1,1.34,0.2,0.5,0,7,134.12,Corporate,Office Supplies,Central
DM-12955,Dario Medina,4,10.5,0.2,1.18,0,7,134.12,Corporate,Office Supplies,West
DM-12955,Dario Medina,2,81.57,0.2,7.14,0,7,134.12,Corporate,Office Supplies,South
DM-13015,Darrin Martin,9,464.29,0.4,-108.33,0,7,60.32,Consumer,Furniture,East
DM-13015,Darrin Martin,7,68.46,0.0,31.49,0,7,60.32,Consumer,Office Supplies,East
DM-13015,Darrin Martin,4,2799.96,0.0,1371.98,0,7,60.32,Consumer,Technology,East
DM-13015,Darrin Martin,2,601.3,0.0,198.43,0,7,60.32,Consumer,Office Supplies,East
DM-13015,Darrin Martin,1,16.99,0.0,4.42,0,7,60.32,Consumer,Technology,East
DM-13015,Darrin Martin,3,287.97,0.0,80.63,0,7,60.32,Consumer,Technology,East
DM-13015,Darrin Martin,9,44.82,0.0,21.07,0,7,60.32,Consumer,Office Supplies,East
DM-13015,Darrin Martin,5,21.12,0.2,6.6,0,7,60.32,Consumer,Office Supplies,Central
DM-13015,Darrin Martin,5,6.72,0.2,2.35,0,7,60.32,Consumer,Office Supplies,West
DM-13015,Darrin Martin,3,298.78,0.2,7.47,0,7,60.32,Consumer,Furniture,West
DM-13015,Darrin Martin,3,23.47,0.2,7.63,0,7,60.32,Consumer,Office Supplies,South
DM-13015,Darrin Martin,7,86.06,0.7,-63.11,0,7,60.32,Consumer,Office Supplies,South
DM-13015,Darrin Martin,2,108.78,0.2,6.8,0,7,60.32,Consumer,Technology,South
DM-13015,Darrin Martin,3,10.27,0.2,3.21,0,7,60.32,Consumer,Office Supplies,South
DM-13015,Darrin Martin,8,646.27,0.2,64.63,0,7,60.32,Consumer,Office Supplies,East
DM-13015,Darrin Martin,2,10.37,0.2,3.76,0,7,60.32,Consumer,Office Supplies,East
DM-13015,Darrin Martin,3,3.56,0.8,-6.24,0,7,60.32,Consumer,Office Supplies,Central
DM-13015,Darrin Martin,5,823.96,0.2,51.5,0,7,60.32,Consumer,Technology,Central
DM-13015,Darrin Martin,3,10.27,0.2,0.9,0,7,60.32,Consumer,Office Supplies,Central
DM-13015,Darrin Martin,3,11.67,0.7,-7.78,0,7,60.32,Consumer,Office Supplies,East
DM-13345,Denise Monton,2,5.76,0.0,2.82,0,8,94.25,Corporate,Office Supplies,East
DM-13345,Denise Monton,3,7.87,0.2,0.89,0,8,94.25,Corporate,Office Supplies,South
DM-13345,Denise Monton,2,127.76,0.1,2.84,0,8,94.25,Corporate,Furniture,East
DM-13345,Denise Monton,3,376.87,0.4,-213.56,0,8,94.25,Corporate,Furniture,East
DM-13345,Denise Monton,3,119.98,0.2,22.5,0,8,94.25,Corporate,Technology,East
DM-13345,Denise Monton,7,40.46,0.0,19.83,0,8,94.25,Corporate,Office Supplies,Central
DM-13345,Denise Monton,3,404.94,0.0,109.33,0,8,94.25,Corporate,Technology,Central
DM-13345,Denise Monton,6,56.28,0.0,15.76,0,8,94.25,Corporate,Furniture,South
DM-13345,Denise Monton,3,2690.97,0.0,1264.76,0,8,94.25,Corporate,Office Supplies,South
DM-13345,Denise Monton,4,87.92,0.0,40.44,0,8,94.25,Corporate,Office Supplies,West
DM-13345,Denise Monton,1,22.42,0.2,8.41,0,8,94.25,Corporate,Office Supplies,West
DM-13345,Denise Monton,3,90.48,0.2,33.93,0,8,94.25,Corporate,Office Supplies,West
DM-13345,Denise Monton,1,42.76,0.0,11.12,0,8,94.25,Corporate,Office Supplies,West
DM-13525,Don Miller,2,19.52,0.2,5.37,0,3,88.11,Corporate,Furniture,South
DM-13525,Don Miller,5,9.81,0.7,-6.87,0,3,88.11,Corporate,Office Supplies,South
DM-13525,Don Miller,3,213.22,0.2,15.99,0,3,88.11,Corporate,Furniture,South
DM-13525,Don Miller,2,210.68,0.0,50.56,0,3,88.11,Corporate,Furniture,East
DM-13525,Don Miller,1,78.8,0.0,1.58,0,3,88.11,Corporate,Office Supplies,East
DM-13525,Don Miller,1,19.99,0.0,6.8,0,3,88.11,Corporate,Technology,East
DM-13525,Don Miller,4,772.68,0.0,108.18,0,3,88.11,Corporate,Office Supplies,East
DM-13525,Don Miller,5,25.92,0.2,9.07,0,3,88.11,Corporate,Office Supplies,Central
DM-13525,Don Miller,8,15.81,0.2,5.34,0,3,88.11,Corporate,Office Supplies,Central
DM-13525,Don Miller,2,10.37,0.2,3.76,0,3,88.11,Corporate,Office Supplies,Central
DN-13690,Duane Noonan,3,164.22,0.0,50.91,0,7,98.0,Consumer,Furniture,East
DN-13690,Duane Noonan,3,362.94,0.0,36.29,0,7,98.0,Consumer,Furniture,East
DN-13690,Duane Noonan,2,59.98,0.0,26.39,0,7,98.0,Consumer,Technology,East
DN-13690,Duane Noonan,4,123.92,0.0,55.76,0,7,98.0,Consumer,Office Supplies,East
DN-13690,Duane Noonan,5,14.9,0.0,4.17,0,7,98.0,Consumer,Office Supplies,West
DN-13690,Duane Noonan,1,21.39,0.0,6.2,0,7,98.0,Consumer,Office Supplies,West
DN-13690,Duane Noonan,5,8.32,0.2,2.81,0,7,98.0,Consumer,Office Supplies,West
DN-13690,Duane Noonan,3,22.14,0.0,6.42,0,7,98.0,Consumer,Furniture,West
DN-13690,Duane Noonan,8,842.72,0.0,202.25,0,7,98.0,Consumer,Furniture,West
DN-13690,Duane Noonan,2,41.96,0.0,10.91,0,7,98.0,Consumer,Furniture,West
DN-13690,Duane Noonan,5,477.3,0.0,138.42,0,7,98.0,Consumer,Furniture,Central
DO-13435,Denny Ordway,2,55.98,0.2,4.2,0,9,87.58,Consumer,Office Supplies,East
DO-13435,Denny Ordway,5,14.48,0.2,4.89,0,9,87.58,Consumer,Office Supplies,East
DO-13435,Denny Ordway,3,142.49,0.2,-3.56,0,9,87.58,Consumer,Technology,East
DO-13435,Denny Ordway,4,73.28,0.0,21.25,0,9,87.58,Consumer,Office Supplies,West
DO-13435,Denny Ordway,3,7.15,0.2,0.72,0,9,87.58,Consumer,Office Supplies,West
DO-13435,Denny Ordway,3,375.46,0.45,-157.01,0,9,87.58,Consumer,Furniture,South
DO-13435,Denny Ordway,3,83.98,0.2,-1.05,0,9,87.58,Consumer,Technology,South
DO-13435,Denny Ordway,3,17.34,0.0,8.5,0,9,87.58,Consumer,Office Supplies,West
DO-13435,Denny Ordway,5,84.95,0.0,22.09,0,9,87.58,Consumer,Technology,East
DO-13435,Denny Ordway,6,25.34,0.2,7.92,0,9,87.58,Consumer,Office Supplies,West
DO-13435,Denny Ordway,5,43.92,0.2,15.92,0,9,87.58,Consumer,Office Supplies,West
DO-13435,Denny Ordway,3,272.94,0.0,0.0,0,9,87.58,Consumer,Office Supplies,East
DO-13435,Denny Ordway,3,102.72,0.2,37.24,0,9,87.58,Consumer,Office Supplies,West
DO-13645,Doug O'Connell,2,76.64,0.2,26.82,0,7,75.8,Consumer,Office Supplies,Central
DO-13645,Doug O'Connell,3,19.44,0.0,9.33,0,7,75.8,Consumer,Office Supplies,East
DO-13645,Doug O'Connell,2,97.18,0.2,6.07,0,7,75.8,Consumer,Furniture,South
DO-13645,Doug O'Connell,2,10.37,0.2,3.63,0,7,75.8,Consumer,Office Supplies,South
DO-13645,Doug O'Connell,9,295.06,0.2,106.96,0,7,75.8,Consumer,Office Supplies,West
DO-13645,Doug O'Connell,5,199.95,0.0,63.98,0,7,75.8,Consumer,Technology,South
DO-13645,Doug O'Connell,2,12.96,0.0,6.22,0,7,75.8,Consumer,Office Supplies,South
DO-13645,Doug O'Connell,4,57.57,0.2,5.76,0,7,75.8,Consumer,Technology,West
DO-13645,Doug O'Connell,1,12.99,0.0,1.56,0,7,75.8,Consumer,Furniture,East
DO-13645,Doug O'Connell,3,182.22,0.0,45.56,0,7,75.8,Consumer,Furniture,East
DO-13645,Doug O'Connell,3,302.94,0.0,18.18,0,7,75.8,Consumer,Furniture,East
DP-13000,Darren Powers,2,16.45,0.2,5.55,0,9,83.19,Consumer,Office Supplies,Central
DP-13000,Darren Powers,3,25.13,0.6,-6.91,0,9,83.19,Consumer,Furniture,Central
DP-13000,Darren Powers,2,127.98,0.2,25.6,0,9,83.19,Consumer,Technology,Central
DP-13000,Darren Powers,6,38.22,0.0,17.96,0,9,83.19,Consumer,Office Supplies,Central
DP-13000,Darren Powers,6,75.18,0.0,35.33,0,9,83.19,Consumer,Office Supplies,Central
DP-13000,Darren Powers,2,6.16,0.0,2.96,0,9,83.19,Consumer,Furniture,Central
DP-13000,Darren Powers,1,89.99,0.0,17.1,0,9,83.19,Consumer,Furniture,Central
DP-13000,Darren Powers,9,368.91,0.0,180.77,0,9,83.19,Consumer,Office Supplies,West
DP-13000,Darren Powers,5,14.7,0.0,6.62,0,9,83.19,Consumer,Office Supplies,West
DP-13000,Darren Powers,4,7.76,0.7,-5.18,0,9,83.19,Consumer,Office Supplies,South
DP-13000,Darren Powers,2,13.98,0.0,3.91,0,9,83.19,Consumer,Technology,East
DP-13000,Darren Powers,1,23.65,0.0,6.15,0,9,83.19,Consumer,Office Supplies,East
DP-13000,Darren Powers,2,89.57,0.2,32.47,0,9,83.19,Consumer,Office Supplies,Central
DP-13000,Darren Powers,5,58.17,0.7,-46.54,0,9,83.19,Consumer,Office Supplies,East
DP-13000,Darren Powers,2,5.04,0.2,1.76,0,9,83.19,Consumer,Office Supplies,East
DP-13000,Darren Powers,1,24.78,0.2,7.74,0,9,83.19,Consumer,Office Supplies,East
DP-13000,Darren Powers,5,64.96,0.6,-43.85,0,9,83.19,Consumer,Furniture,Central
DP-13105,Dave Poirier,6,50.11,0.2,16.29,0,8,65.77,Corporate,Office Supplies,East
DP-13105,Dave Poirier,2,5.16,0.0,1.34,0,8,65.77,Corporate,Office Supplies,West
DP-13105,Dave Poirier,6,38.88,0.0,18.66,0,8,65.77,Corporate,Office Supplies,West
DP-13105,Dave Poirier,4,13.22,0.2,4.46,0,8,65.77,Corporate,Office Supplies,West
DP-13105,Dave Poirier,3,184.75,0.2,-20.78,0,8,65.77,Corporate,Furniture,West
DP-13105,Dave Poirier,7,968.74,0.2,314.84,0,8,65.77,Corporate,Office Supplies,East
DP-13105,Dave Poirier,13,222.35,0.2,77.82,0,8,65.77,Corporate,Office Supplies,East
DP-13105,Dave Poirier,2,479.98,0.2,90.0,0,8,65.77,Corporate,Technology,East
DP-13105,Dave Poirier,5,7.92,0.2,1.68,0,8,65.77,Corporate,Office Supplies,East
DP-13105,Dave Poirier,5,149.95,0.0,31.49,0,8,65.77,Corporate,Technology,West
DP-13105,Dave Poirier,2,23.32,0.0,6.06,0,8,65.77,Corporate,Office Supplies,West
DP-13105,Dave Poirier,3,16.74,0.0,4.85,0,8,65.77,Corporate,Office Supplies,West
DP-13105,Dave Poirier,2,32.56,0.0,8.47,0,8,65.77,Corporate,Office Supplies,Central
DP-13105,Dave Poirier,3,21.31,0.2,7.99,0,8,65.77,Corporate,Office Supplies,West
DP-13165,David Philippe,4,119.96,0.0,52.78,0,2,104.0,Consumer,Technology,East
DP-13165,David Philippe,5,883.92,0.2,-110.49,0,2,104.0,Consumer,Furniture,East
DP-13165,David Philippe,8,46.72,0.2,15.77,0,2,104.0,Consumer,Office Supplies,East
DP-13165,David Philippe,3,8.02,0.2,1.0,0,2,104.0,Consumer,Office Supplies,Central
DP-13390,Dennis Pardue,6,180.96,0.2,67.86,0,9,70.46,Home Office,Office Supplies,West
DP-13390,Dennis Pardue,5,56.65,0.0,24.36,0,9,70.46,Home Office,Office Supplies,West
DP-13390,Dennis Pardue,1,14.97,0.0,4.19,0,9,70.46,Home Office,Office Supplies,West
DP-13390,Dennis Pardue,2,4.02,0.0,1.97,0,9,70.46,Home Office,Office Supplies,West
DP-13390,Dennis Pardue,2,18.24,0.7,-14.59,0,9,70.46,Home Office,Office Supplies,South
DP-13390,Dennis Pardue,3,359.06,0.3,-35.91,0,9,70.46,Home Office,Furniture,Central
DP-13390,Dennis Pardue,5,70.97,0.8,-191.62,0,9,70.46,Home Office,Office Supplies,Central
DP-13390,Dennis Pardue,2,36.78,0.2,3.68,0,9,70.46,Home Office,Office Supplies,Central
DP-13390,Dennis Pardue,3,16.66,0.2,3.33,0,9,70.46,Home Office,Office Supplies,East
DP-13390,Dennis Pardue,3,113.22,0.0,29.44,0,9,70.46,Home Office,Office Supplies,West
DP-13390,Dennis Pardue,6,35.88,0.0,17.58,0,9,70.46,Home Office,Office Supplies,West
DP-13390,Dennis Pardue,3,4535.98,0.2,1644.29,0,9,70.46,Home Office,Office Supplies,West
DP-13390,Dennis Pardue,2,3.6,0.0,1.73,0,9,70.46,Home Office,Office Supplies,Central
DP-13390,Dennis Pardue,7,33.74,0.0,15.52,0,9,70.46,Home Office,Office Supplies,South
DR-12880,Dan Reichenbach,9,899.91,0.0,395.96,0,9,35.83,Corporate,Technology,East
DR-12880,Dan Reichenbach,9,12.13,0.6,-8.49,0,9,35.83,Corporate,Furniture,Central
DR-12880,Dan Reichenbach,2,82.37,0.2,-19.56,0,9,35.83,Corporate,Office Supplies,Central
DR-12880,Dan Reichenbach,5,53.92,0.2,4.04,0,9,35.83,Corporate,Office Supplies,Central
DR-12880,Dan Reichenbach,6,647.9,0.2,56.69,0,9,35.83,Corporate,Technology,Central
DR-12880,Dan Reichenbach,4,403.17,0.2,25.2,0,9,35.83,Corporate,Technology,West
DR-12880,Dan Reichenbach,2,14.16,0.2,5.13,0,9,35.83,Corporate,Office Supplies,East
DR-12880,Dan Reichenbach,6,33.0,0.0,8.25,0,9,35.83,Corporate,Technology,East
DR-12880,Dan Reichenbach,5,249.95,0.0,87.48,0,9,35.83,Corporate,Technology,East
DR-12880,Dan Reichenbach,6,13.87,0.2,4.68,0,9,35.83,Corporate,Office Supplies,South
DR-12880,Dan Reichenbach,3,273.55,0.2,-13.68,0,9,35.83,Corporate,Furniture,South
DR-12880,Dan Reichenbach,9,638.82,0.0,185.26,0,9,35.83,Corporate,Furniture,East
DR-12880,Dan Reichenbach,3,30.69,0.0,7.98,0,9,35.83,Corporate,Office Supplies,East
DR-12880,Dan Reichenbach,2,25.16,0.0,8.55,0,9,35.83,Corporate,Furniture,East
DR-12880,Dan Reichenbach,2,198.46,0.0,99.23,0,9,35.83,Corporate,Furniture,West
DR-12880,Dan Reichenbach,4,321.92,0.0,96.58,0,9,35.83,Corporate,Office Supplies,West
DR-12880,Dan Reichenbach,2,879.98,0.2,329.99,0,9,35.83,Corporate,Technology,West
DR-12880,Dan Reichenbach,5,28.4,0.0,8.24,0,9,35.83,Corporate,Office Supplies,West
DR-12880,Dan Reichenbach,3,230.28,0.2,23.03,0,9,35.83,Corporate,Furniture,West
DR-12880,Dan Reichenbach,3,116.28,0.0,56.98,0,9,35.83,Corporate,Office Supplies,West
DR-12880,Dan Reichenbach,2,841.57,0.2,294.55,0,9,35.83,Corporate,Office Supplies,West
DR-12880,Dan Reichenbach,5,354.9,0.0,17.74,0,9,35.83,Corporate,Office Supplies,West
DR-12880,Dan Reichenbach,2,164.39,0.4,-35.62,0,9,35.83,Corporate,Technology,East
DR-12880,Dan Reichenbach,4,13.25,0.2,3.64,0,9,35.83,Corporate,Office Supplies,East
DR-12940,Daniel Raglin,3,302.38,0.2,22.68,0,8,110.25,Home Office,Technology,West
DR-12940,Daniel Raglin,4,366.74,0.3,-110.02,0,8,110.25,Home Office,Furniture,Central
DR-12940,Daniel Raglin,5,114.6,0.0,51.57,0,8,110.25,Home Office,Office Supplies,East
DR-12940,Daniel Raglin,1,60.74,0.0,15.19,0,8,110.25,Home Office,Furniture,East
DR-12940,Daniel Raglin,2,124.36,0.0,27.36,0,8,110.25,Home Office,Furniture,East
DR-12940,Daniel Raglin,6,1088.76,0.0,315.74,0,8,110.25,Home Office,Office Supplies,East
DR-12940,Daniel Raglin,3,12.67,0.2,-3.17,0,8,110.25,Home Office,Office Supplies,Central
DR-12940,Daniel Raglin,1,30.4,0.0,13.98,0,8,110.25,Home Office,Office Supplies,East
DR-12940,Daniel Raglin,9,5399.91,0.0,2591.96,0,8,110.25,Home Office,Technology,East
DR-12940,Daniel Raglin,3,119.1,0.0,34.54,0,8,110.25,Home Office,Office Supplies,East
DR-12940,Daniel Raglin,4,242.18,0.6,-302.72,0,8,110.25,Home Office,Furniture,Central
DR-12940,Daniel Raglin,11,477.51,0.0,219.65,0,8,110.25,Home Office,Office Supplies,South
DR-12940,Daniel Raglin,5,11.52,0.7,-7.68,0,8,110.25,Home Office,Office Supplies,South
DS-13030,Darrin Sayre,6,14.3,0.2,4.65,0,4,65.39,Home Office,Office Supplies,West
DS-13030,Darrin Sayre,1,119.83,0.15,7.05,0,4,65.39,Home Office,Furniture,West
DS-13030,Darrin Sayre,2,5.56,0.0,2.22,0,4,65.39,Home Office,Office Supplies,West
DS-13030,Darrin Sayre,5,32.4,0.0,15.55,0,4,65.39,Home Office,Office Supplies,West
DS-13030,Darrin Sayre,3,242.94,0.0,9.72,0,4,65.39,Home Office,Office Supplies,West
DS-13030,Darrin Sayre,3,179.97,0.0,86.39,0,4,65.39,Home Office,Technology,West
DS-13030,Darrin Sayre,6,99.7,0.2,33.65,0,4,65.39,Home Office,Office Supplies,West
DS-13030,Darrin Sayre,4,27.94,0.2,9.43,0,4,65.39,Home Office,Office Supplies,West
DS-13030,Darrin Sayre,1,84.98,0.0,18.7,0,4,65.39,Home Office,Furniture,West
DS-13030,Darrin Sayre,5,18.72,0.2,6.55,0,4,65.39,Home Office,Office Supplies,West
DS-13030,Darrin Sayre,1,41.22,0.0,11.13,0,4,65.39,Home Office,Technology,East
DS-13030,Darrin Sayre,1,240.37,0.0,7.21,0,4,65.39,Home Office,Office Supplies,East
DS-13030,Darrin Sayre,2,119.02,0.0,33.33,0,4,65.39,Home Office,Technology,East
DS-13030,Darrin Sayre,1,32.78,0.2,3.28,0,4,65.39,Home Office,Furniture,West
DS-13030,Darrin Sayre,2,147.18,0.2,-29.44,0,4,65.39,Home Office,Office Supplies,West
DS-13030,Darrin Sayre,2,54.38,0.2,1.36,0,4,65.39,Home Office,Technology,West
DS-13030,Darrin Sayre,4,76.78,0.7,-58.86,0,4,65.39,Home Office,Office Supplies,West
DS-13030,Darrin Sayre,3,14.35,0.2,5.2,0,4,65.39,Home Office,Office Supplies,West
DS-13030,Darrin Sayre,2,209.79,0.2,26.22,0,4,65.39,Home Office,Office Supplies,West
DS-13180,David Smith,2,159.98,0.0,57.59,0,9,69.42,Corporate,Technology,East
DS-13180,David Smith,1,2.2,0.0,0.97,0,9,69.42,Corporate,Office Supplies,Central
DS-13180,David Smith,5,622.45,0.0,136.94,0,9,69.42,Corporate,Furniture,Central
DS-13180,David Smith,1,21.98,0.0,0.22,0,9,69.42,Corporate,Office Supplies,Central
DS-13180,David Smith,6,586.4,0.15,34.49,0,9,69.42,Corporate,Furniture,West
DS-13180,David Smith,1,80.98,0.0,3.24,0,9,69.42,Corporate,Office Supplies,West
DS-13180,David Smith,3,134.38,0.2,6.72,0,9,69.42,Corporate,Technology,Central
DS-13180,David Smith,1,20.24,0.0,8.7,0,9,69.42,Corporate,Furniture,South
DS-13180,David Smith,4,39.92,0.0,11.18,0,9,69.42,Corporate,Furniture,South
DS-13180,David Smith,2,32.54,0.0,15.94,0,9,69.42,Corporate,Office Supplies,South
DS-13180,David Smith,3,340.18,0.4,-73.71,0,9,69.42,Corporate,Technology,East
DS-13180,David Smith,8,12.67,0.2,2.69,0,9,69.42,Corporate,Office Supplies,East
DS-13180,David Smith,2,6.89,0.7,-5.05,0,9,69.42,Corporate,Office Supplies,East
DS-13180,David Smith,2,32.54,0.2,-7.73,0,9,69.42,Corporate,Office Supplies,East
DS-13180,David Smith,7,347.8,0.3,-24.84,0,9,69.42,Corporate,Furniture,East
DS-13180,David Smith,2,81.42,0.2,-9.16,0,9,69.42,Corporate,Furniture,West
DS-13180,David Smith,10,134.8,0.0,35.05,0,9,69.42,Corporate,Office Supplies,West
DS-13180,David Smith,2,205.33,0.32,-36.24,0,9,69.42,Corporate,Furniture,Central
DS-13180,David Smith,3,3.55,0.2,1.24,0,9,69.42,Corporate,Office Supplies,Central
DS-13180,David Smith,3,15.55,0.2,5.44,0,9,69.42,Corporate,Office Supplies,Central
DV-13045,Darrin Van Huff,2,14.62,0.0,6.87,0,5,68.38,Corporate,Office Supplies,West
DV-13045,Darrin Van Huff,2,4.08,0.0,1.92,0,5,68.38,Corporate,Office Supplies,West
DV-13045,Darrin Van Huff,3,18.9,0.0,8.69,0,5,68.38,Corporate,Office Supplies,West
DV-13045,Darrin Van Huff,2,19.52,0.2,5.37,0,5,68.38,Corporate,Furniture,South
DV-13045,Darrin Van Huff,7,188.55,0.3,-2.69,0,5,68.38,Corporate,Furniture,East
DV-13045,Darrin Van Huff,6,721.88,0.45,-420.0,0,5,68.38,Corporate,Furniture,South
DV-13045,Darrin Van Huff,4,73.57,0.2,-16.55,0,5,68.38,Corporate,Technology,South
DV-13045,Darrin Van Huff,1,13.58,0.2,1.36,0,5,68.38,Corporate,Office Supplies,South
DV-13045,Darrin Van Huff,1,64.78,0.2,-12.15,0,5,68.38,Corporate,Furniture,South
DV-13465,Dianna Vittorini,3,501.81,0.0,0.0,0,6,89.86,Consumer,Office Supplies,Central
DV-13465,Dianna Vittorini,3,161.94,0.0,9.72,0,6,89.86,Consumer,Office Supplies,Central
DV-13465,Dianna Vittorini,10,31.5,0.0,15.12,0,6,89.86,Consumer,Office Supplies,East
DV-13465,Dianna Vittorini,4,55.6,0.0,16.12,0,6,89.86,Consumer,Office Supplies,East
DV-13465,Dianna Vittorini,5,244.55,0.0,4.89,0,6,89.86,Consumer,Office Supplies,East
DV-13465,Dianna Vittorini,6,12.24,0.0,5.75,0,6,89.86,Consumer,Office Supplies,East
DV-13465,Dianna Vittorini,2,13.98,0.0,6.01,0,6,89.86,Consumer,Technology,East
DV-13465,Dianna Vittorini,5,899.95,0.0,54.0,0,6,89.86,Consumer,Technology,East
DV-13465,Dianna Vittorini,2,276.78,0.2,89.95,0,6,89.86,Consumer,Office Supplies,West
DV-13465,Dianna Vittorini,3,122.97,0.0,60.26,0,6,89.86,Consumer,Office Supplies,West
DV-13465,Dianna Vittorini,3,470.38,0.2,52.92,0,6,89.86,Consumer,Technology,West
DV-13465,Dianna Vittorini,2,105.58,0.2,9.24,0,6,89.86,Consumer,Technology,West
DV-13465,Dianna Vittorini,3,31.15,0.2,3.5,0,6,89.86,Consumer,Office Supplies,West
DV-13465,Dianna Vittorini,7,6.78,0.7,-4.75,0,6,89.86,Consumer,Office Supplies,West
DV-13465,Dianna Vittorini,4,406.37,0.2,30.48,0,6,89.86,Consumer,Technology,West
DW-13195,David Wiener,4,64.86,0.2,6.49,0,6,171.62,Corporate,Office Supplies,West
DW-13195,David Wiener,3,4.37,0.2,0.38,0,6,171.62,Corporate,Office Supplies,South
DW-13195,David Wiener,7,289.24,0.0,26.03,0,6,171.62,Corporate,Furniture,West
DW-13195,David Wiener,2,69.46,0.2,22.57,0,6,171.62,Corporate,Office Supplies,West
DW-13195,David Wiener,5,318.43,0.3,-77.33,0,6,171.62,Corporate,Furniture,Central
DW-13195,David Wiener,7,122.92,0.2,46.1,0,6,171.62,Corporate,Technology,Central
DW-13195,David Wiener,3,7.07,0.6,-2.83,0,6,171.62,Corporate,Furniture,Central
DW-13195,David Wiener,3,27.18,0.0,12.23,0,6,171.62,Corporate,Office Supplies,West
DW-13195,David Wiener,5,177.22,0.5,-120.51,0,6,171.62,Corporate,Furniture,West
DW-13480,Dianna Wilson,7,2001.86,0.0,580.54,0,5,109.1,Home Office,Furniture,Central
DW-13480,Dianna Wilson,2,166.72,0.0,41.68,0,5,109.1,Home Office,Office Supplies,Central
DW-13480,Dianna Wilson,6,47.88,0.0,23.94,0,5,109.1,Home Office,Office Supplies,Central
DW-13480,Dianna Wilson,5,1503.25,0.0,496.07,0,5,109.1,Home Office,Office Supplies,Central
DW-13480,Dianna Wilson,4,25.92,0.0,12.44,0,5,109.1,Home Office,Office Supplies,Central
DW-13480,Dianna Wilson,1,34.58,0.0,10.03,0,5,109.1,Home Office,Office Supplies,West
DW-13480,Dianna Wilson,2,14.78,0.0,3.99,0,5,109.1,Home Office,Technology,Central
DW-13480,Dianna Wilson,3,203.98,0.2,25.5,0,5,109.1,Home Office,Technology,West
DW-13480,Dianna Wilson,3,674.35,0.2,-8.43,0,5,109.1,Home Office,Furniture,West
DW-13480,Dianna Wilson,2,58.34,0.0,28.0,0,5,109.1,Home Office,Office Supplies,South
DW-13480,Dianna Wilson,3,539.97,0.0,134.99,0,5,109.1,Home Office,Technology,South
DW-13540,Don Weiss,2,16.19,0.6,-6.88,0,5,71.75,Consumer,Furniture,Central
DW-13540,Don Weiss,4,88.04,0.0,22.89,0,5,71.75,Consumer,Office Supplies,East
DW-13540,Don Weiss,2,4.93,0.2,1.72,0,5,71.75,Consumer,Office Supplies,Central
DW-13540,Don Weiss,4,63.49,0.2,4.76,0,5,71.75,Consumer,Office Supplies,Central
DW-13540,Don Weiss,2,9.73,0.2,1.7,0,5,71.75,Consumer,Office Supplies,South
DW-13540,Don Weiss,1,3.42,0.2,1.07,0,5,71.75,Consumer,Office Supplies,South
DW-13540,Don Weiss,2,119.96,0.0,33.59,0,5,71.75,Consumer,Office Supplies,West
DW-13540,Don Weiss,3,31.44,0.0,8.49,0,5,71.75,Consumer,Office Supplies,West
DW-13540,Don Weiss,1,6.88,0.2,2.32,0,5,71.75,Consumer,Office Supplies,West
DW-13585,Dorothy Wardle,3,25.5,0.0,6.63,0,7,109.11,Corporate,Office Supplies,South
DW-13585,Dorothy Wardle,3,15.55,0.2,5.44,0,7,109.11,Corporate,Office Supplies,East
DW-13585,Dorothy Wardle,6,482.94,0.5,-376.69,0,7,109.11,Corporate,Furniture,East
DW-13585,Dorothy Wardle,3,179.97,0.0,86.39,0,7,109.11,Corporate,Technology,West
DW-13585,Dorothy Wardle,2,12.96,0.0,6.22,0,7,109.11,Corporate,Office Supplies,West
DW-13585,Dorothy Wardle,5,59.97,0.4,-11.99,0,7,109.11,Corporate,Technology,East
DW-13585,Dorothy Wardle,2,78.3,0.2,29.36,0,7,109.11,Corporate,Office Supplies,East
DW-13585,Dorothy Wardle,9,21.46,0.2,6.97,0,7,109.11,Corporate,Office Supplies,East
DW-13585,Dorothy Wardle,8,198.27,0.2,-32.22,0,7,109.11,Corporate,Furniture,South
DW-13585,Dorothy Wardle,3,129.93,0.0,12.99,0,7,109.11,Corporate,Furniture,East
Dl-13600,Dorris liebe,3,15.84,0.0,0.0,0,5,250.4,Corporate,Office Supplies,West
Dl-13600,Dorris liebe,3,44.4,0.0,22.2,0,5,250.4,Corporate,Office Supplies,West
Dl-13600,Dorris liebe,5,19.92,0.2,6.97,0,5,250.4,Corporate,Office Supplies,West
Dl-13600,Dorris liebe,3,658.75,0.1,146.39,0,5,250.4,Corporate,Furniture,East
Dl-13600,Dorris liebe,2,1.62,0.8,-4.47,0,5,250.4,Corporate,Office Supplies,Central
Dl-13600,Dorris liebe,3,15.07,0.2,4.14,0,5,250.4,Corporate,Furniture,East
Dp-13240,Dean percer,5,48.4,0.0,23.23,0,11,43.93,Home Office,Office Supplies,West
Dp-13240,Dean percer,11,63.47,0.0,19.04,0,11,43.93,Home Office,Furniture,West
Dp-13240,Dean percer,5,345.0,0.0,58.65,0,11,43.93,Home Office,Technology,West
Dp-13240,Dean percer,2,2321.9,0.0,1114.51,0,11,43.93,Home Office,Technology,East
Dp-13240,Dean percer,3,17.94,0.0,3.05,0,11,43.93,Home Office,Office Supplies,East
Dp-13240,Dean percer,3,19.44,0.0,9.33,0,11,43.93,Home Office,Office Supplies,East
Dp-13240,Dean percer,2,37.88,0.0,18.94,0,11,43.93,Home Office,Office Supplies,East
Dp-13240,Dean percer,2,52.34,0.0,24.6,0,11,43.93,Home Office,Office Supplies,East
Dp-13240,Dean percer,2,4.66,0.0,1.35,0,11,43.93,Home Office,Office Supplies,East
Dp-13240,Dean percer,3,254.97,0.0,91.79,0,11,43.93,Home Office,Technology,East
Dp-13240,Dean percer,3,44.4,0.0,22.2,0,11,43.93,Home Office,Office Supplies,Central
Dp-13240,Dean percer,5,84.55,0.0,22.83,0,11,43.93,Home Office,Office Supplies,Central
Dp-13240,Dean percer,3,17.94,0.0,8.79,0,11,43.93,Home Office,Office Supplies,Central
Dp-13240,Dean percer,2,314.53,0.4,-83.88,0,11,43.93,Home Office,Furniture,East
Dp-13240,Dean percer,3,7.86,0.7,-6.02,0,11,43.93,Home Office,Office Supplies,West
Dp-13240,Dean percer,2,38.62,0.0,10.81,0,11,43.93,Home Office,Office Supplies,East
Dp-13240,Dean percer,2,59.98,0.0,10.8,0,11,43.93,Home Office,Technology,East
Dp-13240,Dean percer,2,11.81,0.2,1.33,0,11,43.93,Home Office,Furniture,South
Dp-13240,Dean percer,1,9.66,0.2,1.57,0,11,43.93,Home Office,Furniture,South
Dp-13240,Dean percer,4,20.74,0.2,7.26,0,11,43.93,Home Office,Office Supplies,South
Dp-13240,Dean percer,3,27.36,0.7,-21.89,0,11,43.93,Home Office,Office Supplies,South
Dp-13240,Dean percer,7,2314.12,0.4,-1002.78,0,11,43.93,Home Office,Furniture,South
Dp-13240,Dean percer,4,34.24,0.7,-26.25,0,11,43.93,Home Office,Office Supplies,South
Dp-13240,Dean percer,2,19.76,0.2,5.93,0,11,43.93,Home Office,Furniture,South
Dp-13240,Dean percer,4,580.67,0.2,65.33,0,11,43.93,Home Office,Office Supplies,South
Dp-13240,Dean percer,3,18.94,0.2,5.92,0,11,43.93,Home Office,Office Supplies,South
Dp-13240,Dean percer,2,222.38,0.2,16.68,0,11,43.93,Home Office,Technology,South
Dp-13240,Dean percer,6,50.45,0.7,-33.64,0,11,43.93,Home Office,Office Supplies,South
Dp-13240,Dean percer,3,154.76,0.4,-36.11,0,11,43.93,Home Office,Furniture,South
EA-14035,Erin Ashbrook,7,18.65,0.7,-12.43,0,13,43.83,Corporate,Office Supplies,South
EA-14035,Erin Ashbrook,2,68.7,0.2,16.32,0,13,43.83,Corporate,Furniture,East
EA-14035,Erin Ashbrook,2,3.13,0.7,-2.61,0,13,43.83,Corporate,Office Supplies,East
EA-14035,Erin Ashbrook,3,22.43,0.7,-17.94,0,13,43.83,Corporate,Office Supplies,East
EA-14035,Erin Ashbrook,3,98.38,0.2,35.66,0,13,43.83,Corporate,Office Supplies,East
EA-14035,Erin Ashbrook,4,29.94,0.7,-23.95,0,13,43.83,Corporate,Office Supplies,East
EA-14035,Erin Ashbrook,3,17.47,0.2,5.68,0,13,43.83,Corporate,Office Supplies,East
EA-14035,Erin Ashbrook,1,36.74,0.4,-9.18,0,13,43.83,Corporate,Technology,East
EA-14035,Erin Ashbrook,2,179.94,0.4,-44.98,0,13,43.83,Corporate,Technology,East
EA-14035,Erin Ashbrook,3,186.69,0.0,87.74,0,13,43.83,Corporate,Office Supplies,South
EA-14035,Erin Ashbrook,1,599.99,0.0,234.0,0,13,43.83,Corporate,Technology,Central
EA-14035,Erin Ashbrook,6,92.06,0.8,-225.56,0,13,43.83,Corporate,Office Supplies,Central
EA-14035,Erin Ashbrook,4,6.98,0.2,1.83,0,13,43.83,Corporate,Office Supplies,Central
EA-14035,Erin Ashbrook,3,62.96,0.3,-2.7,0,13,43.83,Corporate,Furniture,Central
EA-14035,Erin Ashbrook,1,5.18,0.2,1.81,0,13,43.83,Corporate,Office Supplies,Central
EA-14035,Erin Ashbrook,7,135.8,0.0,66.54,0,13,43.83,Corporate,Furniture,East
EA-14035,Erin Ashbrook,6,185.88,0.0,83.65,0,13,43.83,Corporate,Office Supplies,West
EA-14035,Erin Ashbrook,2,12.96,0.0,6.22,0,13,43.83,Corporate,Office Supplies,West
EA-14035,Erin Ashbrook,4,95.97,0.2,26.39,0,13,43.83,Corporate,Technology,Central
EA-14035,Erin Ashbrook,2,10.37,0.2,3.63,0,13,43.83,Corporate,Office Supplies,Central
EA-14035,Erin Ashbrook,5,528.43,0.3,0.0,0,13,43.83,Corporate,Furniture,Central
EA-14035,Erin Ashbrook,8,41.47,0.2,14.52,0,13,43.83,Corporate,Office Supplies,Central
EA-14035,Erin Ashbrook,3,341.99,0.7,-319.19,0,13,43.83,Corporate,Technology,East
EA-14035,Erin Ashbrook,2,9.78,0.0,4.01,0,13,43.83,Corporate,Office Supplies,West
EA-14035,Erin Ashbrook,3,54.82,0.2,17.82,0,13,43.83,Corporate,Office Supplies,East
EB-13705,Ed Braxton,3,502.49,0.2,-87.94,0,9,111.18,Corporate,Furniture,West
EB-13705,Ed Braxton,6,196.7,0.2,68.85,0,9,111.18,Corporate,Office Supplies,West
EB-13705,Ed Braxton,7,445.8,0.3,-108.27,0,9,111.18,Corporate,Furniture,East
EB-13705,Ed Braxton,3,98.38,0.2,35.66,0,9,111.18,Corporate,Office Supplies,Central
EB-13705,Ed Braxton,3,22.38,0.6,-7.83,0,9,111.18,Corporate,Furniture,Central
EB-13705,Ed Braxton,6,57.5,0.2,20.13,0,9,111.18,Corporate,Office Supplies,West
EB-13705,Ed Braxton,3,21.07,0.2,1.58,0,9,111.18,Corporate,Technology,Central
EB-13705,Ed Braxton,7,1293.49,0.2,80.84,0,9,111.18,Corporate,Furniture,West
EB-13705,Ed Braxton,8,41.47,0.2,14.52,0,9,111.18,Corporate,Office Supplies,Central
EB-13705,Ed Braxton,2,284.36,0.4,-75.83,0,9,111.18,Corporate,Furniture,East
EB-13705,Ed Braxton,2,665.41,0.2,66.54,0,9,111.18,Corporate,Office Supplies,East
EB-13705,Ed Braxton,5,15.92,0.2,5.37,0,9,111.18,Corporate,Office Supplies,East
EB-13750,Edward Becker,3,8.69,0.2,2.93,0,10,52.05,Corporate,Office Supplies,South
EB-13750,Edward Becker,4,30.88,0.2,3.86,0,10,52.05,Corporate,Furniture,South
EB-13750,Edward Becker,3,6.41,0.2,1.44,0,10,52.05,Corporate,Furniture,South
EB-13750,Edward Becker,9,1522.64,0.1,169.18,0,10,52.05,Corporate,Furniture,East
EB-13750,Edward Becker,9,35.35,0.2,12.82,0,10,52.05,Corporate,Office Supplies,West
EB-13750,Edward Becker,9,26.55,0.0,12.74,0,10,52.05,Corporate,Office Supplies,South
EB-13750,Edward Becker,2,111.98,0.0,26.88,0,10,52.05,Corporate,Technology,South
EB-13750,Edward Becker,8,18.43,0.7,-12.29,0,10,52.05,Corporate,Office Supplies,East
EB-13750,Edward Becker,5,63.2,0.0,23.38,0,10,52.05,Corporate,Furniture,West
EB-13750,Edward Becker,3,28.14,0.0,7.88,0,10,52.05,Corporate,Office Supplies,East
EB-13750,Edward Becker,2,36.0,0.0,6.48,0,10,52.05,Corporate,Technology,East
EB-13750,Edward Becker,3,92.94,0.0,25.09,0,10,52.05,Corporate,Office Supplies,East
EB-13750,Edward Becker,3,245.65,0.1,8.19,0,10,52.05,Corporate,Furniture,East
EB-13750,Edward Becker,3,55.01,0.2,17.19,0,10,52.05,Corporate,Office Supplies,East
EB-13750,Edward Becker,3,35.23,0.2,11.45,0,10,52.05,Corporate,Office Supplies,East
EB-13750,Edward Becker,4,477.24,0.0,9.54,0,10,52.05,Corporate,Office Supplies,South
EB-13750,Edward Becker,2,25.98,0.0,1.56,0,10,52.05,Corporate,Technology,South
EB-13750,Edward Becker,5,341.96,0.6,-427.45,0,10,52.05,Corporate,Furniture,Central
EB-13750,Edward Becker,5,39.96,0.2,3.5,0,10,52.05,Corporate,Technology,West
EB-13750,Edward Becker,6,34.08,0.0,15.34,0,10,52.05,Corporate,Office Supplies,West
EB-13840,Ellis Ballard,3,13.62,0.0,6.13,0,5,174.29,Corporate,Office Supplies,South
EB-13840,Ellis Ballard,3,94.43,0.6,-42.49,0,5,174.29,Corporate,Furniture,Central
EB-13840,Ellis Ballard,8,3393.68,0.0,610.86,0,5,174.29,Corporate,Furniture,West
EB-13840,Ellis Ballard,6,212.88,0.0,0.0,0,5,174.29,Corporate,Office Supplies,East
EB-13840,Ellis Ballard,8,91.84,0.0,45.0,0,5,174.29,Corporate,Office Supplies,West
EB-13840,Ellis Ballard,7,81.09,0.2,27.37,0,5,174.29,Corporate,Office Supplies,West
EB-13840,Ellis Ballard,3,19.44,0.0,9.33,0,5,174.29,Corporate,Office Supplies,West
EB-13840,Ellis Ballard,3,451.15,0.2,0.0,0,5,174.29,Corporate,Furniture,West
EB-13870,Emily Burns,3,127.87,0.3,-9.13,0,10,123.5,Consumer,Furniture,Central
EB-13870,Emily Burns,3,333.58,0.2,25.02,0,10,123.5,Consumer,Technology,West
EB-13870,Emily Burns,7,19.19,0.7,-12.8,0,10,123.5,Consumer,Office Supplies,West
EB-13870,Emily Burns,4,121.79,0.2,13.7,0,10,123.5,Consumer,Office Supplies,West
EB-13870,Emily Burns,3,5.16,0.2,0.84,0,10,123.5,Consumer,Office Supplies,South
EB-13870,Emily Burns,3,1044.63,0.0,240.26,0,10,123.5,Consumer,Furniture,West
EB-13870,Emily Burns,6,599.29,0.1,93.22,0,10,123.5,Consumer,Furniture,East
EB-13870,Emily Burns,3,40.68,0.2,-9.15,0,10,123.5,Consumer,Technology,South
EB-13870,Emily Burns,4,419.14,0.2,-68.11,0,10,123.5,Consumer,Furniture,South
EB-13870,Emily Burns,3,53.98,0.4,-10.8,0,10,123.5,Consumer,Technology,East
EB-13870,Emily Burns,2,1.91,0.7,-1.53,0,10,123.5,Consumer,Office Supplies,East
EB-13930,Eric Barreto,2,18.34,0.7,-12.22,0,5,211.0,Consumer,Office Supplies,South
EB-13930,Eric Barreto,5,180.96,0.2,13.57,0,5,211.0,Consumer,Technology,South
EB-13930,Eric Barreto,3,56.82,0.0,28.41,0,5,211.0,Consumer,Office Supplies,Central
EB-13930,Eric Barreto,3,104.28,0.0,26.07,0,5,211.0,Consumer,Office Supplies,West
EB-13930,Eric Barreto,3,17.94,0.0,8.79,0,5,211.0,Consumer,Office Supplies,West
EB-13930,Eric Barreto,4,39.92,0.0,11.18,0,5,211.0,Consumer,Furniture,South
EB-13930,Eric Barreto,4,526.34,0.3,-75.19,0,5,211.0,Consumer,Furniture,Central
EB-13975,Erica Bern,4,959.97,0.2,120.0,0,4,145.2,Corporate,Technology,South
EB-13975,Erica Bern,5,623.96,0.2,39.0,0,4,145.2,Corporate,Technology,West
EB-13975,Erica Bern,2,20.61,0.2,-4.38,0,4,145.2,Corporate,Office Supplies,South
EB-13975,Erica Bern,3,4.1,0.7,-2.73,0,4,145.2,Corporate,Office Supplies,South
EB-13975,Erica Bern,2,13.9,0.2,4.52,0,4,145.2,Corporate,Office Supplies,West
EB-13975,Erica Bern,2,20.72,0.2,6.47,0,4,145.2,Corporate,Office Supplies,West
EB-14110,Eugene Barchas,2,241.57,0.2,-15.1,0,6,87.9,Consumer,Furniture,West
EB-14110,Eugene Barchas,2,479.92,0.2,41.99,0,6,87.9,Consumer,Technology,West
EB-14110,Eugene Barchas,2,15.56,0.0,7.31,0,6,87.9,Consumer,Office Supplies,East
EB-14110,Eugene Barchas,5,71.12,0.2,9.78,0,6,87.9,Consumer,Furniture,East
EB-14110,Eugene Barchas,2,3.01,0.2,0.56,0,6,87.9,Consumer,Office Supplies,East
EB-14110,Eugene Barchas,3,332.94,0.0,6.66,0,6,87.9,Consumer,Office Supplies,West
EB-14110,Eugene Barchas,2,39.87,0.2,12.96,0,6,87.9,Consumer,Office Supplies,West
EB-14110,Eugene Barchas,3,380.06,0.3,-21.72,0,6,87.9,Consumer,Furniture,East
EB-14110,Eugene Barchas,4,1199.98,0.4,180.0,0,6,87.9,Consumer,Technology,East
EB-14110,Eugene Barchas,3,48.58,0.2,9.72,0,6,87.9,Consumer,Furniture,East
EB-14110,Eugene Barchas,2,258.53,0.4,-47.4,0,6,87.9,Consumer,Technology,East
EB-14170,Evan Bailliet,2,10.05,0.2,3.14,0,6,184.33,Consumer,Office Supplies,West
EB-14170,Evan Bailliet,5,807.75,0.0,153.47,0,6,184.33,Consumer,Office Supplies,West
EB-14170,Evan Bailliet,2,5.31,0.6,-1.59,0,6,184.33,Consumer,Furniture,Central
EB-14170,Evan Bailliet,2,5.04,0.2,1.76,0,6,184.33,Consumer,Office Supplies,South
EB-14170,Evan Bailliet,4,335.52,0.2,117.43,0,6,184.33,Consumer,Office Supplies,Central
EB-14170,Evan Bailliet,1,11.84,0.2,4.44,0,6,184.33,Consumer,Office Supplies,Central
EB-14170,Evan Bailliet,4,10.82,0.2,3.52,0,6,184.33,Consumer,Office Supplies,South
EC-14050,Erin Creighton,4,5.48,0.7,-4.02,0,5,176.0,Consumer,Office Supplies,East
EC-14050,Erin Creighton,5,249.95,0.0,20.0,0,5,176.0,Consumer,Technology,South
EC-14050,Erin Creighton,4,49.12,0.0,23.09,0,5,176.0,Consumer,Office Supplies,South
EC-14050,Erin Creighton,6,25.68,0.0,11.56,0,5,176.0,Consumer,Office Supplies,East
EC-14050,Erin Creighton,2,56.56,0.0,15.27,0,5,176.0,Consumer,Office Supplies,West
EC-14050,Erin Creighton,7,36.96,0.0,11.46,0,5,176.0,Consumer,Furniture,West
EC-14050,Erin Creighton,9,38.16,0.0,19.08,0,5,176.0,Consumer,Office Supplies,Central
ED-13885,Emily Ducich,8,20.88,0.0,9.6,0,8,84.92,Home Office,Office Supplies,West
ED-13885,Emily Ducich,2,23.68,0.2,8.88,0,8,84.92,Home Office,Office Supplies,Central
ED-13885,Emily Ducich,11,2621.32,0.1,553.39,0,8,84.92,Home Office,Furniture,East
ED-13885,Emily Ducich,2,100.8,0.2,21.42,0,8,84.92,Home Office,Technology,Central
ED-13885,Emily Ducich,5,450.0,0.0,162.0,0,8,84.92,Home Office,Technology,West
ED-13885,Emily Ducich,4,55.36,0.2,19.38,0,8,84.92,Home Office,Office Supplies,West
ED-13885,Emily Ducich,1,11.56,0.2,3.76,0,8,84.92,Home Office,Technology,West
ED-13885,Emily Ducich,3,12.84,0.0,3.47,0,8,84.92,Home Office,Office Supplies,West
ED-13885,Emily Ducich,3,44.67,0.0,12.06,0,8,84.92,Home Office,Furniture,West
ED-13885,Emily Ducich,2,5.55,0.2,-1.04,0,8,84.92,Home Office,Office Supplies,Central
ED-13885,Emily Ducich,3,8.02,0.2,1.0,0,8,84.92,Home Office,Office Supplies,Central
ED-13885,Emily Ducich,4,74.59,0.3,-2.13,0,8,84.92,Home Office,Furniture,Central
ED-13885,Emily Ducich,2,16.78,0.6,-22.24,0,8,84.92,Home Office,Furniture,Central
ED-13885,Emily Ducich,4,38.86,0.8,-99.1,0,8,84.92,Home Office,Office Supplies,Central
EG-13900,Emily Grady,4,197.72,0.0,55.36,0,5,95.88,Consumer,Office Supplies,South
EG-13900,Emily Grady,8,182.72,0.0,84.05,0,5,95.88,Consumer,Office Supplies,East
EG-13900,Emily Grady,2,400.03,0.4,-153.35,0,5,95.88,Consumer,Furniture,East
EG-13900,Emily Grady,3,33.63,0.0,10.09,0,5,95.88,Consumer,Office Supplies,East
EG-13900,Emily Grady,3,542.65,0.1,102.5,0,5,95.88,Consumer,Furniture,East
EG-13900,Emily Grady,2,6.3,0.0,3.02,0,5,95.88,Consumer,Office Supplies,East
EG-13900,Emily Grady,13,13.47,0.8,-22.9,0,5,95.88,Consumer,Office Supplies,Central
EG-13900,Emily Grady,5,239.96,0.2,83.99,0,5,95.88,Consumer,Technology,Central
EG-13900,Emily Grady,4,215.54,0.3,-58.5,0,5,95.88,Consumer,Furniture,East
EH-13765,Edward Hooks,2,39.68,0.0,16.27,0,12,39.45,Corporate,Office Supplies,West
EH-13765,Edward Hooks,6,52.51,0.2,19.69,0,12,39.45,Corporate,Office Supplies,East
EH-13765,Edward Hooks,6,186.91,0.2,-35.05,0,12,39.45,Corporate,Office Supplies,East
EH-13765,Edward Hooks,4,10.05,0.2,3.14,0,12,39.45,Corporate,Office Supplies,East
EH-13765,Edward Hooks,2,61.96,0.0,16.11,0,12,39.45,Corporate,Office Supplies,East
EH-13765,Edward Hooks,2,361.96,0.0,83.25,0,12,39.45,Corporate,Furniture,East
EH-13765,Edward Hooks,9,278.82,0.0,125.47,0,12,39.45,Corporate,Office Supplies,East
EH-13765,Edward Hooks,2,28.28,0.0,7.35,0,12,39.45,Corporate,Furniture,West
EH-13765,Edward Hooks,3,4912.59,0.0,196.5,0,12,39.45,Corporate,Office Supplies,West
EH-13765,Edward Hooks,2,12.56,0.0,4.02,0,12,39.45,Corporate,Furniture,East
EH-13765,Edward Hooks,3,90.48,0.2,33.93,0,12,39.45,Corporate,Office Supplies,East
EH-13765,Edward Hooks,2,13.08,0.0,6.02,0,12,39.45,Corporate,Office Supplies,East
EH-13765,Edward Hooks,5,214.7,0.0,83.73,0,12,39.45,Corporate,Furniture,East
EH-13765,Edward Hooks,5,54.9,0.0,15.37,0,12,39.45,Corporate,Office Supplies,East
EH-13765,Edward Hooks,3,30.18,0.0,13.88,0,12,39.45,Corporate,Office Supplies,West
EH-13765,Edward Hooks,12,51.65,0.2,18.72,0,12,39.45,Corporate,Office Supplies,West
EH-13765,Edward Hooks,3,11.23,0.2,3.93,0,12,39.45,Corporate,Office Supplies,West
EH-13765,Edward Hooks,5,304.9,0.0,143.3,0,12,39.45,Corporate,Office Supplies,West
EH-13765,Edward Hooks,5,563.24,0.2,56.32,0,12,39.45,Corporate,Furniture,West
EH-13765,Edward Hooks,3,28.75,0.2,10.06,0,12,39.45,Corporate,Office Supplies,East
EH-13765,Edward Hooks,5,114.95,0.0,32.19,0,12,39.45,Corporate,Office Supplies,East
EH-13765,Edward Hooks,3,8.82,0.0,2.56,0,12,39.45,Corporate,Office Supplies,West
EH-13765,Edward Hooks,2,37.94,0.0,18.21,0,12,39.45,Corporate,Office Supplies,West
EH-13765,Edward Hooks,2,4.2,0.0,1.18,0,12,39.45,Corporate,Office Supplies,West
EH-13765,Edward Hooks,2,227.28,0.0,2.27,0,12,39.45,Corporate,Office Supplies,West
EH-13765,Edward Hooks,1,47.9,0.0,22.99,0,12,39.45,Corporate,Office Supplies,West
EH-13765,Edward Hooks,2,61.96,0.0,30.36,0,12,39.45,Corporate,Office Supplies,West
EH-13765,Edward Hooks,4,1117.92,0.0,55.9,0,12,39.45,Corporate,Office Supplies,West
EH-13765,Edward Hooks,5,15.12,0.2,4.91,0,12,39.45,Corporate,Office Supplies,Central
EH-13765,Edward Hooks,3,7.87,0.2,0.89,0,12,39.45,Corporate,Office Supplies,Central
EH-13765,Edward Hooks,5,895.92,0.2,302.37,0,12,39.45,Corporate,Office Supplies,East
EH-13765,Edward Hooks,2,462.56,0.1,97.65,0,12,39.45,Corporate,Furniture,East
EH-13945,Eric Hoffmann,2,73.98,0.0,19.97,0,8,66.25,Consumer,Technology,East
EH-13945,Eric Hoffmann,1,5.58,0.0,2.18,0,8,66.25,Consumer,Office Supplies,East
EH-13945,Eric Hoffmann,3,3.37,0.7,-2.24,0,8,66.25,Consumer,Office Supplies,West
EH-13945,Eric Hoffmann,3,29.22,0.0,12.86,0,8,66.25,Consumer,Furniture,West
EH-13945,Eric Hoffmann,2,11.65,0.2,4.22,0,8,66.25,Consumer,Office Supplies,West
EH-13945,Eric Hoffmann,3,90.57,0.0,11.77,0,8,66.25,Consumer,Technology,West
EH-13945,Eric Hoffmann,6,100.7,0.2,-16.36,0,8,66.25,Consumer,Office Supplies,Central
EH-13945,Eric Hoffmann,2,2.33,0.6,-0.76,0,8,66.25,Consumer,Furniture,Central
EH-13945,Eric Hoffmann,5,10.78,0.8,-17.25,0,8,66.25,Consumer,Office Supplies,Central
EH-13945,Eric Hoffmann,12,58.37,0.2,21.89,0,8,66.25,Consumer,Office Supplies,Central
EH-13945,Eric Hoffmann,3,40.97,0.2,13.83,0,8,66.25,Consumer,Office Supplies,Central
EH-13945,Eric Hoffmann,5,71.96,0.2,25.19,0,8,66.25,Consumer,Technology,Central
EH-13945,Eric Hoffmann,2,10.37,0.2,3.63,0,8,66.25,Consumer,Office Supplies,Central
EH-13945,Eric Hoffmann,2,1.19,0.8,-2.03,0,8,66.25,Consumer,Office Supplies,Central
EH-13945,Eric Hoffmann,9,78.76,0.7,-57.76,0,8,66.25,Consumer,Office Supplies,East
EH-13945,Eric Hoffmann,7,68.46,0.0,25.33,0,8,66.25,Consumer,Technology,West
EH-13945,Eric Hoffmann,5,25.92,0.2,9.07,0,8,66.25,Consumer,Office Supplies,South
EH-13990,Erica Hackney,5,149.95,0.0,65.98,0,6,148.57,Consumer,Technology,South
EH-13990,Erica Hackney,2,12.96,0.0,6.22,0,6,148.57,Consumer,Office Supplies,West
EH-13990,Erica Hackney,1,120.71,0.2,-18.11,0,6,148.57,Consumer,Furniture,West
EH-13990,Erica Hackney,2,10.76,0.0,5.16,0,6,148.57,Consumer,Office Supplies,East
EH-13990,Erica Hackney,2,45.68,0.0,21.01,0,6,148.57,Consumer,Office Supplies,East
EH-13990,Erica Hackney,1,6.7,0.0,2.21,0,6,148.57,Consumer,Office Supplies,East
EH-13990,Erica Hackney,6,328.0,0.1,54.67,0,6,148.57,Consumer,Furniture,East
EH-13990,Erica Hackney,1,151.19,0.2,13.23,0,6,148.57,Consumer,Technology,Central
EH-14005,Erica Hernandez,2,7.1,0.2,2.4,0,7,132.5,Home Office,Office Supplies,South
EH-14005,Erica Hernandez,8,398.35,0.7,-331.96,0,7,132.5,Home Office,Office Supplies,South
EH-14005,Erica Hernandez,3,164.88,0.0,80.79,0,7,132.5,Home Office,Office Supplies,West
EH-14005,Erica Hernandez,3,29.47,0.2,9.95,0,7,132.5,Home Office,Office Supplies,West
EH-14005,Erica Hernandez,7,108.08,0.0,54.04,0,7,132.5,Home Office,Office Supplies,South
EH-14005,Erica Hernandez,3,9.54,0.0,4.39,0,7,132.5,Home Office,Office Supplies,South
EH-14005,Erica Hernandez,2,241.96,0.0,41.13,0,7,132.5,Home Office,Furniture,Central
EH-14005,Erica Hernandez,9,27.72,0.0,13.31,0,7,132.5,Home Office,Office Supplies,Central
EH-14005,Erica Hernandez,5,104.68,0.2,35.33,0,7,132.5,Home Office,Office Supplies,East
EH-14005,Erica Hernandez,7,62.96,0.4,9.44,0,7,132.5,Home Office,Technology,East
EH-14005,Erica Hernandez,1,64.78,0.2,-12.96,0,7,132.5,Home Office,Office Supplies,South
EH-14125,Eugene Hildebrand,6,321.55,0.2,20.1,0,10,59.76,Home Office,Technology,West
EH-14125,Eugene Hildebrand,4,142.04,0.0,38.35,0,10,59.76,Home Office,Office Supplies,East
EH-14125,Eugene Hildebrand,3,14.67,0.0,6.01,0,10,59.76,Home Office,Office Supplies,East
EH-14125,Eugene Hildebrand,8,748.75,0.4,-162.23,0,10,59.76,Home Office,Technology,East
EH-14125,Eugene Hildebrand,1,8.87,0.2,3.22,0,10,59.76,Home Office,Office Supplies,East
EH-14125,Eugene Hildebrand,6,121.1,0.7,-100.92,0,10,59.76,Home Office,Office Supplies,East
EH-14125,Eugene Hildebrand,7,40.64,0.7,-32.51,0,10,59.76,Home Office,Office Supplies,West
EH-14125,Eugene Hildebrand,5,69.5,0.0,20.16,0,10,59.76,Home Office,Office Supplies,South
EH-14125,Eugene Hildebrand,4,191.6,0.0,91.97,0,10,59.76,Home Office,Office Supplies,South
EH-14125,Eugene Hildebrand,2,701.37,0.3,-50.1,0,10,59.76,Home Office,Furniture,Central
EH-14125,Eugene Hildebrand,2,2.31,0.8,-3.46,0,10,59.76,Home Office,Office Supplies,Central
EH-14125,Eugene Hildebrand,7,12.74,0.0,5.73,0,10,59.76,Home Office,Office Supplies,West
EH-14125,Eugene Hildebrand,3,8.82,0.0,2.38,0,10,59.76,Home Office,Office Supplies,West
EH-14125,Eugene Hildebrand,1,120.78,0.2,-13.59,0,10,59.76,Home Office,Furniture,West
EH-14125,Eugene Hildebrand,5,82.4,0.0,40.38,0,10,59.76,Home Office,Office Supplies,East
EH-14125,Eugene Hildebrand,2,6.24,0.0,3.06,0,10,59.76,Home Office,Office Supplies,East
EH-14125,Eugene Hildebrand,8,447.84,0.0,219.44,0,10,59.76,Home Office,Office Supplies,East
EH-14125,Eugene Hildebrand,2,41.42,0.2,8.28,0,10,59.76,Home Office,Technology,South
EH-14185,Evan Henry,2,135.98,0.0,34.0,0,6,173.29,Consumer,Technology,South
EH-14185,Evan Henry,1,44.95,0.0,12.59,0,6,173.29,Consumer,Technology,South
EH-14185,Evan Henry,3,40.78,0.2,0.51,0,6,173.29,Consumer,Technology,East
EH-14185,Evan Henry,3,13.7,0.7,-9.59,0,6,173.29,Consumer,Office Supplies,East
EH-14185,Evan Henry,1,6.93,0.8,-11.08,0,6,173.29,Consumer,Office Supplies,Central
EH-14185,Evan Henry,2,588.78,0.2,184.0,0,6,173.29,Consumer,Office Supplies,East
EH-14185,Evan Henry,4,72.22,0.2,25.28,0,6,173.29,Consumer,Office Supplies,South
EH-14185,Evan Henry,6,20.54,0.2,6.42,0,6,173.29,Consumer,Office Supplies,East
EJ-13720,Ed Jacobs,1,57.23,0.0,14.31,0,4,161.57,Consumer,Office Supplies,West
EJ-13720,Ed Jacobs,3,333.0,0.2,-16.65,0,4,161.57,Consumer,Furniture,West
EJ-13720,Ed Jacobs,4,36.44,0.0,12.03,0,4,161.57,Consumer,Office Supplies,West
EJ-13720,Ed Jacobs,7,36.29,0.2,12.7,0,4,161.57,Consumer,Office Supplies,Central
EJ-13720,Ed Jacobs,2,56.57,0.6,-74.95,0,4,161.57,Consumer,Furniture,Central
EJ-13720,Ed Jacobs,3,422.86,0.2,15.86,0,4,161.57,Consumer,Office Supplies,East
EJ-13720,Ed Jacobs,8,1049.44,0.0,440.76,0,4,161.57,Consumer,Technology,West
EJ-13720,Ed Jacobs,3,170.35,0.2,-17.04,0,4,161.57,Consumer,Furniture,West
EJ-14155,Eva Jacobs,3,626.35,0.2,-23.49,0,5,191.57,Consumer,Furniture,West
EJ-14155,Eva Jacobs,3,137.94,0.0,35.86,0,5,191.57,Consumer,Technology,East
EJ-14155,Eva Jacobs,5,111.15,0.0,48.91,0,5,191.57,Consumer,Furniture,East
EJ-14155,Eva Jacobs,3,901.95,0.0,297.64,0,5,191.57,Consumer,Office Supplies,East
EJ-14155,Eva Jacobs,3,366.01,0.3,-47.06,0,5,191.57,Consumer,Furniture,East
EJ-14155,Eva Jacobs,9,48.69,0.0,23.86,0,5,191.57,Consumer,Office Supplies,South
EJ-14155,Eva Jacobs,2,421.1,0.0,105.27,0,5,191.57,Consumer,Office Supplies,West
EJ-14155,Eva Jacobs,3,43.5,0.0,10.88,0,5,191.57,Consumer,Technology,West
EK-13795,Eileen Kiefer,10,1198.33,0.15,70.49,0,4,446.33,Home Office,Furniture,West
EK-13795,Eileen Kiefer,2,56.3,0.0,15.76,0,4,446.33,Home Office,Office Supplies,West
EK-13795,Eileen Kiefer,2,25.49,0.2,4.78,0,4,446.33,Home Office,Technology,Central
EK-13795,Eileen Kiefer,4,23.36,0.0,6.07,0,4,446.33,Home Office,Office Supplies,West
EL-13735,Ed Ludwig,2,86.62,0.0,8.66,0,2,540.0,Home Office,Furniture,Central
EL-13735,Ed Ludwig,7,37.66,0.0,18.45,0,2,540.0,Home Office,Office Supplies,East
EM-13810,Eleni McCrary,5,7.52,0.2,2.63,0,5,134.17,Corporate,Office Supplies,West
EM-13810,Eleni McCrary,6,1348.7,0.2,-219.16,0,5,134.17,Corporate,Furniture,West
EM-13810,Eleni McCrary,3,700.15,0.2,78.77,0,5,134.17,Corporate,Furniture,West
EM-13810,Eleni McCrary,2,284.36,0.4,-75.83,0,5,134.17,Corporate,Furniture,East
EM-13810,Eleni McCrary,2,26.0,0.0,11.7,0,5,134.17,Corporate,Technology,East
EM-13810,Eleni McCrary,2,159.98,0.0,57.59,0,5,134.17,Corporate,Technology,East
EM-13810,Eleni McCrary,3,40.29,0.0,10.48,0,5,134.17,Corporate,Office Supplies,East
EM-13825,Elizabeth Moffitt,1,5.95,0.0,0.83,0,8,71.27,Corporate,Technology,South
EM-13825,Elizabeth Moffitt,3,15.24,0.0,7.16,0,8,71.27,Corporate,Office Supplies,South
EM-13825,Elizabeth Moffitt,8,182.72,0.0,84.05,0,8,71.27,Corporate,Office Supplies,West
EM-13825,Elizabeth Moffitt,5,274.8,0.0,134.65,0,8,71.27,Corporate,Office Supplies,East
EM-13825,Elizabeth Moffitt,1,62.18,0.0,16.79,0,8,71.27,Corporate,Office Supplies,East
EM-13825,Elizabeth Moffitt,2,8.28,0.0,2.98,0,8,71.27,Corporate,Furniture,East
EM-13825,Elizabeth Moffitt,4,9.22,0.2,3.34,0,8,71.27,Corporate,Office Supplies,South
EM-13825,Elizabeth Moffitt,3,21.2,0.6,-11.66,0,8,71.27,Corporate,Furniture,Central
EM-13825,Elizabeth Moffitt,4,159.56,0.0,59.04,0,8,71.27,Corporate,Technology,West
EM-13825,Elizabeth Moffitt,2,14.62,0.0,6.87,0,8,71.27,Corporate,Office Supplies,Central
EM-13825,Elizabeth Moffitt,2,416.32,0.0,112.41,0,8,71.27,Corporate,Office Supplies,Central
EM-13825,Elizabeth Moffitt,5,43.0,0.0,20.21,0,8,71.27,Corporate,Office Supplies,Central
EM-13825,Elizabeth Moffitt,3,182.94,0.0,27.44,0,8,71.27,Corporate,Furniture,Central
EM-13825,Elizabeth Moffitt,7,60.83,0.0,30.42,0,8,71.27,Corporate,Office Supplies,Central
EM-13825,Elizabeth Moffitt,3,389.97,0.0,132.59,0,8,71.27,Corporate,Technology,Central
EM-13825,Elizabeth Moffitt,4,492.77,0.2,55.44,0,8,71.27,Corporate,Technology,Central
EM-13960,Eric Murdock,4,2.99,0.8,-4.49,0,5,134.0,Consumer,Office Supplies,Central
EM-13960,Eric Murdock,4,108.77,0.2,2.72,0,5,134.0,Consumer,Technology,Central
EM-13960,Eric Murdock,2,572.8,0.2,50.12,0,5,134.0,Consumer,Technology,West
EM-13960,Eric Murdock,3,8.22,0.0,2.22,0,5,134.0,Consumer,Office Supplies,East
EM-13960,Eric Murdock,2,54.38,0.2,1.36,0,5,134.0,Consumer,Technology,East
EM-13960,Eric Murdock,3,186.54,0.0,50.37,0,5,134.0,Consumer,Office Supplies,West
EM-14065,Erin Mull,2,5.96,0.0,1.67,0,4,242.0,Consumer,Office Supplies,East
EM-14065,Erin Mull,2,159.98,0.0,57.59,0,4,242.0,Consumer,Technology,East
EM-14065,Erin Mull,8,11.23,0.7,-8.24,0,4,242.0,Consumer,Office Supplies,South
EM-14065,Erin Mull,3,10.27,0.2,3.21,0,4,242.0,Consumer,Office Supplies,South
EM-14065,Erin Mull,6,30.34,0.6,-17.44,0,4,242.0,Consumer,Furniture,Central
EM-14065,Erin Mull,1,11.21,0.0,3.36,0,4,242.0,Consumer,Office Supplies,East
EM-14095,Eudokia Martin,3,494.97,0.0,148.49,0,4,84.78,Corporate,Technology,South
EM-14095,Eudokia Martin,2,25.06,0.0,11.78,0,4,84.78,Corporate,Office Supplies,South
EM-14095,Eudokia Martin,6,325.63,0.2,28.49,0,4,84.78,Corporate,Office Supplies,West
EM-14095,Eudokia Martin,2,23.34,0.2,-1.46,0,4,84.78,Corporate,Technology,West
EM-14095,Eudokia Martin,5,16.52,0.2,5.37,0,4,84.78,Corporate,Office Supplies,West
EM-14095,Eudokia Martin,4,37.44,0.2,11.7,0,4,84.78,Corporate,Office Supplies,West
EM-14095,Eudokia Martin,4,26.98,0.2,8.77,0,4,84.78,Corporate,Office Supplies,West
EM-14095,Eudokia Martin,2,11.36,0.0,3.29,0,4,84.78,Corporate,Office Supplies,West
EM-14095,Eudokia Martin,2,14.62,0.0,6.87,0,4,84.78,Corporate,Office Supplies,West
EM-14095,Eudokia Martin,4,65.12,0.0,16.93,0,4,84.78,Corporate,Office Supplies,East
EM-14140,Eugene Moren,2,6.1,0.2,2.21,0,6,60.6,Home Office,Office Supplies,West
EM-14140,Eugene Moren,3,119.85,0.0,52.73,0,6,60.6,Home Office,Technology,East
EM-14140,Eugene Moren,2,30.44,0.0,14.92,0,6,60.6,Home Office,Office Supplies,East
EM-14140,Eugene Moren,2,69.28,0.0,33.25,0,6,60.6,Home Office,Office Supplies,East
EM-14140,Eugene Moren,3,587.97,0.0,170.51,0,6,60.6,Home Office,Technology,East
EM-14140,Eugene Moren,3,364.74,0.0,109.42,0,6,60.6,Home Office,Office Supplies,Central
EM-14140,Eugene Moren,5,47.4,0.0,21.33,0,6,60.6,Home Office,Furniture,Central
EM-14140,Eugene Moren,4,49.76,0.0,13.93,0,6,60.6,Home Office,Office Supplies,Central
EM-14140,Eugene Moren,2,5.56,0.0,1.45,0,6,60.6,Home Office,Office Supplies,Central
EM-14140,Eugene Moren,6,629.1,0.0,301.97,0,6,60.6,Home Office,Office Supplies,Central
EM-14140,Eugene Moren,5,14.7,0.0,3.97,0,6,60.6,Home Office,Office Supplies,Central
EM-14140,Eugene Moren,7,45.36,0.0,21.77,0,6,60.6,Home Office,Office Supplies,Central
EM-14140,Eugene Moren,1,125.99,0.0,35.28,0,6,60.6,Home Office,Technology,Central
EM-14140,Eugene Moren,5,1499.95,0.0,449.98,0,6,60.6,Home Office,Technology,West
EM-14140,Eugene Moren,7,20.16,0.0,9.88,0,6,60.6,Home Office,Office Supplies,West
EM-14140,Eugene Moren,4,41.6,0.2,13.0,0,6,60.6,Home Office,Technology,West
EM-14140,Eugene Moren,5,23.12,0.2,8.38,0,6,60.6,Home Office,Office Supplies,West
EM-14140,Eugene Moren,2,113.89,0.2,9.97,0,6,60.6,Home Office,Furniture,West
EM-14140,Eugene Moren,2,113.57,0.2,-5.68,0,6,60.6,Home Office,Furniture,West
EM-14140,Eugene Moren,2,7.92,0.2,0.69,0,6,60.6,Home Office,Technology,West
EM-14140,Eugene Moren,2,671.98,0.2,50.4,0,6,60.6,Home Office,Technology,West
EM-14200,Evan Minnotte,2,11.7,0.2,3.95,0,3,194.33,Home Office,Office Supplies,South
EM-14200,Evan Minnotte,3,53.25,0.0,20.77,0,3,194.33,Home Office,Technology,South
EM-14200,Evan Minnotte,2,3.76,0.0,1.32,0,3,194.33,Home Office,Office Supplies,South
EM-14200,Evan Minnotte,6,298.12,0.3,-4.26,0,3,194.33,Home Office,Furniture,Central
EN-13780,Edward Nazzal,3,239.97,0.0,2.4,0,4,82.25,Consumer,Technology,East
EN-13780,Edward Nazzal,2,160.32,0.0,44.89,0,4,82.25,Consumer,Office Supplies,East
EN-13780,Edward Nazzal,3,128.85,0.0,3.87,0,4,82.25,Consumer,Technology,East
EN-13780,Edward Nazzal,3,14.94,0.0,7.02,0,4,82.25,Consumer,Office Supplies,East
EN-13780,Edward Nazzal,3,1349.85,0.0,364.46,0,4,82.25,Consumer,Technology,East
EN-13780,Edward Nazzal,1,136.78,0.2,5.13,0,4,82.25,Consumer,Furniture,East
EN-13780,Edward Nazzal,4,61.12,0.0,20.78,0,4,82.25,Consumer,Furniture,East
EN-13780,Edward Nazzal,5,83.7,0.0,41.01,0,4,82.25,Consumer,Office Supplies,Central
EN-13780,Edward Nazzal,3,23.83,0.2,6.55,0,4,82.25,Consumer,Office Supplies,Central
EP-13915,Emily Phan,1,559.99,0.2,175.0,0,17,42.03,Consumer,Technology,East
EP-13915,Emily Phan,4,16.52,0.0,7.6,0,17,42.03,Consumer,Office Supplies,East
EP-13915,Emily Phan,3,671.94,0.0,315.81,0,17,42.03,Consumer,Office Supplies,East
EP-13915,Emily Phan,3,107.98,0.2,37.79,0,17,42.03,Consumer,Technology,South
EP-13915,Emily Phan,2,5.34,0.2,0.67,0,17,42.03,Consumer,Office Supplies,Central
EP-13915,Emily Phan,3,27.72,0.2,3.46,0,17,42.03,Consumer,Office Supplies,Central
EP-13915,Emily Phan,5,307.92,0.2,-34.64,0,17,42.03,Consumer,Furniture,West
EP-13915,Emily Phan,5,38.19,0.7,-26.73,0,17,42.03,Consumer,Office Supplies,South
EP-13915,Emily Phan,8,863.13,0.3,-160.3,0,17,42.03,Consumer,Furniture,Central
EP-13915,Emily Phan,3,3.56,0.8,-6.24,0,17,42.03,Consumer,Office Supplies,Central
EP-13915,Emily Phan,7,956.66,0.32,-225.1,0,17,42.03,Consumer,Furniture,Central
EP-13915,Emily Phan,3,12.59,0.8,-20.14,0,17,42.03,Consumer,Office Supplies,Central
EP-13915,Emily Phan,5,171.96,0.2,45.14,0,17,42.03,Consumer,Technology,Central
EP-13915,Emily Phan,2,59.98,0.0,17.99,0,17,42.03,Consumer,Technology,South
EP-13915,Emily Phan,3,47.62,0.2,3.57,0,17,42.03,Consumer,Office Supplies,South
EP-13915,Emily Phan,5,23.48,0.2,8.22,0,17,42.03,Consumer,Office Supplies,South
EP-13915,Emily Phan,1,180.98,0.0,47.05,0,17,42.03,Consumer,Furniture,Central
EP-13915,Emily Phan,2,99.98,0.0,42.99,0,17,42.03,Consumer,Technology,Central
EP-13915,Emily Phan,7,42.62,0.8,-68.19,0,17,42.03,Consumer,Office Supplies,Central
EP-13915,Emily Phan,5,359.97,0.4,-71.99,0,17,42.03,Consumer,Technology,East
EP-13915,Emily Phan,4,350.35,0.4,-140.14,0,17,42.03,Consumer,Furniture,East
EP-13915,Emily Phan,7,181.86,0.0,50.92,0,17,42.03,Consumer,Office Supplies,Central
EP-13915,Emily Phan,2,11.56,0.0,5.66,0,17,42.03,Consumer,Office Supplies,West
EP-13915,Emily Phan,5,62.65,0.0,29.45,0,17,42.03,Consumer,Office Supplies,West
EP-13915,Emily Phan,3,8.64,0.0,4.23,0,17,42.03,Consumer,Office Supplies,West
EP-13915,Emily Phan,6,38.88,0.0,18.66,0,17,42.03,Consumer,Office Supplies,West
EP-13915,Emily Phan,8,201.04,0.0,54.28,0,17,42.03,Consumer,Furniture,West
EP-13915,Emily Phan,2,12.96,0.0,6.35,0,17,42.03,Consumer,Office Supplies,West
EP-13915,Emily Phan,3,6.63,0.0,1.79,0,17,42.03,Consumer,Office Supplies,West
EP-13915,Emily Phan,2,12.96,0.0,6.22,0,17,42.03,Consumer,Office Supplies,West
EP-13915,Emily Phan,5,32.4,0.0,15.55,0,17,42.03,Consumer,Office Supplies,West
ER-13855,Elpida Rittenbach,7,60.98,0.2,4.57,0,3,79.75,Corporate,Office Supplies,West
ER-13855,Elpida Rittenbach,6,77.88,0.0,22.59,0,3,79.75,Corporate,Office Supplies,Central
ER-13855,Elpida Rittenbach,2,45.25,0.2,3.96,0,3,79.75,Corporate,Office Supplies,South
ER-13855,Elpida Rittenbach,10,876.3,0.4,-292.1,0,3,79.75,Corporate,Furniture,South
ER-13855,Elpida Rittenbach,2,185.38,0.2,-34.76,0,3,79.75,Corporate,Office Supplies,South
ES-14020,Erica Smith,2,9.96,0.0,4.58,0,5,165.29,Consumer,Office Supplies,West
ES-14020,Erica Smith,4,21.72,0.0,10.64,0,5,165.29,Consumer,Office Supplies,West
ES-14020,Erica Smith,3,117.46,0.2,44.05,0,5,165.29,Consumer,Office Supplies,Central
ES-14020,Erica Smith,3,239.97,0.0,71.99,0,5,165.29,Consumer,Technology,East
ES-14020,Erica Smith,7,2357.49,0.2,884.06,0,5,165.29,Consumer,Office Supplies,West
ES-14020,Erica Smith,7,369.54,0.2,32.34,0,5,165.29,Consumer,Technology,West
ES-14020,Erica Smith,3,184.75,0.2,-20.78,0,5,165.29,Consumer,Furniture,West
ES-14020,Erica Smith,2,209.57,0.2,-23.58,0,5,165.29,Consumer,Furniture,South
ES-14080,Erin Smith,2,9.41,0.2,3.41,0,9,60.89,Corporate,Office Supplies,West
ES-14080,Erin Smith,2,4.67,0.2,1.46,0,9,60.89,Corporate,Office Supplies,West
ES-14080,Erin Smith,2,318.4,0.2,107.46,0,9,60.89,Corporate,Technology,West
ES-14080,Erin Smith,6,12.77,0.2,4.63,0,9,60.89,Corporate,Office Supplies,West
ES-14080,Erin Smith,2,15.36,0.2,-3.26,0,9,60.89,Corporate,Office Supplies,West
ES-14080,Erin Smith,3,230.38,0.2,20.16,0,9,60.89,Corporate,Technology,West
ES-14080,Erin Smith,1,7.16,0.2,-0.09,0,9,60.89,Corporate,Technology,West
ES-14080,Erin Smith,2,105.98,0.0,1.06,0,9,60.89,Corporate,Technology,East
ES-14080,Erin Smith,7,493.92,0.3,-28.22,0,9,60.89,Corporate,Furniture,East
ES-14080,Erin Smith,2,37.94,0.0,18.21,0,9,60.89,Corporate,Office Supplies,East
ES-14080,Erin Smith,8,380.86,0.2,38.09,0,9,60.89,Corporate,Technology,West
ES-14080,Erin Smith,3,859.2,0.2,75.18,0,9,60.89,Corporate,Technology,West
ES-14080,Erin Smith,6,455.97,0.5,-218.87,0,9,60.89,Corporate,Furniture,West
ES-14080,Erin Smith,6,10.44,0.7,-7.66,0,9,60.89,Corporate,Office Supplies,West
ES-14080,Erin Smith,2,5.21,0.7,-4.17,0,9,60.89,Corporate,Office Supplies,West
ES-14080,Erin Smith,5,123.92,0.2,38.72,0,9,60.89,Corporate,Office Supplies,East
ES-14080,Erin Smith,5,1319.8,0.2,214.47,0,9,60.89,Corporate,Technology,East
ES-14080,Erin Smith,2,95.62,0.2,9.56,0,9,60.89,Corporate,Office Supplies,South
ES-14080,Erin Smith,9,19.73,0.2,1.73,0,9,60.89,Corporate,Office Supplies,East
ES-14080,Erin Smith,2,151.19,0.4,-25.2,0,9,60.89,Corporate,Technology,East
FA-14230,Frank Atkinson,2,7.16,0.0,3.58,0,7,68.81,Corporate,Office Supplies,West
FA-14230,Frank Atkinson,4,40.1,0.2,13.53,0,7,68.81,Corporate,Office Supplies,Central
FA-14230,Frank Atkinson,2,40.78,0.6,-30.59,0,7,68.81,Corporate,Furniture,Central
FA-14230,Frank Atkinson,1,74.24,0.2,8.35,0,7,68.81,Corporate,Technology,South
FA-14230,Frank Atkinson,10,159.84,0.2,45.95,0,7,68.81,Corporate,Furniture,South
FA-14230,Frank Atkinson,2,2.89,0.7,-2.31,0,7,68.81,Corporate,Office Supplies,South
FA-14230,Frank Atkinson,2,9.39,0.2,3.29,0,7,68.81,Corporate,Office Supplies,South
FA-14230,Frank Atkinson,6,106.68,0.0,33.07,0,7,68.81,Corporate,Furniture,West
FA-14230,Frank Atkinson,2,59.99,0.7,-46.0,0,7,68.81,Corporate,Technology,West
FA-14230,Frank Atkinson,1,439.99,0.2,165.0,0,7,68.81,Corporate,Technology,West
FA-14230,Frank Atkinson,5,87.96,0.2,30.79,0,7,68.81,Corporate,Technology,West
FA-14230,Frank Atkinson,4,15.49,0.2,3.68,0,7,68.81,Corporate,Furniture,West
FA-14230,Frank Atkinson,2,289.57,0.2,10.86,0,7,68.81,Corporate,Furniture,South
FA-14230,Frank Atkinson,5,39.72,0.2,4.47,0,7,68.81,Corporate,Office Supplies,South
FA-14230,Frank Atkinson,4,244.77,0.2,24.48,0,7,68.81,Corporate,Technology,South
FA-14230,Frank Atkinson,3,859.2,0.2,75.18,0,7,68.81,Corporate,Technology,West
FA-14230,Frank Atkinson,3,506.28,0.2,177.2,0,7,68.81,Corporate,Technology,West
FC-14245,Frank Carlisle,1,3.42,0.2,0.3,0,7,66.23,Home Office,Office Supplies,East
FC-14245,Frank Carlisle,3,60.84,0.0,19.47,0,7,66.23,Home Office,Furniture,West
FC-14245,Frank Carlisle,2,56.3,0.0,15.76,0,7,66.23,Home Office,Office Supplies,West
FC-14245,Frank Carlisle,3,449.97,0.0,220.49,0,7,66.23,Home Office,Technology,Central
FC-14245,Frank Carlisle,7,1927.59,0.0,751.76,0,7,66.23,Home Office,Office Supplies,Central
FC-14245,Frank Carlisle,6,23.88,0.0,8.12,0,7,66.23,Home Office,Office Supplies,West
FC-14245,Frank Carlisle,4,11.52,0.0,5.64,0,7,66.23,Home Office,Office Supplies,West
FC-14245,Frank Carlisle,7,286.93,0.0,140.6,0,7,66.23,Home Office,Office Supplies,West
FC-14245,Frank Carlisle,2,206.38,0.2,23.22,0,7,66.23,Home Office,Technology,West
FC-14245,Frank Carlisle,5,61.68,0.2,5.4,0,7,66.23,Home Office,Office Supplies,South
FC-14245,Frank Carlisle,3,158.38,0.2,13.86,0,7,66.23,Home Office,Technology,South
FC-14245,Frank Carlisle,2,161.57,0.2,16.16,0,7,66.23,Home Office,Office Supplies,East
FC-14245,Frank Carlisle,1,4.06,0.2,1.37,0,7,66.23,Home Office,Office Supplies,East
FC-14245,Frank Carlisle,4,6.22,0.7,-4.97,0,7,66.23,Home Office,Office Supplies,East
FC-14335,Fred Chung,7,255.85,0.0,112.57,0,7,110.33,Corporate,Office Supplies,West
FC-14335,Fred Chung,1,3.41,0.2,0.89,0,7,110.33,Corporate,Office Supplies,West
FC-14335,Fred Chung,5,23.52,0.2,8.53,0,7,110.33,Corporate,Office Supplies,Central
FC-14335,Fred Chung,5,180.96,0.2,13.57,0,7,110.33,Corporate,Technology,Central
FC-14335,Fred Chung,2,51.97,0.2,-10.39,0,7,110.33,Corporate,Office Supplies,East
FC-14335,Fred Chung,2,4.54,0.2,1.65,0,7,110.33,Corporate,Office Supplies,West
FC-14335,Fred Chung,4,1352.03,0.2,84.5,0,7,110.33,Corporate,Furniture,West
FC-14335,Fred Chung,5,1640.7,0.0,459.4,0,7,110.33,Corporate,Office Supplies,West
FC-14335,Fred Chung,5,371.2,0.2,41.76,0,7,110.33,Corporate,Technology,West
FC-14335,Fred Chung,1,5.18,0.2,1.81,0,7,110.33,Corporate,Office Supplies,Central
FG-14260,Frank Gastineau,7,447.86,0.0,219.45,0,7,128.5,Home Office,Office Supplies,East
FG-14260,Frank Gastineau,3,17.94,0.0,8.79,0,7,128.5,Home Office,Office Supplies,East
FG-14260,Frank Gastineau,6,245.88,0.0,68.85,0,7,128.5,Home Office,Office Supplies,East
FG-14260,Frank Gastineau,3,34.44,0.0,17.22,0,7,128.5,Home Office,Office Supplies,East
FG-14260,Frank Gastineau,6,298.46,0.2,26.12,0,7,128.5,Home Office,Office Supplies,Central
FG-14260,Frank Gastineau,3,4.84,0.7,-3.39,0,7,128.5,Home Office,Office Supplies,East
FG-14260,Frank Gastineau,3,8.94,0.0,4.11,0,7,128.5,Home Office,Office Supplies,West
FG-14260,Frank Gastineau,2,84.78,0.2,-20.14,0,7,128.5,Home Office,Technology,West
FG-14260,Frank Gastineau,4,87.92,0.0,26.38,0,7,128.5,Home Office,Office Supplies,West
FG-14260,Frank Gastineau,7,58.73,0.0,14.68,0,7,128.5,Home Office,Office Supplies,East
FG-14260,Frank Gastineau,4,93.34,0.2,32.67,0,7,128.5,Home Office,Office Supplies,East
FH-14275,Frank Hawley,3,70.95,0.0,18.45,0,10,66.35,Corporate,Office Supplies,West
FH-14275,Frank Hawley,2,65.57,0.2,23.77,0,10,66.35,Corporate,Office Supplies,West
FH-14275,Frank Hawley,3,299.97,0.0,131.99,0,10,66.35,Corporate,Technology,West
FH-14275,Frank Hawley,5,194.7,0.0,9.73,0,10,66.35,Corporate,Office Supplies,South
FH-14275,Frank Hawley,4,591.32,0.0,112.35,0,10,66.35,Corporate,Furniture,South
FH-14275,Frank Hawley,1,2.84,0.0,0.88,0,10,66.35,Corporate,Office Supplies,South
FH-14275,Frank Hawley,2,8.93,0.2,3.12,0,10,66.35,Corporate,Office Supplies,West
FH-14275,Frank Hawley,8,287.52,0.0,129.38,0,10,66.35,Corporate,Office Supplies,Central
FH-14275,Frank Hawley,2,37.68,0.0,10.55,0,10,66.35,Corporate,Office Supplies,Central
FH-14275,Frank Hawley,2,19.98,0.0,8.99,0,10,66.35,Corporate,Office Supplies,Central
FH-14275,Frank Hawley,7,20.58,0.0,5.56,0,10,66.35,Corporate,Office Supplies,Central
FH-14275,Frank Hawley,2,17.38,0.0,8.69,0,10,66.35,Corporate,Office Supplies,Central
FH-14275,Frank Hawley,1,7.99,0.2,2.6,0,10,66.35,Corporate,Technology,Central
FH-14275,Frank Hawley,2,20.77,0.2,2.34,0,10,66.35,Corporate,Office Supplies,South
FH-14275,Frank Hawley,7,273.9,0.2,92.44,0,10,66.35,Corporate,Office Supplies,Central
FH-14275,Frank Hawley,3,597.13,0.4,49.76,0,10,66.35,Corporate,Technology,Central
FH-14275,Frank Hawley,3,362.35,0.2,27.18,0,10,66.35,Corporate,Furniture,West
FH-14275,Frank Hawley,2,7.18,0.2,2.24,0,10,66.35,Corporate,Office Supplies,West
FH-14275,Frank Hawley,3,931.18,0.2,314.27,0,10,66.35,Corporate,Office Supplies,East
FH-14275,Frank Hawley,2,430.88,0.0,124.96,0,10,66.35,Corporate,Technology,East
FH-14275,Frank Hawley,1,7.48,0.7,-5.98,0,10,66.35,Corporate,Office Supplies,East
FH-14350,Fred Harton,3,542.94,0.0,152.02,0,4,49.85,Consumer,Office Supplies,South
FH-14350,Fred Harton,3,8.64,0.0,4.23,0,4,49.85,Consumer,Office Supplies,South
FH-14350,Fred Harton,5,193.8,0.0,94.96,0,4,49.85,Consumer,Office Supplies,South
FH-14350,Fred Harton,5,21.4,0.0,9.63,0,4,49.85,Consumer,Office Supplies,South
FH-14350,Fred Harton,2,97.88,0.0,48.94,0,4,49.85,Consumer,Office Supplies,South
FH-14350,Fred Harton,9,251.91,0.0,47.86,0,4,49.85,Consumer,Technology,South
FH-14350,Fred Harton,3,25.86,0.0,6.72,0,4,49.85,Consumer,Office Supplies,South
FH-14350,Fred Harton,2,24.82,0.2,1.55,0,4,49.85,Consumer,Office Supplies,Central
FH-14350,Fred Harton,3,6.63,0.0,1.79,0,4,49.85,Consumer,Office Supplies,West
FH-14350,Fred Harton,4,799.96,0.0,343.98,0,4,49.85,Consumer,Technology,West
FH-14350,Fred Harton,1,107.53,0.0,21.51,0,4,49.85,Consumer,Furniture,West
FH-14350,Fred Harton,2,3.8,0.7,-2.66,0,4,49.85,Consumer,Office Supplies,East
FH-14350,Fred Harton,6,27.74,0.2,10.06,0,4,49.85,Consumer,Office Supplies,East
FH-14350,Fred Harton,4,158.38,0.4,-34.31,0,4,49.85,Consumer,Technology,East
FH-14365,Fred Hopkins,3,328.59,0.4,-147.87,0,8,96.83,Corporate,Furniture,South
FH-14365,Fred Hopkins,3,98.35,0.2,-24.59,0,8,96.83,Corporate,Office Supplies,South
FH-14365,Fred Hopkins,3,1247.64,0.0,349.34,0,8,96.83,Corporate,Office Supplies,West
FH-14365,Fred Hopkins,7,3149.93,0.0,1480.47,0,8,96.83,Corporate,Technology,West
FH-14365,Fred Hopkins,2,209.7,0.0,100.66,0,8,96.83,Corporate,Office Supplies,West
FH-14365,Fred Hopkins,10,1448.82,0.1,209.27,0,8,96.83,Corporate,Furniture,East
FH-14365,Fred Hopkins,8,23.04,0.0,6.91,0,8,96.83,Corporate,Office Supplies,West
FH-14365,Fred Hopkins,2,2.95,0.7,-2.26,0,8,96.83,Corporate,Office Supplies,East
FH-14365,Fred Hopkins,3,16.06,0.2,5.82,0,8,96.83,Corporate,Office Supplies,East
FH-14365,Fred Hopkins,3,29.97,0.0,14.09,0,8,96.83,Corporate,Technology,East
FH-14365,Fred Hopkins,3,7.98,0.0,3.91,0,8,96.83,Corporate,Office Supplies,East
FH-14365,Fred Hopkins,3,153.55,0.2,51.82,0,8,96.83,Corporate,Office Supplies,West
FH-14365,Fred Hopkins,2,270.62,0.0,2.71,0,8,96.83,Corporate,Office Supplies,West
FM-14215,Filia McAdams,3,146.76,0.0,38.16,0,10,98.79,Corporate,Office Supplies,South
FM-14215,Filia McAdams,2,32.96,0.0,14.17,0,10,98.79,Corporate,Technology,South
FM-14215,Filia McAdams,3,587.97,0.0,164.63,0,10,98.79,Corporate,Technology,South
FM-14215,Filia McAdams,3,14.94,0.0,7.02,0,10,98.79,Corporate,Office Supplies,South
FM-14215,Filia McAdams,3,14.52,0.0,4.79,0,10,98.79,Corporate,Office Supplies,West
FM-14215,Filia McAdams,2,12.96,0.0,6.22,0,10,98.79,Corporate,Office Supplies,West
FM-14215,Filia McAdams,5,23.2,0.2,8.12,0,10,98.79,Corporate,Office Supplies,West
FM-14215,Filia McAdams,2,82.37,0.2,-19.56,0,10,98.79,Corporate,Office Supplies,East
FM-14215,Filia McAdams,5,123.92,0.2,38.72,0,10,98.79,Corporate,Office Supplies,East
FM-14215,Filia McAdams,7,48.16,0.0,22.15,0,10,98.79,Corporate,Office Supplies,East
FM-14215,Filia McAdams,2,17.09,0.2,1.07,0,10,98.79,Corporate,Furniture,South
FM-14215,Filia McAdams,1,98.39,0.2,-11.07,0,10,98.79,Corporate,Furniture,South
FM-14215,Filia McAdams,2,23.1,0.0,6.93,0,10,98.79,Corporate,Office Supplies,West
FM-14215,Filia McAdams,5,1048.35,0.4,-69.89,0,10,98.79,Corporate,Furniture,East
FM-14215,Filia McAdams,3,181.95,0.0,38.21,0,10,98.79,Corporate,Furniture,East
FM-14290,Frank Merwin,8,176.8,0.0,22.98,0,9,62.42,Home Office,Technology,West
FM-14290,Frank Merwin,3,11.74,0.2,1.03,0,9,62.42,Home Office,Office Supplies,East
FM-14290,Frank Merwin,1,4.78,0.2,1.55,0,9,62.42,Home Office,Office Supplies,West
FM-14290,Frank Merwin,1,4.73,0.0,2.32,0,9,62.42,Home Office,Office Supplies,West
FM-14290,Frank Merwin,2,44.02,0.0,11.45,0,9,62.42,Home Office,Office Supplies,West
FM-14290,Frank Merwin,2,7.97,0.2,2.69,0,9,62.42,Home Office,Office Supplies,East
FM-14290,Frank Merwin,5,1499.97,0.4,-374.99,0,9,62.42,Home Office,Technology,East
FM-14290,Frank Merwin,10,258.9,0.0,93.2,0,9,62.42,Home Office,Technology,East
FM-14290,Frank Merwin,2,24.56,0.0,11.54,0,9,62.42,Home Office,Office Supplies,East
FM-14290,Frank Merwin,6,7.54,0.8,-13.19,0,9,62.42,Home Office,Office Supplies,Central
FM-14290,Frank Merwin,2,1.41,0.8,-2.32,0,9,62.42,Home Office,Office Supplies,Central
FM-14290,Frank Merwin,4,4.14,0.8,-6.42,0,9,62.42,Home Office,Office Supplies,Central
FM-14290,Frank Merwin,3,52.75,0.2,-12.53,0,9,62.42,Home Office,Office Supplies,Central
FM-14290,Frank Merwin,3,59.94,0.0,28.17,0,9,62.42,Home Office,Office Supplies,West
FM-14290,Frank Merwin,4,45.36,0.0,22.23,0,9,62.42,Home Office,Office Supplies,West
FM-14290,Frank Merwin,5,26.4,0.0,12.67,0,9,62.42,Home Office,Office Supplies,West
FM-14290,Frank Merwin,4,41.4,0.0,19.87,0,9,62.42,Home Office,Office Supplies,West
FM-14290,Frank Merwin,1,16.95,0.0,1.02,0,9,62.42,Home Office,Technology,West
FM-14290,Frank Merwin,1,2.88,0.0,1.41,0,9,62.42,Home Office,Office Supplies,South
FM-14290,Frank Merwin,12,1443.96,0.0,375.43,0,9,62.42,Home Office,Office Supplies,South
FM-14380,Fred McMath,4,307.17,0.2,30.72,0,9,58.23,Consumer,Technology,Central
FM-14380,Fred McMath,3,389.97,0.0,35.1,0,9,58.23,Consumer,Furniture,Central
FM-14380,Fred McMath,5,269.91,0.1,53.98,0,9,58.23,Consumer,Office Supplies,Central
FM-14380,Fred McMath,6,121.1,0.7,-100.92,0,9,58.23,Consumer,Office Supplies,South
FM-14380,Fred McMath,5,111.96,0.2,-1.4,0,9,58.23,Consumer,Technology,South
FM-14380,Fred McMath,7,264.18,0.0,68.69,0,9,58.23,Consumer,Office Supplies,South
FM-14380,Fred McMath,3,40.74,0.0,0.41,0,9,58.23,Consumer,Office Supplies,East
FM-14380,Fred McMath,1,3.69,0.0,1.73,0,9,58.23,Consumer,Office Supplies,East
FM-14380,Fred McMath,4,122.12,0.0,56.18,0,9,58.23,Consumer,Office Supplies,East
FM-14380,Fred McMath,3,243.38,0.2,-51.72,0,9,58.23,Consumer,Office Supplies,West
FM-14380,Fred McMath,5,119.8,0.2,29.95,0,9,58.23,Consumer,Technology,West
FM-14380,Fred McMath,4,300.77,0.2,30.08,0,9,58.23,Consumer,Technology,West
FM-14380,Fred McMath,2,148.48,0.2,16.7,0,9,58.23,Consumer,Technology,Central
FM-14380,Fred McMath,1,79.99,0.2,22.0,0,9,58.23,Consumer,Technology,South
FO-14305,Frank Olsen,7,1441.3,0.0,245.02,0,10,90.14,Consumer,Furniture,South
FO-14305,Frank Olsen,9,74.52,0.0,35.02,0,10,90.14,Consumer,Office Supplies,South
FO-14305,Frank Olsen,3,8.57,0.8,-14.57,0,10,90.14,Consumer,Office Supplies,Central
FO-14305,Frank Olsen,5,55.6,0.2,6.25,0,10,90.14,Consumer,Office Supplies,East
FO-14305,Frank Olsen,3,617.98,0.2,-7.72,0,10,90.14,Consumer,Technology,East
FO-14305,Frank Olsen,6,32.06,0.2,11.22,0,10,90.14,Consumer,Office Supplies,South
FO-14305,Frank Olsen,1,14.03,0.0,4.07,0,10,90.14,Consumer,Office Supplies,West
FO-14305,Frank Olsen,2,27.96,0.0,7.27,0,10,90.14,Consumer,Office Supplies,West
FO-14305,Frank Olsen,7,89.54,0.2,12.31,0,10,90.14,Consumer,Technology,West
FO-14305,Frank Olsen,2,35.17,0.2,-8.35,0,10,90.14,Consumer,Office Supplies,West
FO-14305,Frank Olsen,2,72.59,0.7,-48.39,0,10,90.14,Consumer,Office Supplies,West
FO-14305,Frank Olsen,1,11.18,0.2,0.84,0,10,90.14,Consumer,Office Supplies,Central
FO-14305,Frank Olsen,2,153.58,0.2,-32.64,0,10,90.14,Consumer,Office Supplies,Central
FO-14305,Frank Olsen,2,8.64,0.2,3.02,0,10,90.14,Consumer,Office Supplies,East
FO-14305,Frank Olsen,8,35.71,0.2,2.23,0,10,90.14,Consumer,Office Supplies,Central
FP-14320,Frank Preis,3,8.64,0.0,2.42,0,8,84.31,Consumer,Office Supplies,West
FP-14320,Frank Preis,3,30.67,0.2,9.59,0,8,84.31,Consumer,Office Supplies,East
FP-14320,Frank Preis,4,1079.98,0.4,126.0,0,8,84.31,Consumer,Technology,East
FP-14320,Frank Preis,4,609.98,0.3,-113.28,0,8,84.31,Consumer,Furniture,Central
FP-14320,Frank Preis,2,211.37,0.3,-45.29,0,8,84.31,Consumer,Furniture,Central
FP-14320,Frank Preis,3,239.98,0.2,18.0,0,8,84.31,Consumer,Technology,Central
FP-14320,Frank Preis,3,44.4,0.0,22.2,0,8,84.31,Consumer,Office Supplies,West
FP-14320,Frank Preis,5,20.65,0.0,9.5,0,8,84.31,Consumer,Office Supplies,West
FP-14320,Frank Preis,6,1317.49,0.1,292.78,0,8,84.31,Consumer,Furniture,East
FP-14320,Frank Preis,8,63.84,0.0,18.51,0,8,84.31,Consumer,Office Supplies,East
FP-14320,Frank Preis,1,3.59,0.2,1.12,0,8,84.31,Consumer,Office Supplies,East
FP-14320,Frank Preis,5,33.9,0.0,15.59,0,8,84.31,Consumer,Office Supplies,West
FP-14320,Frank Preis,4,7.88,0.0,2.52,0,8,84.31,Consumer,Technology,East
FP-14320,Frank Preis,3,374.38,0.2,46.8,0,8,84.31,Consumer,Technology,West
FW-14395,Fred Wasserman,4,19.56,0.0,5.48,0,3,326.0,Corporate,Office Supplies,South
FW-14395,Fred Wasserman,4,43.6,0.0,12.21,0,3,326.0,Corporate,Technology,East
FW-14395,Fred Wasserman,1,16.59,0.0,5.81,0,3,326.0,Corporate,Technology,West
GA-14515,George Ashbrook,1,3.98,0.2,1.44,0,8,90.23,Consumer,Office Supplies,Central
GA-14515,George Ashbrook,6,43.68,0.0,20.97,0,8,90.23,Consumer,Office Supplies,South
GA-14515,George Ashbrook,2,5.56,0.0,2.22,0,8,90.23,Consumer,Office Supplies,West
GA-14515,George Ashbrook,3,323.37,0.0,129.35,0,8,90.23,Consumer,Technology,West
GA-14515,George Ashbrook,5,783.96,0.2,68.6,0,8,90.23,Consumer,Technology,West
GA-14515,George Ashbrook,5,1447.65,0.0,419.82,0,8,90.23,Consumer,Office Supplies,West
GA-14515,George Ashbrook,2,11.96,0.0,5.86,0,8,90.23,Consumer,Office Supplies,West
GA-14515,George Ashbrook,6,657.55,0.2,49.32,0,8,90.23,Consumer,Technology,Central
GA-14515,George Ashbrook,4,17.86,0.2,4.24,0,8,90.23,Consumer,Office Supplies,Central
GA-14515,George Ashbrook,4,50.32,0.0,21.13,0,8,90.23,Consumer,Furniture,West
GA-14515,George Ashbrook,2,24.56,0.0,11.54,0,8,90.23,Consumer,Office Supplies,West
GA-14515,George Ashbrook,3,276.69,0.0,49.8,0,8,90.23,Consumer,Furniture,East
GA-14515,George Ashbrook,2,172.76,0.1,32.63,0,8,90.23,Consumer,Furniture,East
GA-14515,George Ashbrook,3,99.87,0.0,23.97,0,8,90.23,Consumer,Office Supplies,West
GA-14725,Guy Armstrong,1,60.89,0.0,15.22,0,11,67.29,Consumer,Furniture,Central
GA-14725,Guy Armstrong,3,14.94,0.0,6.87,0,11,67.29,Consumer,Office Supplies,Central
GA-14725,Guy Armstrong,2,9.64,0.0,4.43,0,11,67.29,Consumer,Office Supplies,Central
GA-14725,Guy Armstrong,3,332.94,0.0,53.27,0,11,67.29,Consumer,Furniture,Central
GA-14725,Guy Armstrong,3,51.9,0.0,24.39,0,11,67.29,Consumer,Office Supplies,Central
GA-14725,Guy Armstrong,2,64.96,0.0,2.6,0,11,67.29,Consumer,Office Supplies,Central
GA-14725,Guy Armstrong,2,205.67,0.15,-12.1,0,11,67.29,Consumer,Furniture,West
GA-14725,Guy Armstrong,2,27.97,0.2,6.99,0,11,67.29,Consumer,Technology,East
GA-14725,Guy Armstrong,5,10.9,0.0,3.6,0,11,67.29,Consumer,Office Supplies,West
GA-14725,Guy Armstrong,2,17.14,0.0,6.17,0,11,67.29,Consumer,Furniture,Central
GA-14725,Guy Armstrong,1,7.88,0.2,1.77,0,11,67.29,Consumer,Office Supplies,West
GA-14725,Guy Armstrong,4,48.9,0.2,8.56,0,11,67.29,Consumer,Furniture,East
GA-14725,Guy Armstrong,9,40.41,0.0,18.59,0,11,67.29,Consumer,Office Supplies,South
GA-14725,Guy Armstrong,5,192.16,0.2,67.26,0,11,67.29,Consumer,Office Supplies,South
GA-14725,Guy Armstrong,1,10.89,0.0,2.83,0,11,67.29,Consumer,Office Supplies,West
GA-14725,Guy Armstrong,3,19.44,0.0,9.33,0,11,67.29,Consumer,Office Supplies,West
GA-14725,Guy Armstrong,5,121.6,0.2,39.52,0,11,67.29,Consumer,Office Supplies,West
GA-14725,Guy Armstrong,9,39.58,0.8,-59.37,0,11,67.29,Consumer,Office Supplies,Central
GA-14725,Guy Armstrong,7,44.69,0.2,5.03,0,11,67.29,Consumer,Office Supplies,Central
GA-14725,Guy Armstrong,2,31.74,0.2,2.38,0,11,67.29,Consumer,Office Supplies,Central
GA-14725,Guy Armstrong,5,40.98,0.8,-65.57,0,11,67.29,Consumer,Office Supplies,Central
GA-14725,Guy Armstrong,3,3.17,0.8,-5.07,0,11,67.29,Consumer,Office Supplies,Central
GB-14530,George Bell,3,6.91,0.2,2.51,0,11,67.37,Corporate,Office Supplies,East
GB-14530,George Bell,3,27.1,0.2,2.03,0,11,67.37,Corporate,Office Supplies,East
GB-14530,George Bell,2,177.57,0.2,-37.73,0,11,67.37,Corporate,Office Supplies,East
GB-14530,George Bell,4,24.64,0.2,4.0,0,11,67.37,Corporate,Furniture,West
GB-14530,George Bell,2,11.68,0.0,5.49,0,11,67.37,Corporate,Office Supplies,West
GB-14530,George Bell,2,16.9,0.0,5.07,0,11,67.37,Corporate,Office Supplies,West
GB-14530,George Bell,2,24.4,0.0,10.25,0,11,67.37,Corporate,Furniture,West
GB-14530,George Bell,3,207.0,0.2,25.87,0,11,67.37,Corporate,Furniture,South
GB-14530,George Bell,3,39.0,0.0,17.55,0,11,67.37,Corporate,Technology,West
GB-14530,George Bell,4,12.6,0.0,6.05,0,11,67.37,Corporate,Office Supplies,West
GB-14530,George Bell,2,211.96,0.0,42.39,0,11,67.37,Corporate,Furniture,East
GB-14530,George Bell,1,195.18,0.2,19.52,0,11,67.37,Corporate,Furniture,West
GB-14530,George Bell,4,241.92,0.4,-56.45,0,11,67.37,Corporate,Furniture,East
GB-14530,George Bell,4,163.88,0.5,-81.94,0,11,67.37,Corporate,Furniture,East
GB-14530,George Bell,2,3.49,0.7,-2.79,0,11,67.37,Corporate,Office Supplies,East
GB-14530,George Bell,7,10.58,0.2,-2.38,0,11,67.37,Corporate,Office Supplies,East
GB-14530,George Bell,2,9.39,0.2,3.29,0,11,67.37,Corporate,Office Supplies,Central
GB-14530,George Bell,1,9.33,0.2,0.82,0,11,67.37,Corporate,Office Supplies,Central
GB-14530,George Bell,3,127.95,0.0,21.75,0,11,67.37,Corporate,Furniture,South
GB-14530,George Bell,8,46.96,0.0,22.54,0,11,67.37,Corporate,Office Supplies,East
GB-14575,Giulietta Baptist,4,20.74,0.2,7.26,0,5,61.27,Consumer,Office Supplies,East
GB-14575,Giulietta Baptist,2,43.3,0.2,4.33,0,5,61.27,Consumer,Furniture,East
GB-14575,Giulietta Baptist,4,1690.04,0.0,422.51,0,5,61.27,Consumer,Furniture,South
GB-14575,Giulietta Baptist,7,85.96,0.0,24.07,0,5,61.27,Consumer,Office Supplies,South
GB-14575,Giulietta Baptist,2,121.96,0.0,57.32,0,5,61.27,Consumer,Office Supplies,South
GB-14575,Giulietta Baptist,4,23.92,0.0,11.72,0,5,61.27,Consumer,Office Supplies,South
GB-14575,Giulietta Baptist,2,63.96,0.0,6.4,0,5,61.27,Consumer,Office Supplies,South
GB-14575,Giulietta Baptist,5,629.95,0.0,176.39,0,5,61.27,Consumer,Technology,South
GB-14575,Giulietta Baptist,3,113.73,0.0,32.98,0,5,61.27,Consumer,Technology,South
GB-14575,Giulietta Baptist,2,14.6,0.0,6.86,0,5,61.27,Consumer,Office Supplies,South
GB-14575,Giulietta Baptist,8,887.84,0.0,17.76,0,5,61.27,Consumer,Office Supplies,South
GB-14575,Giulietta Baptist,8,113.6,0.0,44.3,0,5,61.27,Consumer,Furniture,East
GB-14575,Giulietta Baptist,2,12.96,0.0,6.35,0,5,61.27,Consumer,Office Supplies,East
GB-14575,Giulietta Baptist,2,69.46,0.2,22.57,0,5,61.27,Consumer,Office Supplies,East
GB-14575,Giulietta Baptist,5,279.9,0.0,137.15,0,5,61.27,Consumer,Office Supplies,Central
GB-14575,Giulietta Baptist,3,544.38,0.0,157.87,0,5,61.27,Consumer,Office Supplies,South
GD-14590,Giulietta Dortch,2,11.88,0.0,5.35,0,4,266.0,Corporate,Office Supplies,South
GD-14590,Giulietta Dortch,1,35.44,0.0,16.66,0,4,266.0,Corporate,Office Supplies,South
GD-14590,Giulietta Dortch,2,8.45,0.2,2.64,0,4,266.0,Corporate,Office Supplies,East
GD-14590,Giulietta Dortch,9,728.95,0.4,-157.94,0,4,266.0,Corporate,Technology,East
GD-14590,Giulietta Dortch,10,1099.5,0.0,362.84,0,4,266.0,Corporate,Technology,West
GD-14590,Giulietta Dortch,1,3.86,0.2,1.4,0,4,266.0,Corporate,Office Supplies,West
GG-14650,Greg Guthrie,3,11.34,0.0,5.22,0,9,48.39,Corporate,Office Supplies,West
GG-14650,Greg Guthrie,5,80.3,0.0,20.88,0,9,48.39,Corporate,Office Supplies,West
GG-14650,Greg Guthrie,2,15.97,0.2,5.39,0,9,48.39,Corporate,Office Supplies,West
GG-14650,Greg Guthrie,13,64.74,0.0,30.43,0,9,48.39,Corporate,Office Supplies,West
GG-14650,Greg Guthrie,3,19.3,0.2,6.03,0,9,48.39,Corporate,Office Supplies,West
GG-14650,Greg Guthrie,4,405.64,0.0,12.17,0,9,48.39,Corporate,Office Supplies,West
GG-14650,Greg Guthrie,3,146.35,0.2,-9.15,0,9,48.39,Corporate,Furniture,West
GG-14650,Greg Guthrie,9,251.91,0.0,47.86,0,9,48.39,Corporate,Technology,West
GG-14650,Greg Guthrie,3,12.39,0.0,3.72,0,9,48.39,Corporate,Office Supplies,West
GG-14650,Greg Guthrie,1,157.79,0.7,-115.72,0,9,48.39,Corporate,Office Supplies,South
GG-14650,Greg Guthrie,1,39.99,0.0,11.6,0,9,48.39,Corporate,Technology,East
GG-14650,Greg Guthrie,2,97.98,0.2,-24.5,0,9,48.39,Corporate,Office Supplies,Central
GG-14650,Greg Guthrie,6,62.4,0.2,19.5,0,9,48.39,Corporate,Technology,Central
GG-14650,Greg Guthrie,3,19.44,0.0,9.33,0,9,48.39,Corporate,Office Supplies,West
GG-14650,Greg Guthrie,5,11.76,0.7,-7.84,0,9,48.39,Corporate,Office Supplies,East
GG-14650,Greg Guthrie,1,5.34,0.2,1.87,0,9,48.39,Corporate,Office Supplies,East
GG-14650,Greg Guthrie,4,435.17,0.2,-59.84,0,9,48.39,Corporate,Furniture,West
GG-14650,Greg Guthrie,5,14.9,0.0,6.85,0,9,48.39,Corporate,Office Supplies,West
GG-14650,Greg Guthrie,4,15.8,0.0,4.11,0,9,48.39,Corporate,Office Supplies,West
GG-14650,Greg Guthrie,5,72.9,0.0,26.97,0,9,48.39,Corporate,Furniture,West
GG-14650,Greg Guthrie,3,206.35,0.2,5.16,0,9,48.39,Corporate,Furniture,West
GG-14650,Greg Guthrie,1,7.99,0.2,2.7,0,9,48.39,Corporate,Technology,West
GG-14650,Greg Guthrie,4,54.34,0.2,5.43,0,9,48.39,Corporate,Office Supplies,Central
GG-14650,Greg Guthrie,2,13.9,0.2,4.52,0,9,48.39,Corporate,Office Supplies,West
GH-14410,Gary Hansen,1,2.88,0.0,1.41,0,9,74.69,Home Office,Office Supplies,West
GH-14410,Gary Hansen,6,41.9,0.2,14.14,0,9,74.69,Home Office,Office Supplies,West
GH-14410,Gary Hansen,4,23.92,0.0,4.07,0,9,74.69,Home Office,Office Supplies,West
GH-14410,Gary Hansen,3,93.02,0.2,33.72,0,9,74.69,Home Office,Office Supplies,West
GH-14410,Gary Hansen,6,155.88,0.0,38.97,0,9,74.69,Home Office,Furniture,Central
GH-14410,Gary Hansen,3,4.34,0.7,-3.04,0,9,74.69,Home Office,Office Supplies,South
GH-14410,Gary Hansen,5,11.88,0.7,-7.92,0,9,74.69,Home Office,Office Supplies,South
GH-14410,Gary Hansen,3,62.79,0.8,-166.39,0,9,74.69,Home Office,Office Supplies,Central
GH-14410,Gary Hansen,9,28.44,0.2,4.27,0,9,74.69,Home Office,Office Supplies,Central
GH-14410,Gary Hansen,2,11.76,0.0,5.76,0,9,74.69,Home Office,Office Supplies,East
GH-14410,Gary Hansen,5,166.45,0.0,39.95,0,9,74.69,Home Office,Office Supplies,East
GH-14410,Gary Hansen,1,4.95,0.0,2.18,0,9,74.69,Home Office,Furniture,West
GH-14410,Gary Hansen,5,26.4,0.0,0.0,0,9,74.69,Home Office,Office Supplies,West
GH-14410,Gary Hansen,2,1001.58,0.2,125.2,0,9,74.69,Home Office,Technology,Central
GH-14410,Gary Hansen,3,569.06,0.3,-178.85,0,9,74.69,Home Office,Furniture,Central
GH-14410,Gary Hansen,2,14.22,0.6,-10.31,0,9,74.69,Home Office,Furniture,Central
GH-14410,Gary Hansen,5,599.99,0.7,-479.99,0,9,74.69,Home Office,Technology,West
GH-14425,Gary Hwang,3,6.24,0.0,2.62,0,4,138.0,Consumer,Furniture,West
GH-14425,Gary Hwang,5,17.9,0.0,8.95,0,4,138.0,Consumer,Office Supplies,West
GH-14425,Gary Hwang,3,3266.38,0.2,1061.57,0,4,138.0,Consumer,Office Supplies,West
GH-14425,Gary Hwang,6,206.11,0.2,48.95,0,4,138.0,Consumer,Furniture,West
GH-14425,Gary Hwang,5,19.92,0.2,6.72,0,4,138.0,Consumer,Office Supplies,West
GH-14425,Gary Hwang,8,198.27,0.2,61.96,0,4,138.0,Consumer,Office Supplies,West
GH-14425,Gary Hwang,6,247.1,0.2,-58.69,0,4,138.0,Consumer,Office Supplies,West
GH-14425,Gary Hwang,6,86.3,0.2,9.71,0,4,138.0,Consumer,Office Supplies,West
GH-14425,Gary Hwang,2,12.83,0.7,-8.98,0,4,138.0,Consumer,Office Supplies,South
GH-14425,Gary Hwang,7,111.79,0.0,43.6,0,4,138.0,Consumer,Technology,West
GH-14485,Gene Hale,3,72.78,0.6,-70.96,0,2,213.5,Corporate,Furniture,Central
GH-14485,Gene Hale,7,1097.54,0.2,123.47,0,2,213.5,Corporate,Technology,Central
GH-14485,Gene Hale,5,190.92,0.6,-147.96,0,2,213.5,Corporate,Furniture,Central
GH-14665,Greg Hansen,5,40.92,0.2,3.07,0,2,386.0,Consumer,Office Supplies,Central
GH-14665,Greg Hansen,2,27.17,0.2,2.72,0,2,386.0,Consumer,Office Supplies,Central
GH-14665,Greg Hansen,2,78.85,0.32,-11.6,0,2,386.0,Consumer,Furniture,Central
GK-14620,Grace Kelly,5,263.96,0.2,19.8,0,9,90.15,Corporate,Technology,West
GK-14620,Grace Kelly,11,71.63,0.2,17.91,0,9,90.15,Corporate,Office Supplies,West
GK-14620,Grace Kelly,1,9.33,0.2,0.82,0,9,90.15,Corporate,Office Supplies,West
GK-14620,Grace Kelly,3,351.22,0.2,4.39,0,9,90.15,Corporate,Furniture,West
GK-14620,Grace Kelly,3,225.58,0.2,22.56,0,9,90.15,Corporate,Technology,West
GK-14620,Grace Kelly,7,64.68,0.2,8.08,0,9,90.15,Corporate,Office Supplies,South
GK-14620,Grace Kelly,2,479.99,0.4,56.0,0,9,90.15,Corporate,Technology,Central
GK-14620,Grace Kelly,6,251.52,0.2,81.74,0,9,90.15,Corporate,Office Supplies,West
GK-14620,Grace Kelly,1,99.99,0.0,35.0,0,9,90.15,Corporate,Technology,West
GK-14620,Grace Kelly,2,1793.98,0.0,843.17,0,9,90.15,Corporate,Office Supplies,East
GK-14620,Grace Kelly,7,2575.94,0.2,257.59,0,9,90.15,Corporate,Technology,West
GK-14620,Grace Kelly,7,45.36,0.0,21.77,0,9,90.15,Corporate,Office Supplies,West
GK-14620,Grace Kelly,7,254.24,0.0,76.27,0,9,90.15,Corporate,Technology,West
GK-14620,Grace Kelly,4,9.86,0.2,3.45,0,9,90.15,Corporate,Office Supplies,Central
GM-14440,Gary McGarr,5,59.2,0.2,22.2,0,7,129.7,Consumer,Office Supplies,South
GM-14440,Gary McGarr,3,32.95,0.2,6.59,0,7,129.7,Consumer,Furniture,South
GM-14440,Gary McGarr,3,218.38,0.2,-10.92,0,7,129.7,Consumer,Furniture,South
GM-14440,Gary McGarr,6,1325.76,0.2,149.15,0,7,129.7,Consumer,Furniture,West
GM-14440,Gary McGarr,3,572.16,0.2,35.76,0,7,129.7,Consumer,Furniture,West
GM-14440,Gary McGarr,4,772.68,0.0,108.18,0,7,129.7,Consumer,Office Supplies,West
GM-14440,Gary McGarr,2,257.57,0.2,-28.98,0,7,129.7,Consumer,Furniture,East
GM-14440,Gary McGarr,4,119.96,0.0,33.59,0,7,129.7,Consumer,Technology,East
GM-14440,Gary McGarr,2,18.28,0.0,6.22,0,7,129.7,Consumer,Furniture,West
GM-14440,Gary McGarr,9,60.12,0.0,22.24,0,7,129.7,Consumer,Office Supplies,East
GM-14440,Gary McGarr,2,145.76,0.1,3.24,0,7,129.7,Consumer,Furniture,East
GM-14455,Gary Mitchum,6,758.35,0.2,265.42,0,6,122.09,Home Office,Technology,Central
GM-14455,Gary Mitchum,5,63.2,0.0,23.38,0,6,122.09,Home Office,Furniture,East
GM-14455,Gary Mitchum,3,113.97,0.0,27.35,0,6,122.09,Home Office,Technology,East
GM-14455,Gary Mitchum,7,158.37,0.2,13.86,0,6,122.09,Home Office,Office Supplies,Central
GM-14455,Gary Mitchum,2,205.18,0.4,-58.13,0,6,122.09,Home Office,Furniture,East
GM-14455,Gary Mitchum,5,419.4,0.2,146.79,0,6,122.09,Home Office,Office Supplies,East
GM-14455,Gary Mitchum,5,824.95,0.0,247.48,0,6,122.09,Home Office,Technology,East
GM-14455,Gary Mitchum,8,24.64,0.0,11.83,0,6,122.09,Home Office,Office Supplies,East
GM-14455,Gary Mitchum,6,227.88,0.0,68.36,0,6,122.09,Home Office,Office Supplies,East
GM-14455,Gary Mitchum,3,227.98,0.2,28.5,0,6,122.09,Home Office,Technology,Central
GM-14455,Gary Mitchum,3,52.68,0.2,19.76,0,6,122.09,Home Office,Technology,Central
GM-14455,Gary Mitchum,1,2.03,0.6,-1.32,0,6,122.09,Home Office,Furniture,Central
GM-14500,Gene McClure,1,5.98,0.0,2.69,0,10,94.42,Consumer,Office Supplies,West
GM-14500,Gene McClure,6,40.03,0.2,12.51,0,10,94.42,Consumer,Office Supplies,East
GM-14500,Gene McClure,3,16.78,0.2,5.03,0,10,94.42,Consumer,Technology,East
GM-14500,Gene McClure,3,34.44,0.0,16.19,0,10,94.42,Consumer,Office Supplies,East
GM-14500,Gene McClure,7,629.93,0.0,296.07,0,10,94.42,Consumer,Technology,East
GM-14500,Gene McClure,9,79.06,0.2,28.66,0,10,94.42,Consumer,Office Supplies,East
GM-14500,Gene McClure,1,9.95,0.2,1.0,0,10,94.42,Consumer,Office Supplies,South
GM-14500,Gene McClure,4,41.6,0.0,14.14,0,10,94.42,Consumer,Furniture,West
GM-14500,Gene McClure,2,7.07,0.2,2.39,0,10,94.42,Consumer,Office Supplies,Central
GM-14500,Gene McClure,5,14.9,0.0,1.04,0,10,94.42,Consumer,Office Supplies,East
GM-14500,Gene McClure,4,124.4,0.3,-21.33,0,10,94.42,Consumer,Furniture,Central
GM-14500,Gene McClure,5,239.12,0.2,77.71,0,10,94.42,Consumer,Office Supplies,West
GM-14500,Gene McClure,3,12.42,0.0,5.22,0,10,94.42,Consumer,Office Supplies,West
GM-14680,Greg Matthias,2,39.96,0.0,19.18,0,6,117.8,Consumer,Office Supplies,West
GM-14680,Greg Matthias,5,1432.0,0.2,125.3,0,6,117.8,Consumer,Technology,West
GM-14680,Greg Matthias,6,41.04,0.0,11.08,0,6,117.8,Consumer,Office Supplies,West
GM-14680,Greg Matthias,1,256.78,0.2,32.1,0,6,117.8,Consumer,Furniture,West
GM-14680,Greg Matthias,1,12.35,0.0,5.43,0,6,117.8,Consumer,Furniture,West
GM-14680,Greg Matthias,1,40.97,0.0,10.65,0,6,117.8,Consumer,Office Supplies,West
GM-14680,Greg Matthias,2,22.96,0.0,10.79,0,6,117.8,Consumer,Office Supplies,West
GM-14680,Greg Matthias,3,177.48,0.2,19.97,0,6,117.8,Consumer,Technology,West
GM-14680,Greg Matthias,5,523.92,0.2,-26.2,0,6,117.8,Consumer,Furniture,East
GM-14680,Greg Matthias,1,330.59,0.4,-115.71,0,6,117.8,Consumer,Furniture,East
GM-14680,Greg Matthias,4,285.58,0.4,-57.12,0,6,117.8,Consumer,Technology,East
GM-14695,Greg Maxwell,7,22.96,0.0,7.58,0,3,124.8,Corporate,Office Supplies,South
GM-14695,Greg Maxwell,1,28.99,0.0,8.41,0,3,124.8,Corporate,Technology,South
GM-14695,Greg Maxwell,2,12.96,0.0,6.35,0,3,124.8,Corporate,Office Supplies,South
GM-14695,Greg Maxwell,7,22.96,0.0,6.66,0,3,124.8,Corporate,Office Supplies,South
GM-14695,Greg Maxwell,5,4164.05,0.0,83.28,0,3,124.8,Corporate,Office Supplies,South
GM-14695,Greg Maxwell,9,65.79,0.0,30.26,0,3,124.8,Corporate,Office Supplies,West
GM-14695,Greg Maxwell,2,271.98,0.2,88.39,0,3,124.8,Corporate,Office Supplies,West
GM-14695,Greg Maxwell,4,11.76,0.0,3.18,0,3,124.8,Corporate,Office Supplies,West
GM-14695,Greg Maxwell,2,77.52,0.0,37.98,0,3,124.8,Corporate,Office Supplies,West
GM-14695,Greg Maxwell,2,48.64,0.2,15.81,0,3,124.8,Corporate,Office Supplies,West
GM-14695,Greg Maxwell,3,1322.35,0.2,-99.18,0,3,124.8,Corporate,Furniture,West
GP-14740,Guy Phonely,6,44.91,0.7,-35.93,0,2,149.75,Corporate,Office Supplies,East
GP-14740,Guy Phonely,3,14.73,0.0,6.92,0,2,149.75,Corporate,Office Supplies,East
GP-14740,Guy Phonely,5,104.9,0.0,25.18,0,2,149.75,Corporate,Office Supplies,East
GP-14740,Guy Phonely,4,61.04,0.0,30.52,0,2,149.75,Corporate,Office Supplies,East
GP-14740,Guy Phonely,3,10.95,0.0,5.15,0,2,149.75,Corporate,Office Supplies,East
GR-14560,Georgia Rosenberg,6,22.5,0.0,10.8,0,2,0.5,Corporate,Office Supplies,East
GR-14560,Georgia Rosenberg,2,9.96,0.0,4.58,0,2,0.5,Corporate,Office Supplies,East
GR-14560,Georgia Rosenberg,7,213.08,0.0,102.28,0,2,0.5,Corporate,Office Supplies,East
GR-14560,Georgia Rosenberg,6,1025.88,0.0,235.95,0,2,0.5,Corporate,Furniture,East
GR-14560,Georgia Rosenberg,2,12.96,0.0,6.22,0,2,0.5,Corporate,Office Supplies,West
GT-14635,Grant Thornton,9,149.54,0.2,50.47,0,3,249.4,Corporate,Office Supplies,East
GT-14635,Grant Thornton,2,17.14,0.0,4.46,0,3,249.4,Corporate,Office Supplies,East
GT-14635,Grant Thornton,3,991.76,0.4,-347.12,0,3,249.4,Corporate,Furniture,East
GT-14635,Grant Thornton,6,25.34,0.2,8.87,0,3,249.4,Corporate,Office Supplies,East
GT-14635,Grant Thornton,4,7999.98,0.5,-3839.99,0,3,249.4,Corporate,Technology,South
GT-14635,Grant Thornton,2,167.44,0.2,14.65,0,3,249.4,Corporate,Office Supplies,South
GT-14710,Greg Tran,5,17.96,0.2,5.84,0,11,45.75,Consumer,Office Supplies,East
GT-14710,Greg Tran,2,5.04,0.0,0.15,0,11,45.75,Consumer,Office Supplies,East
GT-14710,Greg Tran,1,208.16,0.0,56.2,0,11,45.75,Consumer,Office Supplies,East
GT-14710,Greg Tran,3,2152.78,0.2,726.56,0,11,45.75,Consumer,Office Supplies,East
GT-14710,Greg Tran,10,4007.84,0.2,-50.1,0,11,45.75,Consumer,Furniture,East
GT-14710,Greg Tran,3,22.74,0.0,8.87,0,11,45.75,Consumer,Office Supplies,East
GT-14710,Greg Tran,3,1267.53,0.0,316.88,0,11,45.75,Consumer,Furniture,East
GT-14710,Greg Tran,8,1379.92,0.0,648.56,0,11,45.75,Consumer,Technology,East
GT-14710,Greg Tran,2,44.46,0.0,14.67,0,11,45.75,Consumer,Furniture,East
GT-14710,Greg Tran,3,242.94,0.0,9.72,0,11,45.75,Consumer,Office Supplies,East
GT-14710,Greg Tran,2,70.88,0.0,33.31,0,11,45.75,Consumer,Office Supplies,West
GT-14710,Greg Tran,2,33.57,0.2,11.75,0,11,45.75,Consumer,Office Supplies,East
GT-14710,Greg Tran,1,156.79,0.2,13.72,0,11,45.75,Consumer,Technology,West
GT-14710,Greg Tran,3,431.98,0.2,27.0,0,11,45.75,Consumer,Technology,West
GT-14710,Greg Tran,1,35.89,0.0,16.15,0,11,45.75,Consumer,Office Supplies,West
GT-14710,Greg Tran,7,47.21,0.2,15.34,0,11,45.75,Consumer,Office Supplies,West
GT-14710,Greg Tran,7,248.08,0.0,116.6,0,11,45.75,Consumer,Office Supplies,West
GT-14710,Greg Tran,5,189.7,0.0,89.16,0,11,45.75,Consumer,Office Supplies,West
GT-14710,Greg Tran,3,59.81,0.2,19.44,0,11,45.75,Consumer,Office Supplies,West
GT-14710,Greg Tran,5,899.43,0.3,-12.85,0,11,45.75,Consumer,Furniture,Central
GT-14710,Greg Tran,5,46.2,0.2,5.77,0,11,45.75,Consumer,Office Supplies,Central
GT-14710,Greg Tran,3,47.95,0.2,16.18,0,11,45.75,Consumer,Office Supplies,Central
GT-14710,Greg Tran,1,7.99,0.2,0.7,0,11,45.75,Consumer,Technology,Central
GT-14710,Greg Tran,2,76.86,0.2,26.9,0,11,45.75,Consumer,Office Supplies,Central
GT-14710,Greg Tran,3,20.07,0.0,9.23,0,11,45.75,Consumer,Office Supplies,Central
GT-14710,Greg Tran,7,35.0,0.0,16.8,0,11,45.75,Consumer,Office Supplies,Central
GT-14710,Greg Tran,4,37.24,0.0,10.8,0,11,45.75,Consumer,Office Supplies,Central
GT-14710,Greg Tran,2,15.28,0.0,7.49,0,11,45.75,Consumer,Office Supplies,Central
GT-14710,Greg Tran,3,10.82,0.2,2.57,0,11,45.75,Consumer,Office Supplies,Central
GT-14755,Guy Thornton,2,61.06,0.0,28.09,0,4,168.67,Consumer,Office Supplies,West
GT-14755,Guy Thornton,1,35.54,0.2,-0.89,0,4,168.67,Consumer,Furniture,West
GT-14755,Guy Thornton,2,12.96,0.0,6.22,0,4,168.67,Consumer,Office Supplies,West
GT-14755,Guy Thornton,2,3.96,0.0,0.08,0,4,168.67,Consumer,Office Supplies,West
GT-14755,Guy Thornton,5,25.92,0.2,9.4,0,4,168.67,Consumer,Office Supplies,Central
GT-14755,Guy Thornton,3,53.42,0.2,4.67,0,4,168.67,Consumer,Office Supplies,Central
GT-14755,Guy Thornton,8,33.57,0.8,-53.71,0,4,168.67,Consumer,Office Supplies,Central
GW-14605,Giulietta Weimer,3,137.35,0.2,8.58,0,7,171.5,Consumer,Office Supplies,Central
GW-14605,Giulietta Weimer,3,376.51,0.3,-43.03,0,7,171.5,Consumer,Furniture,Central
GW-14605,Giulietta Weimer,2,238.0,0.0,38.08,0,7,171.5,Consumer,Technology,West
GW-14605,Giulietta Weimer,14,279.86,0.0,134.33,0,7,171.5,Consumer,Technology,East
GW-14605,Giulietta Weimer,4,318.08,0.0,34.99,0,7,171.5,Consumer,Furniture,South
GW-14605,Giulietta Weimer,1,5.8,0.0,2.61,0,7,171.5,Consumer,Office Supplies,South
GW-14605,Giulietta Weimer,9,111.67,0.2,6.98,0,7,171.5,Consumer,Office Supplies,South
GW-14605,Giulietta Weimer,3,90.57,0.0,11.77,0,7,171.5,Consumer,Technology,West
GW-14605,Giulietta Weimer,4,631.18,0.7,-462.86,0,7,171.5,Consumer,Office Supplies,East
GZ-14470,Gary Zandusky,2,489.23,0.3,41.93,0,9,95.08,Consumer,Furniture,Central
GZ-14470,Gary Zandusky,2,49.98,0.0,8.5,0,9,95.08,Consumer,Technology,West
GZ-14470,Gary Zandusky,4,883.84,0.2,99.43,0,9,95.08,Consumer,Furniture,West
GZ-14470,Gary Zandusky,3,230.35,0.2,20.16,0,9,95.08,Consumer,Furniture,West
GZ-14470,Gary Zandusky,1,7.92,0.2,2.77,0,9,95.08,Consumer,Office Supplies,West
GZ-14470,Gary Zandusky,2,14.37,0.2,3.95,0,9,95.08,Consumer,Furniture,West
GZ-14470,Gary Zandusky,5,199.9,0.0,89.95,0,9,95.08,Consumer,Office Supplies,East
GZ-14470,Gary Zandusky,3,901.95,0.0,297.64,0,9,95.08,Consumer,Office Supplies,East
GZ-14470,Gary Zandusky,5,971.5,0.0,252.59,0,9,95.08,Consumer,Furniture,East
GZ-14470,Gary Zandusky,4,23.92,0.0,11.72,0,9,95.08,Consumer,Office Supplies,Central
GZ-14470,Gary Zandusky,6,54.66,0.0,18.04,0,9,95.08,Consumer,Office Supplies,South
GZ-14470,Gary Zandusky,4,480.0,0.0,225.6,0,9,95.08,Consumer,Technology,East
GZ-14470,Gary Zandusky,3,34.05,0.0,9.53,0,9,95.08,Consumer,Office Supplies,East
GZ-14470,Gary Zandusky,4,13.48,0.0,5.93,0,9,95.08,Consumer,Office Supplies,West
GZ-14545,George Zrebassa,3,46.26,0.0,12.49,0,4,258.0,Corporate,Office Supplies,East
GZ-14545,George Zrebassa,7,381.36,0.0,106.78,0,4,258.0,Corporate,Office Supplies,West
GZ-14545,George Zrebassa,7,14.7,0.0,4.12,0,4,258.0,Corporate,Office Supplies,West
GZ-14545,George Zrebassa,5,1649.95,0.0,659.98,0,4,258.0,Corporate,Technology,West
GZ-14545,George Zrebassa,3,362.35,0.2,45.29,0,4,258.0,Corporate,Furniture,West
HA-14905,Helen Abelman,7,334.77,0.2,108.8,0,7,134.44,Consumer,Office Supplies,East
HA-14905,Helen Abelman,5,11.65,0.0,3.38,0,7,134.44,Consumer,Office Supplies,East
HA-14905,Helen Abelman,9,17.5,0.6,-7.44,0,7,134.44,Consumer,Furniture,Central
HA-14905,Helen Abelman,3,166.5,0.0,21.65,0,7,134.44,Consumer,Furniture,West
HA-14905,Helen Abelman,2,360.38,0.0,93.7,0,7,134.44,Consumer,Office Supplies,West
HA-14905,Helen Abelman,5,393.25,0.0,129.77,0,7,134.44,Consumer,Office Supplies,East
HA-14905,Helen Abelman,4,37.06,0.2,8.8,0,7,134.44,Consumer,Technology,East
HA-14905,Helen Abelman,2,259.9,0.4,-56.31,0,7,134.44,Consumer,Technology,East
HA-14905,Helen Abelman,4,3.17,0.7,-2.53,0,7,134.44,Consumer,Office Supplies,West
HA-14905,Helen Abelman,4,579.14,0.2,-28.96,0,7,134.44,Consumer,Furniture,West
HA-14920,Helen Andreada,4,31.92,0.0,8.3,0,8,68.0,Consumer,Office Supplies,West
HA-14920,Helen Andreada,2,433.57,0.2,-65.04,0,8,68.0,Consumer,Furniture,West
HA-14920,Helen Andreada,2,167.86,0.0,78.89,0,8,68.0,Consumer,Office Supplies,West
HA-14920,Helen Andreada,7,209.93,0.0,92.37,0,8,68.0,Consumer,Technology,West
HA-14920,Helen Andreada,3,5.28,0.0,2.32,0,8,68.0,Consumer,Furniture,West
HA-14920,Helen Andreada,3,10.92,0.2,4.09,0,8,68.0,Consumer,Office Supplies,West
HA-14920,Helen Andreada,7,671.93,0.0,20.16,0,8,68.0,Consumer,Office Supplies,West
HA-14920,Helen Andreada,9,30.82,0.2,9.63,0,8,68.0,Consumer,Office Supplies,South
HA-14920,Helen Andreada,2,44.78,0.2,4.48,0,8,68.0,Consumer,Technology,South
HA-14920,Helen Andreada,4,569.54,0.2,64.07,0,8,68.0,Consumer,Office Supplies,South
HA-14920,Helen Andreada,3,191.98,0.2,24.0,0,8,68.0,Consumer,Technology,Central
HA-14920,Helen Andreada,2,8.29,0.2,3.0,0,8,68.0,Consumer,Office Supplies,Central
HA-14920,Helen Andreada,5,139.92,0.6,-150.41,0,8,68.0,Consumer,Furniture,Central
HA-14920,Helen Andreada,1,15.87,0.2,1.19,0,8,68.0,Consumer,Office Supplies,Central
HA-14920,Helen Andreada,7,6.29,0.8,-11.0,0,8,68.0,Consumer,Office Supplies,Central
HA-14920,Helen Andreada,4,10.53,0.2,3.29,0,8,68.0,Consumer,Office Supplies,Central
HA-14920,Helen Andreada,6,20.54,0.2,6.42,0,8,68.0,Consumer,Office Supplies,Central
HA-14920,Helen Andreada,1,14.2,0.2,3.37,0,8,68.0,Consumer,Technology,East
HD-14785,Harold Dahlen,3,17.47,0.2,5.68,0,3,93.33,Home Office,Office Supplies,Central
HD-14785,Harold Dahlen,9,104.58,0.8,-172.56,0,3,93.33,Home Office,Office Supplies,Central
HD-14785,Harold Dahlen,4,18.31,0.7,-12.21,0,3,93.33,Home Office,Office Supplies,East
HD-14785,Harold Dahlen,5,25.92,0.2,9.07,0,3,93.33,Home Office,Office Supplies,East
HD-14785,Harold Dahlen,3,8.02,0.2,1.0,0,3,93.33,Home Office,Office Supplies,East
HD-14785,Harold Dahlen,4,17.12,0.0,4.96,0,3,93.33,Home Office,Office Supplies,East
HD-14785,Harold Dahlen,3,59.94,0.0,28.17,0,3,93.33,Home Office,Office Supplies,East
HE-14800,Harold Engle,4,156.51,0.2,52.82,0,4,68.8,Corporate,Office Supplies,Central
HE-14800,Harold Engle,1,13.4,0.0,6.43,0,4,68.8,Corporate,Furniture,East
HE-14800,Harold Engle,1,4.98,0.0,2.34,0,4,68.8,Corporate,Office Supplies,East
HE-14800,Harold Engle,7,109.69,0.0,51.55,0,4,68.8,Corporate,Office Supplies,East
HE-14800,Harold Engle,4,83.92,0.0,5.87,0,4,68.8,Corporate,Furniture,East
HE-14800,Harold Engle,5,141.9,0.0,58.18,0,4,68.8,Corporate,Technology,East
HE-14800,Harold Engle,2,39.98,0.0,9.2,0,4,68.8,Corporate,Furniture,East
HE-14800,Harold Engle,7,28.91,0.0,8.67,0,4,68.8,Corporate,Office Supplies,East
HE-14800,Harold Engle,5,174.95,0.0,45.49,0,4,68.8,Corporate,Office Supplies,East
HE-14800,Harold Engle,5,99.95,0.0,22.99,0,4,68.8,Corporate,Furniture,Central
HE-14800,Harold Engle,3,29.34,0.0,10.86,0,4,68.8,Corporate,Technology,Central
HF-14995,Herbert Flentye,2,225.3,0.2,22.53,0,7,71.83,Consumer,Furniture,West
HF-14995,Herbert Flentye,2,15.56,0.0,7.31,0,7,71.83,Consumer,Office Supplies,West
HF-14995,Herbert Flentye,5,78.35,0.0,36.82,0,7,71.83,Consumer,Office Supplies,West
HF-14995,Herbert Flentye,3,59.52,0.0,15.48,0,7,71.83,Consumer,Office Supplies,West
HF-14995,Herbert Flentye,9,38.52,0.0,17.33,0,7,71.83,Consumer,Office Supplies,West
HF-14995,Herbert Flentye,2,239.98,0.2,24.0,0,7,71.83,Consumer,Technology,West
HF-14995,Herbert Flentye,3,19.35,0.0,9.48,0,7,71.83,Consumer,Office Supplies,West
HF-14995,Herbert Flentye,5,556.66,0.15,6.55,0,7,71.83,Consumer,Furniture,West
HF-14995,Herbert Flentye,1,3.98,0.2,1.29,0,7,71.83,Consumer,Office Supplies,South
HF-14995,Herbert Flentye,3,370.62,0.4,-142.07,0,7,71.83,Consumer,Furniture,South
HF-14995,Herbert Flentye,2,2.74,0.7,-2.01,0,7,71.83,Consumer,Office Supplies,South
HF-14995,Herbert Flentye,3,344.94,0.0,31.04,0,7,71.83,Consumer,Furniture,East
HF-14995,Herbert Flentye,2,14.76,0.0,4.28,0,7,71.83,Consumer,Furniture,East
HF-14995,Herbert Flentye,2,12.76,0.0,5.87,0,7,71.83,Consumer,Office Supplies,East
HF-14995,Herbert Flentye,8,58.48,0.0,27.49,0,7,71.83,Consumer,Office Supplies,East
HF-14995,Herbert Flentye,1,116.76,0.2,14.59,0,7,71.83,Consumer,Technology,South
HF-14995,Herbert Flentye,7,331.02,0.45,-114.35,0,7,71.83,Consumer,Furniture,South
HF-14995,Herbert Flentye,5,33.45,0.0,15.39,0,7,71.83,Consumer,Office Supplies,Central
HF-14995,Herbert Flentye,5,10.4,0.0,5.1,0,7,71.83,Consumer,Office Supplies,Central
HG-14845,Harry Greene,2,51.96,0.0,12.99,0,5,143.0,Consumer,Furniture,South
HG-14845,Harry Greene,3,17.94,0.0,8.61,0,5,143.0,Consumer,Office Supplies,South
HG-14845,Harry Greene,1,2.41,0.7,-2.01,0,5,143.0,Consumer,Office Supplies,East
HG-14845,Harry Greene,2,56.7,0.2,19.14,0,5,143.0,Consumer,Office Supplies,Central
HG-14845,Harry Greene,7,274.06,0.2,102.77,0,5,143.0,Consumer,Office Supplies,Central
HG-14845,Harry Greene,3,12.82,0.2,4.33,0,5,143.0,Consumer,Office Supplies,East
HG-14845,Harry Greene,3,314.35,0.2,-15.72,0,5,143.0,Consumer,Furniture,East
HG-14845,Harry Greene,2,18.98,0.0,8.92,0,5,143.0,Consumer,Office Supplies,East
HG-14845,Harry Greene,6,18.24,0.2,6.16,0,5,143.0,Consumer,Office Supplies,East
HG-14845,Harry Greene,2,18.16,0.2,1.82,0,5,143.0,Consumer,Office Supplies,Central
HG-14965,Henry Goldwyn,2,8.56,0.0,3.85,0,12,73.38,Corporate,Office Supplies,West
HG-14965,Henry Goldwyn,1,0.88,0.8,-1.4,0,12,73.38,Corporate,Office Supplies,Central
HG-14965,Henry Goldwyn,2,24.59,0.7,-18.03,0,12,73.38,Corporate,Office Supplies,East
HG-14965,Henry Goldwyn,3,17.52,0.0,8.23,0,12,73.38,Corporate,Office Supplies,South
HG-14965,Henry Goldwyn,12,35.76,0.0,10.01,0,12,73.38,Corporate,Office Supplies,South
HG-14965,Henry Goldwyn,3,43.26,0.0,14.28,0,12,73.38,Corporate,Office Supplies,West
HG-14965,Henry Goldwyn,2,43.56,0.0,15.25,0,12,73.38,Corporate,Office Supplies,West
HG-14965,Henry Goldwyn,3,15.7,0.2,5.1,0,12,73.38,Corporate,Office Supplies,West
HG-14965,Henry Goldwyn,4,31.36,0.0,15.68,0,12,73.38,Corporate,Office Supplies,South
HG-14965,Henry Goldwyn,2,39.68,0.0,10.32,0,12,73.38,Corporate,Office Supplies,West
HG-14965,Henry Goldwyn,6,38.88,0.0,18.66,0,12,73.38,Corporate,Office Supplies,West
HG-14965,Henry Goldwyn,8,183.84,0.0,62.51,0,12,73.38,Corporate,Furniture,West
HG-14965,Henry Goldwyn,5,579.3,0.0,28.96,0,12,73.38,Corporate,Office Supplies,West
HG-14965,Henry Goldwyn,3,29.7,0.0,8.02,0,12,73.38,Corporate,Office Supplies,West
HG-14965,Henry Goldwyn,4,70.72,0.2,-6.19,0,12,73.38,Corporate,Technology,East
HG-14965,Henry Goldwyn,3,194.35,0.2,-43.73,0,12,73.38,Corporate,Office Supplies,East
HG-14965,Henry Goldwyn,5,1889.99,0.8,-2929.48,0,12,73.38,Corporate,Office Supplies,Central
HG-15025,Hunter Glantz,4,3.16,0.8,-8.53,0,7,116.7,Consumer,Office Supplies,Central
HG-15025,Hunter Glantz,5,1999.96,0.2,624.99,0,7,116.7,Consumer,Technology,Central
HG-15025,Hunter Glantz,4,1117.92,0.0,55.9,0,7,116.7,Consumer,Office Supplies,West
HG-15025,Hunter Glantz,2,17.34,0.0,4.68,0,7,116.7,Consumer,Office Supplies,South
HG-15025,Hunter Glantz,2,71.98,0.0,15.12,0,7,116.7,Consumer,Technology,South
HG-15025,Hunter Glantz,3,79.51,0.2,20.87,0,7,116.7,Consumer,Technology,Central
HG-15025,Hunter Glantz,1,28.35,0.2,9.57,0,7,116.7,Consumer,Office Supplies,Central
HG-15025,Hunter Glantz,2,63.92,0.2,19.18,0,7,116.7,Consumer,Technology,East
HG-15025,Hunter Glantz,10,22.0,0.0,9.68,0,7,116.7,Consumer,Office Supplies,Central
HG-15025,Hunter Glantz,2,271.76,0.1,48.31,0,7,116.7,Consumer,Furniture,East
HG-15025,Hunter Glantz,3,14.38,0.2,4.85,0,7,116.7,Consumer,Office Supplies,East
HH-15010,Hilary Holden,2,109.92,0.0,53.86,0,2,229.4,Corporate,Office Supplies,West
HH-15010,Hilary Holden,2,13.36,0.0,6.41,0,2,229.4,Corporate,Office Supplies,West
HH-15010,Hilary Holden,2,8.96,0.0,4.3,0,2,229.4,Corporate,Office Supplies,West
HH-15010,Hilary Holden,10,31.5,0.0,15.12,0,2,229.4,Corporate,Office Supplies,West
HH-15010,Hilary Holden,2,30.56,0.0,10.39,0,2,229.4,Corporate,Furniture,West
HH-15010,Hilary Holden,2,24.37,0.2,-3.35,0,2,229.4,Corporate,Furniture,West
HJ-14875,Heather Jas,6,31.1,0.2,10.89,0,5,173.2,Home Office,Office Supplies,West
HJ-14875,Heather Jas,3,54.82,0.2,17.82,0,5,173.2,Home Office,Office Supplies,West
HJ-14875,Heather Jas,2,163.88,0.0,40.97,0,5,173.2,Home Office,Furniture,West
HJ-14875,Heather Jas,5,49.5,0.0,13.36,0,5,173.2,Home Office,Office Supplies,West
HJ-14875,Heather Jas,1,5.08,0.2,1.65,0,5,173.2,Home Office,Office Supplies,South
HJ-14875,Heather Jas,4,53.72,0.0,13.97,0,5,173.2,Home Office,Office Supplies,Central
HK-14890,Heather Kirkland,5,491.55,0.0,240.86,0,8,82.0,Corporate,Office Supplies,Central
HK-14890,Heather Kirkland,1,158.99,0.0,41.34,0,8,82.0,Corporate,Technology,East
HK-14890,Heather Kirkland,5,291.1,0.0,75.69,0,8,82.0,Corporate,Furniture,East
HK-14890,Heather Kirkland,2,696.42,0.0,160.18,0,8,82.0,Corporate,Furniture,West
HK-14890,Heather Kirkland,3,304.78,0.2,22.86,0,8,82.0,Corporate,Technology,West
HK-14890,Heather Kirkland,5,36.24,0.2,11.32,0,8,82.0,Corporate,Office Supplies,South
HK-14890,Heather Kirkland,7,16.16,0.6,-12.12,0,8,82.0,Corporate,Furniture,Central
HK-14890,Heather Kirkland,3,54.82,0.2,17.82,0,8,82.0,Corporate,Office Supplies,Central
HK-14890,Heather Kirkland,5,143.96,0.2,1.8,0,8,82.0,Corporate,Technology,Central
HK-14890,Heather Kirkland,5,2399.96,0.2,569.99,0,8,82.0,Corporate,Technology,Central
HK-14890,Heather Kirkland,3,74.35,0.2,23.23,0,8,82.0,Corporate,Office Supplies,Central
HK-14890,Heather Kirkland,8,87.17,0.8,-226.64,0,8,82.0,Corporate,Office Supplies,Central
HK-14890,Heather Kirkland,3,32.23,0.2,2.42,0,8,82.0,Corporate,Office Supplies,Central
HK-14890,Heather Kirkland,7,35.17,0.2,9.67,0,8,82.0,Corporate,Furniture,South
HK-14890,Heather Kirkland,2,54.9,0.2,18.53,0,8,82.0,Corporate,Office Supplies,West
HL-15040,Hunter Lopez,7,699.93,0.0,181.98,0,6,139.7,Consumer,Technology,South
HL-15040,Hunter Lopez,7,22.96,0.0,6.66,0,6,139.7,Consumer,Office Supplies,South
HL-15040,Hunter Lopez,4,38.6,0.0,11.58,0,6,139.7,Consumer,Furniture,South
HL-15040,Hunter Lopez,3,6.63,0.0,1.79,0,6,139.7,Consumer,Office Supplies,South
HL-15040,Hunter Lopez,3,23.34,0.0,10.97,0,6,139.7,Consumer,Office Supplies,South
HL-15040,Hunter Lopez,3,1067.94,0.0,224.27,0,6,139.7,Consumer,Furniture,South
HL-15040,Hunter Lopez,7,34.79,0.0,10.78,0,6,139.7,Consumer,Furniture,Central
HL-15040,Hunter Lopez,9,440.91,0.0,123.45,0,6,139.7,Consumer,Technology,Central
HL-15040,Hunter Lopez,2,15.65,0.2,5.09,0,6,139.7,Consumer,Office Supplies,Central
HL-15040,Hunter Lopez,2,22.58,0.0,5.87,0,6,139.7,Consumer,Office Supplies,East
HL-15040,Hunter Lopez,3,10499.97,0.0,5039.99,0,6,139.7,Consumer,Technology,East
HM-14860,Harry Marie,3,4.99,0.8,-12.98,0,10,66.11,Corporate,Office Supplies,Central
HM-14860,Harry Marie,5,87.92,0.2,29.67,0,10,66.11,Corporate,Office Supplies,Central
HM-14860,Harry Marie,5,657.93,0.3,-93.99,0,10,66.11,Corporate,Furniture,Central
HM-14860,Harry Marie,1,1.04,0.8,-1.83,0,10,66.11,Corporate,Office Supplies,Central
HM-14860,Harry Marie,3,271.44,0.0,122.15,0,10,66.11,Corporate,Office Supplies,West
HM-14860,Harry Marie,3,110.35,0.2,8.28,0,10,66.11,Corporate,Technology,West
HM-14860,Harry Marie,5,36.4,0.0,13.83,0,10,66.11,Corporate,Furniture,West
HM-14860,Harry Marie,2,9.68,0.0,3.78,0,10,66.11,Corporate,Furniture,Central
HM-14860,Harry Marie,7,4899.93,0.0,2302.97,0,10,66.11,Corporate,Technology,Central
HM-14860,Harry Marie,3,10.02,0.0,4.41,0,10,66.11,Corporate,Furniture,East
HM-14860,Harry Marie,4,631.96,0.0,303.34,0,10,66.11,Corporate,Technology,East
HM-14860,Harry Marie,7,956.66,0.32,-225.1,0,10,66.11,Corporate,Furniture,Central
HM-14860,Harry Marie,5,74.45,0.0,20.1,0,10,66.11,Corporate,Furniture,East
HM-14860,Harry Marie,2,7.97,0.2,2.89,0,10,66.11,Corporate,Office Supplies,West
HM-14860,Harry Marie,1,8.78,0.2,3.18,0,10,66.11,Corporate,Office Supplies,West
HM-14860,Harry Marie,3,3.32,0.8,-5.64,0,10,66.11,Corporate,Office Supplies,Central
HM-14860,Harry Marie,7,123.26,0.2,9.24,0,10,66.11,Corporate,Office Supplies,East
HM-14860,Harry Marie,4,23.68,0.2,7.4,0,10,66.11,Corporate,Office Supplies,East
HM-14860,Harry Marie,4,309.58,0.4,-56.76,0,10,66.11,Corporate,Technology,East
HM-14860,Harry Marie,2,7.4,0.0,3.03,0,10,66.11,Corporate,Furniture,West
HM-14980,Henry MacAllister,3,11.81,0.2,4.13,0,4,95.5,Consumer,Office Supplies,West
HM-14980,Henry MacAllister,4,53.57,0.2,19.42,0,4,95.5,Consumer,Office Supplies,West
HM-14980,Henry MacAllister,5,503.96,0.2,50.4,0,4,95.5,Consumer,Technology,West
HM-14980,Henry MacAllister,1,4.62,0.2,1.73,0,4,95.5,Consumer,Office Supplies,East
HM-14980,Henry MacAllister,1,1.75,0.2,0.15,0,4,95.5,Consumer,Office Supplies,South
HM-14980,Henry MacAllister,8,20.99,0.2,2.36,0,4,95.5,Consumer,Office Supplies,South
HM-14980,Henry MacAllister,7,139.58,0.0,39.08,0,4,95.5,Consumer,Furniture,West
HP-14815,Harold Pawlan,8,140.74,0.2,52.78,0,7,144.89,Home Office,Office Supplies,West
HP-14815,Harold Pawlan,5,111.15,0.0,48.91,0,7,144.89,Home Office,Furniture,South
HP-14815,Harold Pawlan,4,70.12,0.0,21.04,0,7,144.89,Home Office,Office Supplies,Central
HP-14815,Harold Pawlan,5,68.81,0.8,-123.86,0,7,144.89,Home Office,Office Supplies,Central
HP-14815,Harold Pawlan,3,2.54,0.8,-3.82,0,7,144.89,Home Office,Office Supplies,Central
HP-14815,Harold Pawlan,7,184.66,0.0,84.94,0,7,144.89,Home Office,Office Supplies,East
HP-14815,Harold Pawlan,2,95.98,0.2,12.0,0,7,144.89,Home Office,Technology,West
HP-14815,Harold Pawlan,2,4.94,0.7,-3.62,0,7,144.89,Home Office,Office Supplies,West
HP-14815,Harold Pawlan,3,68.47,0.2,23.11,0,7,144.89,Home Office,Office Supplies,East
HP-14815,Harold Pawlan,5,1242.9,0.1,262.39,0,7,144.89,Home Office,Furniture,East
HR-14770,Hallie Redmond,3,5.94,0.0,1.6,0,5,115.58,Home Office,Technology,East
HR-14770,Hallie Redmond,5,687.4,0.0,48.12,0,5,115.58,Home Office,Furniture,Central
HR-14770,Hallie Redmond,5,67.4,0.0,17.52,0,5,115.58,Home Office,Office Supplies,Central
HR-14770,Hallie Redmond,2,2.52,0.0,0.1,0,5,115.58,Home Office,Office Supplies,Central
HR-14770,Hallie Redmond,4,67.8,0.0,1.36,0,5,115.58,Home Office,Technology,Central
HR-14770,Hallie Redmond,2,18.76,0.0,5.25,0,5,115.58,Home Office,Office Supplies,Central
HR-14770,Hallie Redmond,4,12.12,0.0,2.55,0,5,115.58,Home Office,Technology,Central
HR-14770,Hallie Redmond,1,11.34,0.0,5.56,0,5,115.58,Home Office,Office Supplies,Central
HR-14770,Hallie Redmond,4,159.8,0.0,70.31,0,5,115.58,Home Office,Technology,Central
HR-14770,Hallie Redmond,2,18.96,0.0,8.53,0,5,115.58,Home Office,Furniture,Central
HR-14770,Hallie Redmond,2,16.26,0.2,1.22,0,5,115.58,Home Office,Office Supplies,South
HR-14770,Hallie Redmond,2,219.18,0.2,19.18,0,5,115.58,Home Office,Technology,South
HR-14770,Hallie Redmond,2,11.81,0.2,4.28,0,5,115.58,Home Office,Office Supplies,West
HR-14830,Harold Ryan,7,12.1,0.2,4.23,0,7,74.85,Corporate,Office Supplies,West
HR-14830,Harold Ryan,6,485.88,0.0,9.72,0,7,74.85,Corporate,Office Supplies,West
HR-14830,Harold Ryan,4,25.92,0.0,12.44,0,7,74.85,Corporate,Office Supplies,West
HR-14830,Harold Ryan,2,197.58,0.0,53.35,0,7,74.85,Corporate,Office Supplies,West
HR-14830,Harold Ryan,1,15.02,0.0,2.7,0,7,74.85,Corporate,Technology,East
HR-14830,Harold Ryan,2,33.82,0.0,9.13,0,7,74.85,Corporate,Office Supplies,East
HR-14830,Harold Ryan,4,13.63,0.2,3.58,0,7,74.85,Corporate,Office Supplies,South
HR-14830,Harold Ryan,2,33.57,0.2,1.68,0,7,74.85,Corporate,Office Supplies,East
HR-14830,Harold Ryan,7,422.62,0.3,0.0,0,7,74.85,Corporate,Furniture,East
HR-14830,Harold Ryan,4,883.84,0.2,99.43,0,7,74.85,Corporate,Furniture,West
HR-14830,Harold Ryan,3,47.01,0.0,22.09,0,7,74.85,Corporate,Office Supplies,East
HR-14830,Harold Ryan,1,469.99,0.0,136.3,0,7,74.85,Corporate,Technology,East
HR-14830,Harold Ryan,3,207.85,0.1,2.31,0,7,74.85,Corporate,Furniture,East
HR-14830,Harold Ryan,5,2399.96,0.2,839.99,0,7,74.85,Corporate,Technology,West
HW-14935,Helen Wasserman,5,16.4,0.0,4.76,0,8,37.26,Corporate,Office Supplies,Central
HW-14935,Helen Wasserman,4,25.92,0.0,12.44,0,8,37.26,Corporate,Office Supplies,Central
HW-14935,Helen Wasserman,9,355.32,0.0,99.49,0,8,37.26,Corporate,Office Supplies,East
HW-14935,Helen Wasserman,2,21.96,0.0,6.15,0,8,37.26,Corporate,Office Supplies,Central
HW-14935,Helen Wasserman,3,368.97,0.0,81.17,0,8,37.26,Corporate,Furniture,Central
HW-14935,Helen Wasserman,3,12.39,0.0,3.47,0,8,37.26,Corporate,Office Supplies,Central
HW-14935,Helen Wasserman,3,332.94,0.0,9.99,0,8,37.26,Corporate,Office Supplies,Central
HW-14935,Helen Wasserman,1,22.23,0.0,7.34,0,8,37.26,Corporate,Furniture,West
HW-14935,Helen Wasserman,2,215.97,0.2,18.9,0,8,37.26,Corporate,Technology,West
HW-14935,Helen Wasserman,7,265.93,0.0,63.82,0,8,37.26,Corporate,Technology,West
HW-14935,Helen Wasserman,6,1925.88,0.0,539.25,0,8,37.26,Corporate,Furniture,Central
HW-14935,Helen Wasserman,8,2405.2,0.0,793.72,0,8,37.26,Corporate,Office Supplies,Central
HW-14935,Helen Wasserman,3,83.97,0.0,15.95,0,8,37.26,Corporate,Technology,Central
HW-14935,Helen Wasserman,1,39.89,0.0,14.76,0,8,37.26,Corporate,Technology,Central
HW-14935,Helen Wasserman,2,17.38,0.0,8.69,0,8,37.26,Corporate,Office Supplies,Central
HW-14935,Helen Wasserman,2,843.9,0.0,371.32,0,8,37.26,Corporate,Technology,West
HW-14935,Helen Wasserman,9,1496.16,0.0,224.42,0,8,37.26,Corporate,Technology,West
HW-14935,Helen Wasserman,9,825.17,0.3,-117.88,0,8,37.26,Corporate,Furniture,Central
HW-14935,Helen Wasserman,3,17.76,0.2,5.55,0,8,37.26,Corporate,Office Supplies,Central
HW-14935,Helen Wasserman,3,6.91,0.2,0.86,0,8,37.26,Corporate,Office Supplies,Central
HZ-14950,Henia Zydlo,5,21.88,0.2,6.29,0,5,124.2,Consumer,Furniture,East
HZ-14950,Henia Zydlo,4,65.42,0.6,-52.34,0,5,124.2,Consumer,Furniture,Central
HZ-14950,Henia Zydlo,2,8.56,0.0,3.85,0,5,124.2,Consumer,Office Supplies,East
HZ-14950,Henia Zydlo,2,11.56,0.0,5.66,0,5,124.2,Consumer,Office Supplies,East
HZ-14950,Henia Zydlo,3,55.18,0.2,-12.41,0,5,124.2,Consumer,Technology,Central
HZ-14950,Henia Zydlo,5,723.92,0.2,-81.44,0,5,124.2,Consumer,Furniture,South
IG-15085,Ivan Gibson,2,61.96,0.0,27.88,0,4,183.0,Consumer,Office Supplies,West
IG-15085,Ivan Gibson,1,1.34,0.2,0.47,0,4,183.0,Consumer,Office Supplies,West
IG-15085,Ivan Gibson,3,370.14,0.0,144.35,0,4,183.0,Consumer,Office Supplies,East
IG-15085,Ivan Gibson,2,111.96,0.0,54.86,0,4,183.0,Consumer,Office Supplies,West
IG-15085,Ivan Gibson,4,13.36,0.0,4.14,0,4,183.0,Consumer,Office Supplies,South
IG-15085,Ivan Gibson,2,39.96,0.0,18.78,0,4,183.0,Consumer,Office Supplies,South
IG-15085,Ivan Gibson,5,145.85,0.0,70.01,0,4,183.0,Consumer,Office Supplies,South
IL-15100,Ivan Liston,3,19.75,0.2,6.91,0,7,85.0,Consumer,Office Supplies,West
IL-15100,Ivan Liston,9,1268.82,0.0,266.45,0,7,85.0,Consumer,Furniture,East
IL-15100,Ivan Liston,4,283.92,0.0,82.34,0,7,85.0,Consumer,Furniture,East
IL-15100,Ivan Liston,2,5.68,0.0,1.76,0,7,85.0,Consumer,Office Supplies,East
IL-15100,Ivan Liston,4,288.0,0.2,57.6,0,7,85.0,Consumer,Technology,East
IL-15100,Ivan Liston,1,6.48,0.0,3.11,0,7,85.0,Consumer,Office Supplies,West
IL-15100,Ivan Liston,5,1325.85,0.0,238.65,0,7,85.0,Consumer,Office Supplies,West
IL-15100,Ivan Liston,3,14.94,0.0,6.87,0,7,85.0,Consumer,Office Supplies,West
IL-15100,Ivan Liston,8,115.14,0.2,11.51,0,7,85.0,Consumer,Technology,Central
IL-15100,Ivan Liston,1,3.91,0.2,1.03,0,7,85.0,Consumer,Office Supplies,Central
IL-15100,Ivan Liston,3,62.38,0.2,7.02,0,7,85.0,Consumer,Office Supplies,Central
IL-15100,Ivan Liston,6,70.08,0.0,35.04,0,7,85.0,Consumer,Office Supplies,Central
IL-15100,Ivan Liston,2,121.3,0.0,25.47,0,7,85.0,Consumer,Furniture,Central
IL-15100,Ivan Liston,9,1454.49,0.0,378.17,0,7,85.0,Consumer,Technology,Central
IM-15055,Ionia McGrath,6,40.08,0.0,19.24,0,3,342.67,Consumer,Office Supplies,West
IM-15055,Ionia McGrath,3,24.27,0.0,8.74,0,3,342.67,Consumer,Furniture,West
IM-15055,Ionia McGrath,5,2799.96,0.2,944.99,0,3,342.67,Consumer,Technology,West
IM-15055,Ionia McGrath,5,8.32,0.2,2.81,0,3,342.67,Consumer,Office Supplies,West
IM-15070,Irene Maddox,6,152.76,0.0,74.85,0,7,35.85,Consumer,Office Supplies,South
IM-15070,Irene Maddox,1,7.27,0.0,1.96,0,7,35.85,Consumer,Office Supplies,South
IM-15070,Irene Maddox,14,1819.86,0.0,163.79,0,7,35.85,Consumer,Furniture,South
IM-15070,Irene Maddox,4,1099.96,0.0,285.99,0,7,35.85,Consumer,Technology,Central
IM-15070,Irene Maddox,2,11.61,0.7,-9.29,0,7,35.85,Consumer,Office Supplies,East
IM-15070,Irene Maddox,5,13.12,0.2,1.15,0,7,35.85,Consumer,Office Supplies,West
IM-15070,Irene Maddox,4,69.58,0.7,-143.79,0,7,35.85,Consumer,Furniture,West
IM-15070,Irene Maddox,3,4.22,0.2,0.48,0,7,35.85,Consumer,Office Supplies,West
IM-15070,Irene Maddox,4,58.08,0.2,-6.53,0,7,35.85,Consumer,Technology,West
IM-15070,Irene Maddox,9,52.42,0.2,15.07,0,7,35.85,Consumer,Furniture,West
IM-15070,Irene Maddox,5,54.92,0.2,10.98,0,7,35.85,Consumer,Furniture,West
IM-15070,Irene Maddox,5,364.95,0.5,-248.17,0,7,35.85,Consumer,Furniture,West
IM-15070,Irene Maddox,3,85.06,0.2,28.71,0,7,35.85,Consumer,Office Supplies,West
IM-15070,Irene Maddox,3,27.7,0.2,9.69,0,7,35.85,Consumer,Office Supplies,West
IM-15070,Irene Maddox,4,122.12,0.0,56.18,0,7,35.85,Consumer,Office Supplies,East
IM-15070,Irene Maddox,5,18.45,0.0,8.67,0,7,35.85,Consumer,Office Supplies,East
IM-15070,Irene Maddox,5,324.9,0.0,38.99,0,7,35.85,Consumer,Office Supplies,East
IM-15070,Irene Maddox,3,146.73,0.0,68.96,0,7,35.85,Consumer,Office Supplies,East
IM-15070,Irene Maddox,2,3.96,0.0,1.47,0,7,35.85,Consumer,Office Supplies,East
IM-15070,Irene Maddox,3,84.84,0.0,22.91,0,7,35.85,Consumer,Office Supplies,West
IM-15070,Irene Maddox,3,407.98,0.2,132.59,0,7,35.85,Consumer,Office Supplies,West
JA-15970,Joseph Airdo,2,5.25,0.2,0.46,0,8,48.17,Consumer,Office Supplies,West
JA-15970,Joseph Airdo,3,38.26,0.2,4.78,0,8,48.17,Consumer,Office Supplies,West
JA-15970,Joseph Airdo,5,40.24,0.2,13.08,0,8,48.17,Consumer,Office Supplies,West
JA-15970,Joseph Airdo,5,29.92,0.7,-21.94,0,8,48.17,Consumer,Technology,West
JA-15970,Joseph Airdo,6,148.7,0.2,46.47,0,8,48.17,Consumer,Office Supplies,West
JA-15970,Joseph Airdo,10,55.92,0.2,16.78,0,8,48.17,Consumer,Technology,West
JA-15970,Joseph Airdo,2,11.96,0.0,5.86,0,8,48.17,Consumer,Office Supplies,West
JA-15970,Joseph Airdo,3,629.06,0.2,31.45,0,8,48.17,Consumer,Furniture,West
JA-15970,Joseph Airdo,5,24.1,0.0,11.09,0,8,48.17,Consumer,Office Supplies,Central
JA-15970,Joseph Airdo,1,8.78,0.0,2.28,0,8,48.17,Consumer,Technology,Central
JA-15970,Joseph Airdo,4,376.74,0.1,71.16,0,8,48.17,Consumer,Office Supplies,Central
JA-15970,Joseph Airdo,4,29.52,0.0,14.46,0,8,48.17,Consumer,Office Supplies,Central
JA-15970,Joseph Airdo,2,11.96,0.0,2.99,0,8,48.17,Consumer,Office Supplies,Central
JA-15970,Joseph Airdo,5,26.4,0.0,12.67,0,8,48.17,Consumer,Office Supplies,Central
JA-15970,Joseph Airdo,4,18.53,0.7,-12.35,0,8,48.17,Consumer,Office Supplies,East
JA-15970,Joseph Airdo,1,29.59,0.2,2.59,0,8,48.17,Consumer,Technology,West
JA-15970,Joseph Airdo,2,4.75,0.7,-3.17,0,8,48.17,Consumer,Office Supplies,West
JA-15970,Joseph Airdo,3,15.55,0.2,5.64,0,8,48.17,Consumer,Office Supplies,West
JA-15970,Joseph Airdo,2,161.57,0.2,-28.27,0,8,48.17,Consumer,Furniture,West
JA-15970,Joseph Airdo,1,5.61,0.7,-4.3,0,8,48.17,Consumer,Office Supplies,East
JA-15970,Joseph Airdo,7,4663.74,0.2,-1049.34,0,8,48.17,Consumer,Office Supplies,East
JA-15970,Joseph Airdo,2,79.98,0.2,23.0,0,8,48.17,Consumer,Technology,East
JA-15970,Joseph Airdo,3,23.34,0.0,10.97,0,8,48.17,Consumer,Office Supplies,East
JA-15970,Joseph Airdo,5,51.55,0.0,24.23,0,8,48.17,Consumer,Office Supplies,East
JB-15400,Jennifer Braxton,2,52.45,0.8,-131.12,0,10,79.73,Corporate,Office Supplies,Central
JB-15400,Jennifer Braxton,4,20.16,0.2,6.55,0,10,79.73,Corporate,Office Supplies,Central
JB-15400,Jennifer Braxton,3,88.75,0.2,11.09,0,10,79.73,Corporate,Technology,West
JB-15400,Jennifer Braxton,2,137.62,0.0,60.55,0,10,79.73,Corporate,Office Supplies,East
JB-15400,Jennifer Braxton,1,100.49,0.0,25.12,0,10,79.73,Corporate,Technology,East
JB-15400,Jennifer Braxton,1,120.33,0.0,31.29,0,10,79.73,Corporate,Office Supplies,East
JB-15400,Jennifer Braxton,2,93.02,0.0,3.72,0,10,79.73,Corporate,Office Supplies,West
JB-15400,Jennifer Braxton,2,35.22,0.2,2.64,0,10,79.73,Corporate,Office Supplies,South
JB-15400,Jennifer Braxton,2,23.7,0.2,6.52,0,10,79.73,Corporate,Office Supplies,South
JB-15400,Jennifer Braxton,1,265.48,0.5,-111.5,0,10,79.73,Corporate,Technology,South
JB-15400,Jennifer Braxton,1,387.99,0.0,182.36,0,10,79.73,Corporate,Office Supplies,East
JB-15400,Jennifer Braxton,6,38.82,0.0,19.41,0,10,79.73,Corporate,Office Supplies,Central
JB-15400,Jennifer Braxton,5,21.9,0.0,10.51,0,10,79.73,Corporate,Office Supplies,Central
JB-15400,Jennifer Braxton,3,215.98,0.2,-2.7,0,10,79.73,Corporate,Furniture,West
JB-15400,Jennifer Braxton,4,13.84,0.8,-22.14,0,10,79.73,Corporate,Office Supplies,Central
JB-15400,Jennifer Braxton,4,175.87,0.2,63.75,0,10,79.73,Corporate,Office Supplies,Central
JB-15925,Joni Blumstein,6,250.26,0.0,72.58,0,3,54.86,Consumer,Office Supplies,West
JB-15925,Joni Blumstein,4,22.37,0.2,6.43,0,3,54.86,Consumer,Technology,Central
JB-15925,Joni Blumstein,2,5.58,0.2,1.81,0,3,54.86,Consumer,Office Supplies,East
JB-15925,Joni Blumstein,6,22.7,0.2,8.23,0,3,54.86,Consumer,Office Supplies,East
JB-15925,Joni Blumstein,4,19.78,0.7,-13.84,0,3,54.86,Consumer,Office Supplies,East
JB-15925,Joni Blumstein,4,72.7,0.2,19.08,0,3,54.86,Consumer,Furniture,East
JB-15925,Joni Blumstein,4,479.99,0.7,-383.99,0,3,54.86,Consumer,Technology,East
JB-15925,Joni Blumstein,2,27.17,0.2,2.72,0,3,54.86,Consumer,Office Supplies,East
JB-16000,Joy Bell-,5,24.85,0.0,7.7,0,7,112.83,Consumer,Furniture,West
JB-16000,Joy Bell-,8,23.62,0.2,7.97,0,7,112.83,Consumer,Office Supplies,East
JB-16000,Joy Bell-,3,174.3,0.0,81.92,0,7,112.83,Consumer,Office Supplies,East
JB-16000,Joy Bell-,2,17.48,0.0,8.22,0,7,112.83,Consumer,Office Supplies,Central
JB-16000,Joy Bell-,9,56.7,0.0,26.08,0,7,112.83,Consumer,Office Supplies,West
JB-16000,Joy Bell-,3,19.44,0.0,9.33,0,7,112.83,Consumer,Office Supplies,West
JB-16000,Joy Bell-,2,327.73,0.32,-14.46,0,7,112.83,Consumer,Furniture,Central
JB-16045,Julia Barnett,6,665.88,0.0,106.54,0,5,120.62,Home Office,Furniture,West
JB-16045,Julia Barnett,2,431.94,0.4,-71.99,0,5,120.62,Home Office,Technology,East
JB-16045,Julia Barnett,1,2.04,0.7,-1.5,0,5,120.62,Home Office,Office Supplies,East
JB-16045,Julia Barnett,3,68.24,0.4,-12.51,0,5,120.62,Home Office,Technology,East
JB-16045,Julia Barnett,4,24.96,0.0,6.24,0,5,120.62,Home Office,Furniture,South
JB-16045,Julia Barnett,2,19.36,0.0,9.29,0,5,120.62,Home Office,Office Supplies,South
JB-16045,Julia Barnett,9,1267.65,0.0,152.12,0,5,120.62,Home Office,Office Supplies,South
JB-16045,Julia Barnett,3,10.58,0.2,3.44,0,5,120.62,Home Office,Office Supplies,East
JB-16045,Julia Barnett,2,27.46,0.0,9.89,0,5,120.62,Home Office,Furniture,East
JC-15340,Jasper Cacioppo,1,3.93,0.2,1.33,0,4,439.33,Consumer,Office Supplies,East
JC-15340,Jasper Cacioppo,5,9.56,0.7,-7.33,0,4,439.33,Consumer,Office Supplies,East
JC-15340,Jasper Cacioppo,3,9.84,0.0,3.25,0,4,439.33,Consumer,Office Supplies,West
JC-15340,Jasper Cacioppo,3,47.94,0.0,2.4,0,4,439.33,Consumer,Furniture,West
JC-15385,Jenna Caffey,2,198.46,0.0,99.23,0,1,0.0,Consumer,Furniture,West
JC-15385,Jenna Caffey,8,786.48,0.0,385.38,0,1,0.0,Consumer,Office Supplies,West
JC-15385,Jenna Caffey,2,23.17,0.2,7.82,0,1,0.0,Consumer,Office Supplies,West
JC-15385,Jenna Caffey,2,50.0,0.0,10.5,0,1,0.0,Consumer,Technology,West
JC-15775,John Castell,5,142.4,0.0,52.69,0,9,69.67,Consumer,Furniture,South
JC-15775,John Castell,2,7.16,0.0,3.44,0,9,69.67,Consumer,Office Supplies,South
JC-15775,John Castell,6,17.28,0.0,7.95,0,9,69.67,Consumer,Office Supplies,East
JC-15775,John Castell,2,249.58,0.2,15.6,0,9,69.67,Consumer,Technology,West
JC-15775,John Castell,3,17.94,0.0,8.79,0,9,69.67,Consumer,Office Supplies,West
JC-15775,John Castell,3,10.11,0.0,3.24,0,9,69.67,Consumer,Furniture,West
JC-15775,John Castell,7,705.54,0.2,70.55,0,9,69.67,Consumer,Technology,South
JC-15775,John Castell,3,470.38,0.2,47.04,0,9,69.67,Consumer,Technology,Central
JC-15775,John Castell,9,42.93,0.0,19.32,0,9,69.67,Consumer,Office Supplies,East
JC-15775,John Castell,4,195.64,0.0,91.95,0,9,69.67,Consumer,Office Supplies,South
JC-15775,John Castell,3,436.0,0.15,5.13,0,9,69.67,Consumer,Furniture,West
JC-15775,John Castell,4,20.1,0.2,3.01,0,9,69.67,Consumer,Furniture,East
JC-15775,John Castell,3,37.75,0.2,4.25,0,9,69.67,Consumer,Office Supplies,East
JC-15775,John Castell,1,138.59,0.4,-34.65,0,9,69.67,Consumer,Furniture,East
JC-15775,John Castell,5,259.92,0.2,-25.99,0,9,69.67,Consumer,Office Supplies,East
JC-15775,John Castell,4,20.74,0.2,7.26,0,9,69.67,Consumer,Office Supplies,East
JC-16105,Julie Creighton,5,67.15,0.0,16.79,0,5,135.12,Corporate,Office Supplies,Central
JC-16105,Julie Creighton,1,142.86,0.0,41.43,0,5,135.12,Corporate,Office Supplies,West
JC-16105,Julie Creighton,6,292.27,0.2,18.27,0,5,135.12,Corporate,Furniture,West
JC-16105,Julie Creighton,7,200.98,0.2,62.81,0,5,135.12,Corporate,Office Supplies,South
JC-16105,Julie Creighton,2,11.56,0.0,5.66,0,5,135.12,Corporate,Office Supplies,East
JC-16105,Julie Creighton,5,26.4,0.0,11.88,0,5,135.12,Corporate,Office Supplies,East
JC-16105,Julie Creighton,11,69.08,0.0,29.01,0,5,135.12,Corporate,Furniture,East
JC-16105,Julie Creighton,3,35.88,0.0,10.05,0,5,135.12,Corporate,Technology,East
JC-16105,Julie Creighton,3,12.39,0.0,5.7,0,5,135.12,Corporate,Office Supplies,South
JD-15790,John Dryer,3,71.98,0.2,24.29,0,5,147.67,Consumer,Technology,West
JD-15790,John Dryer,6,1801.63,0.2,-337.81,0,5,147.67,Consumer,Office Supplies,South
JD-15790,John Dryer,2,227.96,0.0,36.47,0,5,147.67,Consumer,Furniture,East
JD-15790,John Dryer,2,10.69,0.2,3.74,0,5,147.67,Consumer,Office Supplies,Central
JD-15790,John Dryer,7,10.19,0.2,3.18,0,5,147.67,Consumer,Office Supplies,Central
JD-15790,John Dryer,1,16.78,0.2,-0.21,0,5,147.67,Consumer,Office Supplies,Central
JD-15790,John Dryer,5,13.12,0.2,3.77,0,5,147.67,Consumer,Office Supplies,Central
JD-15895,Jonathan Doherty,3,66.3,0.0,8.62,0,11,31.65,Corporate,Technology,West
JD-15895,Jonathan Doherty,4,17.86,0.2,1.12,0,11,31.65,Corporate,Office Supplies,East
JD-15895,Jonathan Doherty,10,509.97,0.7,-407.98,0,11,31.65,Corporate,Office Supplies,East
JD-15895,Jonathan Doherty,13,30.99,0.2,10.07,0,11,31.65,Corporate,Office Supplies,East
JD-15895,Jonathan Doherty,12,71.93,0.4,8.39,0,11,31.65,Corporate,Technology,East
JD-15895,Jonathan Doherty,2,41.94,0.0,15.1,0,11,31.65,Corporate,Technology,West
JD-15895,Jonathan Doherty,2,11.96,0.0,5.86,0,11,31.65,Corporate,Office Supplies,West
JD-15895,Jonathan Doherty,4,13.12,0.0,3.8,0,11,31.65,Corporate,Office Supplies,West
JD-15895,Jonathan Doherty,3,535.41,0.0,160.62,0,11,31.65,Corporate,Office Supplies,West
JD-15895,Jonathan Doherty,5,32.4,0.0,15.88,0,11,31.65,Corporate,Office Supplies,West
JD-15895,Jonathan Doherty,2,97.88,0.0,48.94,0,11,31.65,Corporate,Office Supplies,West
JD-15895,Jonathan Doherty,5,43.12,0.2,15.09,0,11,31.65,Corporate,Office Supplies,East
JD-15895,Jonathan Doherty,3,313.72,0.4,-99.35,0,11,31.65,Corporate,Furniture,East
JD-15895,Jonathan Doherty,1,45.98,0.0,7.82,0,11,31.65,Corporate,Furniture,East
JD-15895,Jonathan Doherty,7,428.68,0.0,0.0,0,11,31.65,Corporate,Office Supplies,East
JD-15895,Jonathan Doherty,2,408.01,0.1,72.53,0,11,31.65,Corporate,Furniture,East
JD-15895,Jonathan Doherty,4,165.28,0.0,14.88,0,11,31.65,Corporate,Furniture,East
JD-15895,Jonathan Doherty,5,10.2,0.0,4.79,0,11,31.65,Corporate,Office Supplies,South
JD-15895,Jonathan Doherty,3,22.32,0.0,5.58,0,11,31.65,Corporate,Office Supplies,South
JD-15895,Jonathan Doherty,5,24.1,0.0,11.09,0,11,31.65,Corporate,Office Supplies,South
JD-15895,Jonathan Doherty,2,75.98,0.0,18.24,0,11,31.65,Corporate,Technology,South
JD-15895,Jonathan Doherty,2,6.46,0.0,3.17,0,11,31.65,Corporate,Office Supplies,South
JD-15895,Jonathan Doherty,9,60.12,0.0,28.86,0,11,31.65,Corporate,Office Supplies,South
JD-15895,Jonathan Doherty,2,82.8,0.2,10.35,0,11,31.65,Corporate,Furniture,East
JD-15895,Jonathan Doherty,5,32.4,0.0,15.55,0,11,31.65,Corporate,Office Supplies,East
JD-15895,Jonathan Doherty,8,1082.48,0.0,10.82,0,11,31.65,Corporate,Office Supplies,East
JD-15895,Jonathan Doherty,3,56.91,0.0,27.32,0,11,31.65,Corporate,Office Supplies,East
JD-15895,Jonathan Doherty,4,77.6,0.0,38.02,0,11,31.65,Corporate,Furniture,East
JD-15895,Jonathan Doherty,1,14.28,0.0,6.57,0,11,31.65,Corporate,Office Supplies,East
JD-15895,Jonathan Doherty,7,1085.42,0.0,282.21,0,11,31.65,Corporate,Office Supplies,West
JD-15895,Jonathan Doherty,7,2104.55,0.0,694.5,0,11,31.65,Corporate,Office Supplies,South
JD-15895,Jonathan Doherty,5,40.7,0.0,11.8,0,11,31.65,Corporate,Office Supplies,South
JD-16015,Joy Daniels,4,29.24,0.0,13.74,0,6,107.1,Consumer,Office Supplies,West
JD-16015,Joy Daniels,5,83.92,0.2,-13.64,0,6,107.1,Consumer,Office Supplies,East
JD-16015,Joy Daniels,4,5.1,0.8,-8.68,0,6,107.1,Consumer,Office Supplies,Central
JD-16015,Joy Daniels,2,2.9,0.2,0.47,0,6,107.1,Consumer,Office Supplies,Central
JD-16015,Joy Daniels,3,35.02,0.2,-2.19,0,6,107.1,Consumer,Technology,Central
JD-16015,Joy Daniels,2,56.7,0.2,19.14,0,6,107.1,Consumer,Office Supplies,Central
JD-16015,Joy Daniels,2,11.12,0.2,3.48,0,6,107.1,Consumer,Technology,Central
JD-16015,Joy Daniels,6,132.6,0.0,17.24,0,6,107.1,Consumer,Technology,East
JD-16015,Joy Daniels,6,17.71,0.2,5.98,0,6,107.1,Consumer,Office Supplies,East
JD-16015,Joy Daniels,3,4.86,0.7,-3.56,0,6,107.1,Consumer,Office Supplies,East
JD-16015,Joy Daniels,2,6.26,0.7,-5.22,0,6,107.1,Consumer,Office Supplies,East
JD-16060,Julia Dunbar,4,211.96,0.0,8.48,0,3,178.6,Consumer,Office Supplies,West
JD-16060,Julia Dunbar,2,107.77,0.3,-29.25,0,3,178.6,Consumer,Furniture,Central
JD-16060,Julia Dunbar,2,7.9,0.0,2.53,0,3,178.6,Consumer,Office Supplies,Central
JD-16060,Julia Dunbar,4,221.16,0.0,57.5,0,3,178.6,Consumer,Office Supplies,Central
JD-16060,Julia Dunbar,2,127.96,0.0,62.7,0,3,178.6,Consumer,Office Supplies,Central
JD-16060,Julia Dunbar,3,18.69,0.0,9.16,0,3,178.6,Consumer,Office Supplies,Central
JD-16150,Justin Deggeller,4,79.97,0.2,-17.99,0,8,68.69,Corporate,Technology,West
JD-16150,Justin Deggeller,3,305.97,0.15,25.2,0,8,68.69,Corporate,Furniture,West
JD-16150,Justin Deggeller,3,344.91,0.0,10.35,0,8,68.69,Corporate,Office Supplies,West
JD-16150,Justin Deggeller,4,105.52,0.0,48.54,0,8,68.69,Corporate,Office Supplies,West
JD-16150,Justin Deggeller,2,91.96,0.0,15.63,0,8,68.69,Corporate,Furniture,West
JD-16150,Justin Deggeller,3,1487.98,0.2,186.0,0,8,68.69,Corporate,Technology,West
JD-16150,Justin Deggeller,3,83.97,0.0,23.51,0,8,68.69,Corporate,Technology,East
JD-16150,Justin Deggeller,3,104.97,0.0,7.35,0,8,68.69,Corporate,Technology,East
JD-16150,Justin Deggeller,4,547.14,0.2,-68.39,0,8,68.69,Corporate,Furniture,East
JD-16150,Justin Deggeller,4,20.42,0.2,6.64,0,8,68.69,Corporate,Office Supplies,West
JD-16150,Justin Deggeller,3,1128.39,0.0,259.53,0,8,68.69,Corporate,Furniture,West
JD-16150,Justin Deggeller,3,18.84,0.0,6.03,0,8,68.69,Corporate,Furniture,Central
JD-16150,Justin Deggeller,1,90.99,0.0,14.56,0,8,68.69,Corporate,Furniture,Central
JD-16150,Justin Deggeller,7,1526.56,0.0,427.44,0,8,68.69,Corporate,Furniture,Central
JD-16150,Justin Deggeller,3,368.97,0.0,40.59,0,8,68.69,Corporate,Furniture,Central
JD-16150,Justin Deggeller,3,16.74,0.0,8.37,0,8,68.69,Corporate,Office Supplies,East
JD-16150,Justin Deggeller,7,2504.74,0.0,626.18,0,8,68.69,Corporate,Office Supplies,East
JE-15475,Jeremy Ellison,2,171.96,0.0,44.71,0,6,68.92,Consumer,Furniture,West
JE-15475,Jeremy Ellison,3,29.79,0.0,12.51,0,6,68.92,Consumer,Office Supplies,East
JE-15475,Jeremy Ellison,3,40.2,0.0,19.3,0,6,68.92,Consumer,Furniture,East
JE-15475,Jeremy Ellison,6,6.22,0.8,-9.63,0,6,68.92,Consumer,Office Supplies,Central
JE-15475,Jeremy Ellison,9,23.62,0.2,2.66,0,6,68.92,Consumer,Office Supplies,Central
JE-15475,Jeremy Ellison,2,24.03,0.2,-0.6,0,6,68.92,Consumer,Technology,Central
JE-15475,Jeremy Ellison,1,2.09,0.2,0.68,0,6,68.92,Consumer,Office Supplies,Central
JE-15475,Jeremy Ellison,6,4.49,0.8,-6.73,0,6,68.92,Consumer,Office Supplies,Central
JE-15475,Jeremy Ellison,2,72.64,0.0,21.79,0,6,68.92,Consumer,Technology,West
JE-15475,Jeremy Ellison,3,772.47,0.0,146.77,0,6,68.92,Consumer,Technology,West
JE-15475,Jeremy Ellison,4,39.92,0.0,11.18,0,6,68.92,Consumer,Furniture,West
JE-15475,Jeremy Ellison,5,149.95,0.0,14.99,0,6,68.92,Consumer,Technology,East
JE-15475,Jeremy Ellison,3,51.31,0.2,18.6,0,6,68.92,Consumer,Office Supplies,East
JE-15610,Jim Epp,4,22.92,0.0,11.0,0,7,59.21,Corporate,Office Supplies,East
JE-15610,Jim Epp,5,269.9,0.0,16.19,0,7,59.21,Corporate,Office Supplies,East
JE-15610,Jim Epp,5,1123.92,0.2,-182.64,0,7,59.21,Corporate,Furniture,South
JE-15610,Jim Epp,2,249.58,0.2,31.2,0,7,59.21,Corporate,Technology,South
JE-15610,Jim Epp,3,48.67,0.2,7.3,0,7,59.21,Corporate,Furniture,South
JE-15610,Jim Epp,2,60.77,0.2,7.6,0,7,59.21,Corporate,Office Supplies,South
JE-15610,Jim Epp,5,78.6,0.7,-62.88,0,7,59.21,Corporate,Office Supplies,South
JE-15610,Jim Epp,2,3.77,0.7,-3.14,0,7,59.21,Corporate,Office Supplies,South
JE-15610,Jim Epp,2,1036.62,0.2,51.83,0,7,59.21,Corporate,Office Supplies,South
JE-15610,Jim Epp,4,563.81,0.2,21.14,0,7,59.21,Corporate,Office Supplies,South
JE-15610,Jim Epp,2,222.38,0.2,22.24,0,7,59.21,Corporate,Technology,West
JE-15610,Jim Epp,1,34.54,0.0,17.27,0,7,59.21,Corporate,Office Supplies,South
JE-15610,Jim Epp,5,2999.95,0.0,1439.98,0,7,59.21,Corporate,Technology,South
JE-15610,Jim Epp,4,64.12,0.0,30.78,0,7,59.21,Corporate,Office Supplies,South
JE-15610,Jim Epp,4,219.84,0.0,107.72,0,7,59.21,Corporate,Office Supplies,Central
JE-15610,Jim Epp,6,98.16,0.0,9.82,0,7,59.21,Corporate,Technology,Central
JE-15610,Jim Epp,8,33.04,0.0,15.53,0,7,59.21,Corporate,Office Supplies,Central
JE-15610,Jim Epp,3,86.97,0.0,25.22,0,7,59.21,Corporate,Technology,Central
JE-15610,Jim Epp,3,523.39,0.2,52.34,0,7,59.21,Corporate,Furniture,West
JE-15610,Jim Epp,4,14.02,0.2,4.91,0,7,59.21,Corporate,Office Supplies,West
JE-15715,Joe Elijah,3,25.68,0.8,-39.8,0,10,56.05,Consumer,Office Supplies,Central
JE-15715,Joe Elijah,3,12.38,0.8,-19.81,0,10,56.05,Consumer,Office Supplies,Central
JE-15715,Joe Elijah,4,49.12,0.0,23.09,0,10,56.05,Consumer,Office Supplies,West
JE-15715,Joe Elijah,7,36.29,0.2,12.7,0,10,56.05,Consumer,Office Supplies,Central
JE-15715,Joe Elijah,2,150.38,0.2,15.04,0,10,56.05,Consumer,Technology,Central
JE-15715,Joe Elijah,2,19.97,0.7,-13.31,0,10,56.05,Consumer,Office Supplies,West
JE-15715,Joe Elijah,7,33.49,0.2,-1.26,0,10,56.05,Consumer,Office Supplies,West
JE-15715,Joe Elijah,4,8.74,0.7,-6.12,0,10,56.05,Consumer,Office Supplies,West
JE-15715,Joe Elijah,3,662.88,0.2,74.57,0,10,56.05,Consumer,Furniture,West
JE-15715,Joe Elijah,7,22.91,0.7,-17.57,0,10,56.05,Consumer,Office Supplies,South
JE-15715,Joe Elijah,9,309.46,0.2,34.81,0,10,56.05,Consumer,Office Supplies,South
JE-15715,Joe Elijah,4,19.46,0.2,3.4,0,10,56.05,Consumer,Office Supplies,South
JE-15715,Joe Elijah,3,472.52,0.4,-149.63,0,10,56.05,Consumer,Furniture,South
JE-15715,Joe Elijah,3,1012.68,0.2,303.8,0,10,56.05,Consumer,Technology,South
JE-15715,Joe Elijah,5,17.22,0.7,-12.63,0,10,56.05,Consumer,Office Supplies,South
JE-15715,Joe Elijah,3,698.35,0.2,52.38,0,10,56.05,Consumer,Furniture,West
JE-15715,Joe Elijah,5,1747.25,0.0,629.01,0,10,56.05,Consumer,Furniture,West
JE-15715,Joe Elijah,8,2563.06,0.1,313.26,0,10,56.05,Consumer,Furniture,East
JE-15715,Joe Elijah,3,698.35,0.2,52.38,0,10,56.05,Consumer,Furniture,South
JE-15715,Joe Elijah,2,77.73,0.2,-3.89,0,10,56.05,Consumer,Furniture,South
JE-15715,Joe Elijah,2,25.7,0.2,1.93,0,10,56.05,Consumer,Office Supplies,East
JE-15715,Joe Elijah,8,34.24,0.0,9.93,0,10,56.05,Consumer,Office Supplies,West
JE-15745,Joel Eaton,6,196.75,0.2,56.57,0,13,56.18,Consumer,Technology,West
JE-15745,Joel Eaton,5,19.3,0.6,-14.48,0,13,56.18,Consumer,Furniture,Central
JE-15745,Joel Eaton,8,831.94,0.2,-114.39,0,13,56.18,Consumer,Furniture,South
JE-15745,Joel Eaton,2,97.04,0.2,1.21,0,13,56.18,Consumer,Furniture,South
JE-15745,Joel Eaton,1,72.78,0.2,-18.2,0,13,56.18,Consumer,Office Supplies,South
JE-15745,Joel Eaton,8,20.77,0.8,-52.96,0,13,56.18,Consumer,Office Supplies,Central
JE-15745,Joel Eaton,3,263.88,0.2,42.88,0,13,56.18,Consumer,Technology,Central
JE-15745,Joel Eaton,5,2453.43,0.3,-350.49,0,13,56.18,Consumer,Furniture,Central
JE-15745,Joel Eaton,7,396.8,0.3,-11.34,0,13,56.18,Consumer,Furniture,East
JE-15745,Joel Eaton,5,15.88,0.2,-3.77,0,13,56.18,Consumer,Office Supplies,East
JE-15745,Joel Eaton,2,61.96,0.0,27.88,0,13,56.18,Consumer,Office Supplies,West
JE-15745,Joel Eaton,3,154.44,0.0,1.54,0,13,56.18,Consumer,Office Supplies,West
JE-15745,Joel Eaton,2,172.5,0.0,51.75,0,13,56.18,Consumer,Furniture,East
JE-15745,Joel Eaton,3,179.97,0.0,44.99,0,13,56.18,Consumer,Technology,East
JE-15745,Joel Eaton,4,205.92,0.0,2.06,0,13,56.18,Consumer,Office Supplies,West
JE-15745,Joel Eaton,1,102.83,0.15,-6.05,0,13,56.18,Consumer,Furniture,West
JE-15745,Joel Eaton,2,301.96,0.0,90.59,0,13,56.18,Consumer,Furniture,South
JE-15745,Joel Eaton,3,180.66,0.0,50.58,0,13,56.18,Consumer,Office Supplies,South
JE-15745,Joel Eaton,2,191.98,0.0,51.83,0,13,56.18,Consumer,Technology,South
JE-15745,Joel Eaton,1,65.99,0.0,17.16,0,13,56.18,Consumer,Technology,South
JE-15745,Joel Eaton,4,691.96,0.0,318.3,0,13,56.18,Consumer,Office Supplies,South
JE-15745,Joel Eaton,5,34.95,0.0,15.38,0,13,56.18,Consumer,Technology,South
JE-15745,Joel Eaton,8,47.12,0.0,20.73,0,13,56.18,Consumer,Furniture,West
JE-16165,Justin Ellison,11,384.45,0.0,103.8,0,3,61.67,Corporate,Technology,Central
JE-16165,Justin Ellison,3,149.97,0.0,6.0,0,3,61.67,Corporate,Technology,Central
JE-16165,Justin Ellison,8,1951.84,0.0,585.55,0,3,61.67,Corporate,Furniture,Central
JE-16165,Justin Ellison,5,171.55,0.0,80.63,0,3,61.67,Corporate,Office Supplies,Central
JE-16165,Justin Ellison,1,3.75,0.0,1.8,0,3,61.67,Corporate,Office Supplies,West
JE-16165,Justin Ellison,4,20.93,0.2,7.59,0,3,61.67,Corporate,Office Supplies,West
JE-16165,Justin Ellison,2,14.76,0.0,4.28,0,3,61.67,Corporate,Furniture,South
JF-15190,Jamie Frazer,3,4.22,0.2,0.48,0,7,59.78,Consumer,Office Supplies,South
JF-15190,Jamie Frazer,2,333.06,0.2,29.14,0,7,59.78,Consumer,Office Supplies,South
JF-15190,Jamie Frazer,4,24.9,0.2,7.78,0,7,59.78,Consumer,Office Supplies,South
JF-15190,Jamie Frazer,1,39.98,0.0,17.99,0,7,59.78,Consumer,Office Supplies,East
JF-15190,Jamie Frazer,3,415.18,0.2,134.93,0,7,59.78,Consumer,Office Supplies,East
JF-15190,Jamie Frazer,3,35.23,0.2,11.45,0,7,59.78,Consumer,Office Supplies,East
JF-15190,Jamie Frazer,1,54.96,0.0,26.93,0,7,59.78,Consumer,Office Supplies,East
JF-15190,Jamie Frazer,11,153.78,0.0,44.6,0,7,59.78,Consumer,Office Supplies,West
JF-15190,Jamie Frazer,3,61.02,0.0,0.61,0,7,59.78,Consumer,Office Supplies,West
JF-15190,Jamie Frazer,7,110.11,0.0,31.93,0,7,59.78,Consumer,Office Supplies,West
JF-15190,Jamie Frazer,1,7.89,0.0,3.55,0,7,59.78,Consumer,Office Supplies,West
JF-15190,Jamie Frazer,3,25.11,0.0,6.53,0,7,59.78,Consumer,Furniture,West
JF-15190,Jamie Frazer,5,274.8,0.0,134.65,0,7,59.78,Consumer,Office Supplies,East
JF-15190,Jamie Frazer,4,195.64,0.0,3.91,0,7,59.78,Consumer,Office Supplies,East
JF-15190,Jamie Frazer,2,257.98,0.0,74.81,0,7,59.78,Consumer,Technology,East
JF-15190,Jamie Frazer,6,119.04,0.0,48.81,0,7,59.78,Consumer,Office Supplies,East
JF-15190,Jamie Frazer,3,33.28,0.7,-27.73,0,7,59.78,Consumer,Office Supplies,East
JF-15190,Jamie Frazer,5,118.65,0.4,19.78,0,7,59.78,Consumer,Technology,East
JF-15190,Jamie Frazer,5,14.76,0.2,4.98,0,7,59.78,Consumer,Office Supplies,East
JF-15295,Jason Fortune-,4,33.09,0.2,11.17,0,5,89.38,Consumer,Office Supplies,West
JF-15295,Jason Fortune-,1,80.98,0.0,3.24,0,5,89.38,Consumer,Office Supplies,West
JF-15295,Jason Fortune-,12,82.8,0.0,6.62,0,5,89.38,Consumer,Technology,West
JF-15295,Jason Fortune-,2,21.36,0.0,5.77,0,5,89.38,Consumer,Office Supplies,West
JF-15295,Jason Fortune-,2,62.05,0.2,20.17,0,5,89.38,Consumer,Office Supplies,West
JF-15295,Jason Fortune-,3,19.44,0.0,9.33,0,5,89.38,Consumer,Office Supplies,West
JF-15295,Jason Fortune-,3,194.35,0.2,-36.44,0,5,89.38,Consumer,Furniture,West
JF-15295,Jason Fortune-,3,36.62,0.2,13.73,0,5,89.38,Consumer,Office Supplies,West
JF-15295,Jason Fortune-,2,11.68,0.0,3.5,0,5,89.38,Consumer,Office Supplies,Central
JF-15295,Jason Fortune-,2,39.96,0.0,17.18,0,5,89.38,Consumer,Furniture,West
JF-15295,Jason Fortune-,2,42.62,0.2,4.26,0,5,89.38,Consumer,Furniture,West
JF-15295,Jason Fortune-,1,220.96,0.2,24.86,0,5,89.38,Consumer,Furniture,West
JF-15295,Jason Fortune-,1,95.99,0.2,9.6,0,5,89.38,Consumer,Technology,Central
JF-15295,Jason Fortune-,4,13.22,0.2,4.3,0,5,89.38,Consumer,Office Supplies,Central
JF-15355,Jay Fein,9,148.32,0.0,63.78,0,6,46.27,Consumer,Technology,West
JF-15355,Jay Fein,1,240.78,0.2,27.09,0,6,46.27,Consumer,Furniture,West
JF-15355,Jay Fein,7,191.97,0.2,16.8,0,6,46.27,Consumer,Furniture,West
JF-15355,Jay Fein,2,11.56,0.0,5.66,0,6,46.27,Consumer,Office Supplies,West
JF-15355,Jay Fein,4,11.8,0.0,5.66,0,6,46.27,Consumer,Office Supplies,West
JF-15355,Jay Fein,3,842.35,0.2,42.12,0,6,46.27,Consumer,Furniture,West
JF-15355,Jay Fein,2,14.2,0.0,6.53,0,6,46.27,Consumer,Office Supplies,South
JF-15355,Jay Fein,2,12.96,0.0,6.22,0,6,46.27,Consumer,Office Supplies,South
JF-15355,Jay Fein,2,58.34,0.0,28.0,0,6,46.27,Consumer,Office Supplies,South
JF-15355,Jay Fein,3,32.67,0.0,8.49,0,6,46.27,Consumer,Office Supplies,East
JF-15355,Jay Fein,7,66.36,0.0,26.54,0,6,46.27,Consumer,Furniture,West
JF-15355,Jay Fein,6,92.88,0.2,30.19,0,6,46.27,Consumer,Office Supplies,West
JF-15355,Jay Fein,2,24.14,0.0,7.97,0,6,46.27,Consumer,Furniture,West
JF-15355,Jay Fein,5,89.95,0.0,43.18,0,6,46.27,Consumer,Technology,East
JF-15355,Jay Fein,2,17.57,0.2,6.37,0,6,46.27,Consumer,Office Supplies,Central
JF-15355,Jay Fein,1,55.99,0.2,5.6,0,6,46.27,Consumer,Technology,Central
JF-15415,Jennifer Ferguson,2,62.02,0.2,22.48,0,6,99.23,Consumer,Office Supplies,Central
JF-15415,Jennifer Ferguson,2,11.56,0.0,5.66,0,6,99.23,Consumer,Office Supplies,Central
JF-15415,Jennifer Ferguson,6,239.94,0.0,26.39,0,6,99.23,Consumer,Technology,West
JF-15415,Jennifer Ferguson,8,23.84,0.0,6.44,0,6,99.23,Consumer,Office Supplies,West
JF-15415,Jennifer Ferguson,4,79.36,0.0,23.81,0,6,99.23,Consumer,Office Supplies,West
JF-15415,Jennifer Ferguson,2,177.57,0.2,8.88,0,6,99.23,Consumer,Furniture,West
JF-15415,Jennifer Ferguson,3,19.44,0.0,9.33,0,6,99.23,Consumer,Office Supplies,West
JF-15415,Jennifer Ferguson,11,71.28,0.0,34.21,0,6,99.23,Consumer,Office Supplies,West
JF-15415,Jennifer Ferguson,5,1471.96,0.2,459.99,0,6,99.23,Consumer,Office Supplies,West
JF-15415,Jennifer Ferguson,5,79.96,0.2,-17.99,0,6,99.23,Consumer,Technology,West
JF-15415,Jennifer Ferguson,7,72.45,0.0,34.78,0,6,99.23,Consumer,Office Supplies,East
JF-15415,Jennifer Ferguson,4,13.96,0.0,6.42,0,6,99.23,Consumer,Office Supplies,East
JF-15415,Jennifer Ferguson,7,33.26,0.2,11.23,0,6,99.23,Consumer,Office Supplies,East
JF-15415,Jennifer Ferguson,3,14.85,0.0,4.01,0,6,99.23,Consumer,Technology,East
JF-15490,Jeremy Farry,3,13.44,0.0,6.59,0,11,74.79,Consumer,Office Supplies,West
JF-15490,Jeremy Farry,3,230.28,0.2,23.03,0,11,74.79,Consumer,Furniture,West
JF-15490,Jeremy Farry,3,12.84,0.0,5.78,0,11,74.79,Consumer,Office Supplies,West
JF-15490,Jeremy Farry,1,66.29,0.7,-103.86,0,11,74.79,Consumer,Furniture,West
JF-15490,Jeremy Farry,4,291.17,0.2,-14.56,0,11,74.79,Consumer,Furniture,West
JF-15490,Jeremy Farry,2,205.16,0.1,13.68,0,11,74.79,Consumer,Furniture,East
JF-15490,Jeremy Farry,2,3.96,0.0,0.0,0,11,74.79,Consumer,Office Supplies,West
JF-15490,Jeremy Farry,1,2.61,0.0,1.2,0,11,74.79,Consumer,Office Supplies,West
JF-15490,Jeremy Farry,2,17.46,0.2,5.89,0,11,74.79,Consumer,Office Supplies,West
JF-15490,Jeremy Farry,3,14.73,0.0,7.22,0,11,74.79,Consumer,Office Supplies,South
JF-15490,Jeremy Farry,2,3.52,0.0,1.02,0,11,74.79,Consumer,Office Supplies,East
JF-15490,Jeremy Farry,2,10.37,0.2,3.63,0,11,74.79,Consumer,Office Supplies,East
JF-15490,Jeremy Farry,4,191.97,0.2,28.8,0,11,74.79,Consumer,Technology,Central
JF-15490,Jeremy Farry,1,10.74,0.2,0.81,0,11,74.79,Consumer,Office Supplies,West
JF-15490,Jeremy Farry,3,8.38,0.2,2.72,0,11,74.79,Consumer,Office Supplies,West
JF-15565,Jill Fjeld,2,281.9,0.2,10.57,0,8,74.8,Consumer,Office Supplies,East
JF-15565,Jill Fjeld,3,201.43,0.2,67.98,0,8,74.8,Consumer,Office Supplies,East
JF-15565,Jill Fjeld,6,479.95,0.2,89.99,0,8,74.8,Consumer,Technology,Central
JF-15565,Jill Fjeld,5,204.85,0.0,57.36,0,8,74.8,Consumer,Furniture,West
JF-15565,Jill Fjeld,3,326.65,0.1,39.92,0,8,74.8,Consumer,Furniture,East
JF-15565,Jill Fjeld,3,89.97,0.0,39.59,0,8,74.8,Consumer,Technology,East
JF-15565,Jill Fjeld,4,11.17,0.2,3.63,0,8,74.8,Consumer,Office Supplies,Central
JF-15565,Jill Fjeld,3,53.95,0.2,17.53,0,8,74.8,Consumer,Office Supplies,Central
JF-15565,Jill Fjeld,8,1599.92,0.0,751.96,0,8,74.8,Consumer,Technology,South
JF-15565,Jill Fjeld,1,11.09,0.0,5.43,0,8,74.8,Consumer,Office Supplies,South
JF-15565,Jill Fjeld,6,106.08,0.2,-9.28,0,8,74.8,Consumer,Technology,Central
JF-15565,Jill Fjeld,3,499.58,0.2,43.71,0,8,74.8,Consumer,Office Supplies,South
JF-15565,Jill Fjeld,6,31.1,0.2,10.89,0,8,74.8,Consumer,Office Supplies,South
JF-15565,Jill Fjeld,8,13.27,0.7,-10.62,0,8,74.8,Consumer,Office Supplies,South
JF-15565,Jill Fjeld,2,28.27,0.2,6.36,0,8,74.8,Consumer,Furniture,South
JF-15565,Jill Fjeld,4,259.14,0.2,-51.83,0,8,74.8,Consumer,Office Supplies,South
JG-15115,Jack Garza,2,246.38,0.2,27.72,0,3,73.0,Consumer,Technology,West
JG-15115,Jack Garza,3,1799.97,0.0,701.99,0,3,73.0,Consumer,Technology,West
JG-15115,Jack Garza,3,23.47,0.2,4.99,0,3,73.0,Consumer,Technology,South
JG-15115,Jack Garza,3,77.95,0.2,12.67,0,3,73.0,Consumer,Furniture,South
JG-15115,Jack Garza,5,95.97,0.7,-73.58,0,3,73.0,Consumer,Office Supplies,South
JG-15115,Jack Garza,2,105.58,0.2,9.24,0,3,73.0,Consumer,Technology,South
JG-15115,Jack Garza,2,9.34,0.2,1.17,0,3,73.0,Consumer,Office Supplies,South
JG-15160,James Galang,4,70.37,0.2,26.39,0,11,77.0,Consumer,Office Supplies,East
JG-15160,James Galang,3,1214.85,0.0,352.31,0,11,77.0,Consumer,Technology,East
JG-15160,James Galang,4,21.97,0.6,-15.93,0,11,77.0,Consumer,Furniture,Central
JG-15160,James Galang,6,619.15,0.2,69.65,0,11,77.0,Consumer,Technology,Central
JG-15160,James Galang,7,127.9,0.2,41.57,0,11,77.0,Consumer,Office Supplies,Central
JG-15160,James Galang,5,675.96,0.2,84.49,0,11,77.0,Consumer,Technology,West
JG-15160,James Galang,3,1265.85,0.0,556.97,0,11,77.0,Consumer,Technology,West
JG-15160,James Galang,5,73.2,0.0,21.23,0,11,77.0,Consumer,Office Supplies,South
JG-15160,James Galang,3,17.94,0.0,8.79,0,11,77.0,Consumer,Office Supplies,South
JG-15160,James Galang,3,13.89,0.0,4.58,0,11,77.0,Consumer,Office Supplies,South
JG-15160,James Galang,3,191.82,0.0,74.81,0,11,77.0,Consumer,Furniture,South
JG-15160,James Galang,3,465.18,0.0,120.95,0,11,77.0,Consumer,Office Supplies,East
JG-15160,James Galang,4,35.0,0.0,14.7,0,11,77.0,Consumer,Furniture,West
JG-15160,James Galang,5,477.15,0.0,28.63,0,11,77.0,Consumer,Office Supplies,West
JG-15160,James Galang,3,302.38,0.2,22.68,0,11,77.0,Consumer,Technology,West
JG-15160,James Galang,2,97.84,0.0,25.44,0,11,77.0,Consumer,Office Supplies,East
JG-15160,James Galang,4,393.57,0.2,-44.28,0,11,77.0,Consumer,Furniture,West
JG-15160,James Galang,3,302.38,0.2,22.68,0,11,77.0,Consumer,Technology,West
JG-15310,Jason Gross,7,42.78,0.2,15.51,0,6,66.5,Corporate,Office Supplies,Central
JG-15310,Jason Gross,5,563.43,0.3,-56.34,0,6,66.5,Corporate,Furniture,Central
JG-15310,Jason Gross,8,167.84,0.0,11.75,0,6,66.5,Corporate,Furniture,West
JG-15310,Jason Gross,2,18.66,0.2,1.4,0,6,66.5,Corporate,Office Supplies,East
JG-15310,Jason Gross,7,11.09,0.7,-8.13,0,6,66.5,Corporate,Office Supplies,East
JG-15310,Jason Gross,1,66.69,0.2,4.17,0,6,66.5,Corporate,Office Supplies,East
JG-15310,Jason Gross,2,99.49,0.2,8.71,0,6,66.5,Corporate,Office Supplies,East
JG-15310,Jason Gross,1,13.76,0.8,-24.77,0,6,66.5,Corporate,Office Supplies,Central
JG-15310,Jason Gross,6,695.16,0.0,34.76,0,6,66.5,Corporate,Office Supplies,East
JG-15310,Jason Gross,1,220.98,0.0,50.83,0,6,66.5,Corporate,Furniture,East
JG-15310,Jason Gross,6,340.7,0.2,-34.07,0,6,66.5,Corporate,Furniture,West
JG-15805,John Grady,4,49.63,0.2,3.72,0,6,142.75,Corporate,Office Supplies,Central
JG-15805,John Grady,4,52.1,0.2,3.91,0,6,142.75,Corporate,Office Supplies,Central
JG-15805,John Grady,10,107.44,0.2,10.74,0,6,142.75,Corporate,Office Supplies,Central
JG-15805,John Grady,7,21.98,0.0,9.89,0,6,142.75,Corporate,Office Supplies,West
JG-15805,John Grady,3,18.9,0.0,8.69,0,6,142.75,Corporate,Office Supplies,West
JG-15805,John Grady,5,14.7,0.0,6.62,0,6,142.75,Corporate,Office Supplies,East
JG-15805,John Grady,5,704.25,0.0,84.51,0,6,142.75,Corporate,Office Supplies,East
JG-15805,John Grady,5,520.05,0.0,72.81,0,6,142.75,Corporate,Furniture,East
JG-15805,John Grady,3,17.97,0.0,5.21,0,6,142.75,Corporate,Office Supplies,East
JH-15430,Jennifer Halladay,4,32.9,0.2,11.1,0,4,233.33,Consumer,Office Supplies,West
JH-15430,Jennifer Halladay,3,22.78,0.2,7.69,0,4,233.33,Consumer,Office Supplies,West
JH-15430,Jennifer Halladay,7,59.91,0.7,-45.93,0,4,233.33,Consumer,Office Supplies,East
JH-15430,Jennifer Halladay,7,23.97,0.2,2.7,0,4,233.33,Consumer,Office Supplies,South
JH-15430,Jennifer Halladay,3,28.73,0.2,1.8,0,4,233.33,Consumer,Office Supplies,South
JH-15430,Jennifer Halladay,3,21.0,0.2,5.78,0,4,233.33,Consumer,Furniture,South
JH-15430,Jennifer Halladay,2,120.0,0.5,-7.2,0,4,233.33,Consumer,Technology,South
JH-15820,John Huston,9,57.42,0.0,26.41,0,6,163.86,Consumer,Office Supplies,Central
JH-15820,John Huston,3,22.92,0.0,11.23,0,6,163.86,Consumer,Office Supplies,East
JH-15820,John Huston,2,7.5,0.0,3.6,0,6,163.86,Consumer,Office Supplies,Central
JH-15820,John Huston,1,18.18,0.2,4.77,0,6,163.86,Consumer,Furniture,South
JH-15820,John Huston,3,14.02,0.2,1.75,0,6,163.86,Consumer,Office Supplies,East
JH-15820,John Huston,3,71.98,0.2,-9.0,0,6,163.86,Consumer,Technology,East
JH-15820,John Huston,3,107.98,0.4,-27.0,0,6,163.86,Consumer,Technology,East
JH-15820,John Huston,5,228.92,0.2,14.31,0,6,163.86,Consumer,Office Supplies,Central
JH-15910,Jonathan Howell,2,55.98,0.2,4.2,0,7,111.38,Consumer,Technology,South
JH-15910,Jonathan Howell,3,129.93,0.0,12.99,0,7,111.38,Consumer,Furniture,South
JH-15910,Jonathan Howell,7,69.93,0.0,31.47,0,7,111.38,Consumer,Office Supplies,South
JH-15910,Jonathan Howell,5,28.85,0.0,14.42,0,7,111.38,Consumer,Office Supplies,Central
JH-15910,Jonathan Howell,6,93.06,0.0,26.06,0,7,111.38,Consumer,Office Supplies,West
JH-15910,Jonathan Howell,3,302.38,0.2,22.68,0,7,111.38,Consumer,Technology,West
JH-15910,Jonathan Howell,2,5.9,0.2,1.99,0,7,111.38,Consumer,Office Supplies,East
JH-15910,Jonathan Howell,4,54.37,0.2,4.08,0,7,111.38,Consumer,Technology,Central
JH-15910,Jonathan Howell,3,219.08,0.5,-131.45,0,7,111.38,Consumer,Furniture,Central
JH-15985,Joseph Holt,7,2060.74,0.2,643.98,0,6,93.08,Consumer,Office Supplies,West
JH-15985,Joseph Holt,13,4297.64,0.4,-1862.31,0,6,93.08,Consumer,Furniture,South
JH-15985,Joseph Holt,4,103.92,0.0,36.37,0,6,93.08,Consumer,Office Supplies,West
JH-15985,Joseph Holt,9,899.91,0.0,377.96,0,6,93.08,Consumer,Technology,West
JH-15985,Joseph Holt,3,51.31,0.2,18.6,0,6,93.08,Consumer,Office Supplies,West
JH-15985,Joseph Holt,2,96.08,0.0,46.12,0,6,93.08,Consumer,Office Supplies,West
JH-15985,Joseph Holt,2,11.68,0.2,3.94,0,6,93.08,Consumer,Office Supplies,West
JH-15985,Joseph Holt,2,4.36,0.0,1.79,0,6,93.08,Consumer,Office Supplies,West
JH-15985,Joseph Holt,2,53.25,0.2,19.97,0,6,93.08,Consumer,Office Supplies,West
JH-15985,Joseph Holt,4,83.92,0.0,5.87,0,6,93.08,Consumer,Office Supplies,Central
JH-15985,Joseph Holt,2,131.98,0.0,35.63,0,6,93.08,Consumer,Technology,Central
JH-15985,Joseph Holt,4,15.92,0.0,7.48,0,6,93.08,Consumer,Office Supplies,Central
JH-15985,Joseph Holt,9,52.29,0.0,16.21,0,6,93.08,Consumer,Office Supplies,Central
JH-15985,Joseph Holt,1,91.99,0.0,3.68,0,6,93.08,Consumer,Office Supplies,Central
JH-16180,Justin Hirsh,13,845.73,0.2,84.57,0,4,136.5,Consumer,Office Supplies,West
JH-16180,Justin Hirsh,4,327.56,0.1,21.84,0,4,136.5,Consumer,Furniture,East
JH-16180,Justin Hirsh,3,118.78,0.4,-27.72,0,4,136.5,Consumer,Technology,East
JH-16180,Justin Hirsh,4,769.18,0.2,-163.45,0,4,136.5,Consumer,Office Supplies,East
JH-16180,Justin Hirsh,4,195.14,0.2,-12.2,0,4,136.5,Consumer,Furniture,West
JJ-15445,Jennifer Jackson,6,7.1,0.2,2.49,0,5,109.6,Consumer,Office Supplies,Central
JJ-15445,Jennifer Jackson,3,36.62,0.2,13.73,0,5,109.6,Consumer,Office Supplies,West
JJ-15445,Jennifer Jackson,6,293.52,0.0,76.32,0,5,109.6,Consumer,Office Supplies,East
JJ-15445,Jennifer Jackson,2,307.98,0.0,89.31,0,5,109.6,Consumer,Technology,East
JJ-15445,Jennifer Jackson,3,9.45,0.0,4.54,0,5,109.6,Consumer,Office Supplies,East
JJ-15445,Jennifer Jackson,5,54.5,0.0,14.17,0,5,109.6,Consumer,Office Supplies,Central
JJ-15760,Joel Jenkins,4,46.2,0.0,12.94,0,2,32.0,Home Office,Office Supplies,South
JJ-15760,Joel Jenkins,2,28.84,0.0,9.52,0,2,32.0,Home Office,Office Supplies,South
JJ-15760,Joel Jenkins,5,119.96,0.2,12.0,0,2,32.0,Home Office,Technology,Central
JK-15205,Jamie Kunitz,3,164.85,0.0,47.81,0,5,100.58,Consumer,Technology,East
JK-15205,Jamie Kunitz,5,154.9,0.0,69.7,0,5,100.58,Consumer,Office Supplies,South
JK-15205,Jamie Kunitz,12,1871.88,0.0,561.56,0,5,100.58,Consumer,Technology,South
JK-15205,Jamie Kunitz,2,63.82,0.2,9.57,0,5,100.58,Consumer,Furniture,East
JK-15205,Jamie Kunitz,3,141.55,0.2,-26.54,0,5,100.58,Consumer,Office Supplies,East
JK-15205,Jamie Kunitz,4,5.39,0.7,-4.49,0,5,100.58,Consumer,Office Supplies,South
JK-15205,Jamie Kunitz,8,30.98,0.2,5.03,0,5,100.58,Consumer,Office Supplies,South
JK-15205,Jamie Kunitz,6,43.86,0.0,20.61,0,5,100.58,Consumer,Office Supplies,West
JK-15205,Jamie Kunitz,2,148.48,0.2,16.7,0,5,100.58,Consumer,Technology,West
JK-15205,Jamie Kunitz,2,7.42,0.0,3.71,0,5,100.58,Consumer,Office Supplies,West
JK-15205,Jamie Kunitz,1,71.99,0.2,-0.9,0,5,100.58,Consumer,Furniture,West
JK-15205,Jamie Kunitz,5,19.9,0.0,6.57,0,5,100.58,Consumer,Office Supplies,West
JK-15205,Jamie Kunitz,14,1702.12,0.0,510.64,0,5,100.58,Consumer,Office Supplies,West
JK-15325,Jason Klamczynski,1,1.63,0.2,0.55,0,3,282.67,Corporate,Office Supplies,Central
JK-15325,Jason Klamczynski,5,267.96,0.2,16.75,0,3,282.67,Corporate,Technology,Central
JK-15325,Jason Klamczynski,2,23.36,0.0,11.68,0,3,282.67,Corporate,Office Supplies,East
JK-15325,Jason Klamczynski,7,90.86,0.0,26.35,0,3,282.67,Corporate,Office Supplies,West
JK-15370,Jay Kimmel,3,6.91,0.2,2.33,0,8,82.19,Consumer,Office Supplies,South
JK-15370,Jay Kimmel,3,383.98,0.2,81.59,0,8,82.19,Consumer,Technology,South
JK-15370,Jay Kimmel,2,10.37,0.2,3.63,0,8,82.19,Consumer,Office Supplies,South
JK-15370,Jay Kimmel,7,335.94,0.2,41.99,0,8,82.19,Consumer,Technology,South
JK-15370,Jay Kimmel,3,369.91,0.2,-13.87,0,8,82.19,Consumer,Furniture,West
JK-15370,Jay Kimmel,3,434.35,0.2,43.44,0,8,82.19,Consumer,Office Supplies,East
JK-15370,Jay Kimmel,2,3.55,0.2,0.44,0,8,82.19,Consumer,Office Supplies,East
JK-15370,Jay Kimmel,4,88.83,0.2,7.77,0,8,82.19,Consumer,Office Supplies,East
JK-15370,Jay Kimmel,7,573.17,0.1,63.69,0,8,82.19,Consumer,Furniture,East
JK-15370,Jay Kimmel,7,73.36,0.0,19.81,0,8,82.19,Consumer,Office Supplies,South
JK-15370,Jay Kimmel,5,159.96,0.2,18.0,0,8,82.19,Consumer,Technology,West
JK-15370,Jay Kimmel,2,13.76,0.2,4.64,0,8,82.19,Consumer,Office Supplies,West
JK-15370,Jay Kimmel,3,31.44,0.0,8.49,0,8,82.19,Consumer,Office Supplies,West
JK-15370,Jay Kimmel,7,83.79,0.0,22.62,0,8,82.19,Consumer,Office Supplies,West
JK-15370,Jay Kimmel,3,59.52,0.0,15.48,0,8,82.19,Consumer,Office Supplies,West
JK-15370,Jay Kimmel,4,31.92,0.0,9.26,0,8,82.19,Consumer,Office Supplies,West
JK-15370,Jay Kimmel,7,48.86,0.0,0.98,0,8,82.19,Consumer,Office Supplies,West
JK-15625,Jim Karlsson,3,659.97,0.0,197.99,0,7,113.45,Consumer,Technology,South
JK-15625,Jim Karlsson,3,113.73,0.0,32.98,0,7,113.45,Consumer,Technology,South
JK-15625,Jim Karlsson,3,13.92,0.2,4.87,0,7,113.45,Consumer,Office Supplies,East
JK-15625,Jim Karlsson,2,10.72,0.2,1.74,0,7,113.45,Consumer,Office Supplies,East
JK-15625,Jim Karlsson,2,45.68,0.0,21.01,0,7,113.45,Consumer,Office Supplies,West
JK-15625,Jim Karlsson,5,603.92,0.2,45.29,0,7,113.45,Consumer,Furniture,West
JK-15625,Jim Karlsson,10,106.8,0.2,10.68,0,7,113.45,Consumer,Office Supplies,East
JK-15625,Jim Karlsson,2,843.9,0.0,371.32,0,7,113.45,Consumer,Technology,East
JK-15625,Jim Karlsson,2,449.57,0.2,56.2,0,7,113.45,Consumer,Furniture,East
JK-15625,Jim Karlsson,2,97.57,0.2,-6.1,0,7,113.45,Consumer,Furniture,West
JK-15625,Jim Karlsson,8,614.27,0.2,-23.04,0,7,113.45,Consumer,Furniture,West
JK-15625,Jim Karlsson,2,199.98,0.0,38.0,0,7,113.45,Consumer,Furniture,West
JK-15640,Jim Kriz,3,5.67,0.0,0.11,0,9,92.55,Home Office,Office Supplies,West
JK-15640,Jim Kriz,9,28.8,0.2,10.08,0,9,92.55,Home Office,Office Supplies,East
JK-15640,Jim Kriz,3,17.52,0.0,6.31,0,9,92.55,Home Office,Office Supplies,East
JK-15640,Jim Kriz,2,7.97,0.2,2.89,0,9,92.55,Home Office,Office Supplies,East
JK-15640,Jim Kriz,4,110.53,0.2,38.68,0,9,92.55,Home Office,Office Supplies,West
JK-15640,Jim Kriz,1,3.28,0.0,1.41,0,9,92.55,Home Office,Office Supplies,East
JK-15640,Jim Kriz,4,20.74,0.2,7.26,0,9,92.55,Home Office,Office Supplies,East
JK-15640,Jim Kriz,2,414.96,0.0,124.49,0,9,92.55,Home Office,Office Supplies,East
JK-15640,Jim Kriz,2,59.98,0.0,26.39,0,9,92.55,Home Office,Technology,West
JK-15640,Jim Kriz,6,2395.2,0.2,209.58,0,9,92.55,Home Office,Technology,West
JK-15640,Jim Kriz,4,1687.8,0.0,742.63,0,9,92.55,Home Office,Technology,West
JK-15640,Jim Kriz,1,7.99,0.2,2.7,0,9,92.55,Home Office,Technology,West
JK-15730,Joe Kamberova,4,292.1,0.5,-175.26,0,10,55.47,Consumer,Furniture,Central
JK-15730,Joe Kamberova,2,8.54,0.6,-7.48,0,10,55.47,Consumer,Furniture,Central
JK-15730,Joe Kamberova,6,424.12,0.3,-30.29,0,10,55.47,Consumer,Furniture,Central
JK-15730,Joe Kamberova,3,2.89,0.8,-4.92,0,10,55.47,Consumer,Office Supplies,Central
JK-15730,Joe Kamberova,5,381.72,0.2,-66.8,0,10,55.47,Consumer,Office Supplies,Central
JK-15730,Joe Kamberova,2,659.99,0.4,110.0,0,10,55.47,Consumer,Technology,East
JK-15730,Joe Kamberova,2,8.13,0.2,1.42,0,10,55.47,Consumer,Furniture,East
JK-15730,Joe Kamberova,7,36.29,0.2,12.7,0,10,55.47,Consumer,Office Supplies,East
JK-15730,Joe Kamberova,6,909.72,0.3,-51.98,0,10,55.47,Consumer,Furniture,East
JK-15730,Joe Kamberova,2,2.51,0.8,-4.4,0,10,55.47,Consumer,Office Supplies,Central
JK-15730,Joe Kamberova,9,18.86,0.2,6.13,0,10,55.47,Consumer,Office Supplies,Central
JK-15730,Joe Kamberova,3,115.3,0.2,40.35,0,10,55.47,Consumer,Office Supplies,South
JK-15730,Joe Kamberova,5,1363.96,0.2,85.25,0,10,55.47,Consumer,Technology,South
JK-15730,Joe Kamberova,3,209.97,0.0,71.39,0,10,55.47,Consumer,Technology,South
JK-15730,Joe Kamberova,3,62.94,0.0,30.21,0,10,55.47,Consumer,Office Supplies,South
JK-15730,Joe Kamberova,9,25.92,0.0,7.78,0,10,55.47,Consumer,Office Supplies,South
JK-15730,Joe Kamberova,3,3.04,0.8,-5.01,0,10,55.47,Consumer,Office Supplies,Central
JK-15730,Joe Kamberova,2,239.67,0.15,14.1,0,10,55.47,Consumer,Furniture,West
JK-15730,Joe Kamberova,7,97.3,0.0,28.22,0,10,55.47,Consumer,Office Supplies,West
JK-15730,Joe Kamberova,5,4.24,0.8,-6.36,0,10,55.47,Consumer,Office Supplies,Central
JK-16090,Juliana Krohn,2,191.96,0.0,51.83,0,3,119.5,Consumer,Furniture,South
JK-16090,Juliana Krohn,3,21.3,0.0,9.8,0,3,119.5,Consumer,Office Supplies,South
JK-16090,Juliana Krohn,5,469.95,0.0,131.59,0,3,119.5,Consumer,Technology,South
JK-16090,Juliana Krohn,3,209.88,0.0,35.68,0,3,119.5,Consumer,Furniture,South
JK-16090,Juliana Krohn,6,217.76,0.7,-384.72,0,3,119.5,Consumer,Furniture,West
JK-16090,Juliana Krohn,6,39.07,0.2,4.4,0,3,119.5,Consumer,Office Supplies,West
JK-16090,Juliana Krohn,7,22.64,0.7,-16.6,0,3,119.5,Consumer,Office Supplies,West
JK-16090,Juliana Krohn,7,95.14,0.2,10.7,0,3,119.5,Consumer,Office Supplies,West
JK-16090,Juliana Krohn,4,2479.96,0.0,743.99,0,3,119.5,Consumer,Technology,Central
JK-16120,Julie Kriz,10,799.92,0.2,239.98,0,10,64.81,Home Office,Technology,South
JK-16120,Julie Kriz,1,3.75,0.0,1.8,0,10,64.81,Home Office,Office Supplies,Central
JK-16120,Julie Kriz,4,41.4,0.0,19.87,0,10,64.81,Home Office,Office Supplies,Central
JK-16120,Julie Kriz,3,29.79,0.0,12.51,0,10,64.81,Home Office,Office Supplies,Central
JK-16120,Julie Kriz,3,64.94,0.2,6.49,0,10,64.81,Home Office,Furniture,East
JK-16120,Julie Kriz,4,20.74,0.2,7.26,0,10,64.81,Home Office,Office Supplies,East
JK-16120,Julie Kriz,3,143.7,0.0,68.98,0,10,64.81,Home Office,Office Supplies,West
JK-16120,Julie Kriz,3,83.95,0.6,-90.25,0,10,64.81,Home Office,Furniture,Central
JK-16120,Julie Kriz,2,113.57,0.2,12.78,0,10,64.81,Home Office,Furniture,East
JK-16120,Julie Kriz,4,900.08,0.0,117.01,0,10,64.81,Home Office,Office Supplies,East
JK-16120,Julie Kriz,3,480.96,0.5,-269.34,0,10,64.81,Home Office,Furniture,Central
JK-16120,Julie Kriz,1,124.79,0.2,10.92,0,10,64.81,Home Office,Technology,Central
JK-16120,Julie Kriz,2,5.25,0.2,0.59,0,10,64.81,Home Office,Office Supplies,Central
JK-16120,Julie Kriz,2,74.42,0.2,-14.88,0,10,64.81,Home Office,Office Supplies,Central
JK-16120,Julie Kriz,2,6.85,0.2,2.14,0,10,64.81,Home Office,Office Supplies,Central
JK-16120,Julie Kriz,1,8.0,0.6,-7.0,0,10,64.81,Home Office,Furniture,Central
JK-16120,Julie Kriz,1,30.38,0.2,3.8,0,10,64.81,Home Office,Office Supplies,Central
JL-15130,Jack Lebron,2,13.9,0.2,4.52,0,6,113.91,Consumer,Office Supplies,East
JL-15130,Jack Lebron,3,3.65,0.8,-6.02,0,6,113.91,Consumer,Office Supplies,Central
JL-15130,Jack Lebron,6,31.1,0.2,10.89,0,6,113.91,Consumer,Office Supplies,Central
JL-15130,Jack Lebron,1,3.98,0.2,1.39,0,6,113.91,Consumer,Office Supplies,West
JL-15130,Jack Lebron,2,16.77,0.2,1.47,0,6,113.91,Consumer,Office Supplies,East
JL-15130,Jack Lebron,2,27.12,0.2,-4.75,0,6,113.91,Consumer,Technology,East
JL-15130,Jack Lebron,3,28.08,0.2,5.26,0,6,113.91,Consumer,Office Supplies,South
JL-15130,Jack Lebron,6,934.96,0.4,-249.32,0,6,113.91,Consumer,Furniture,South
JL-15130,Jack Lebron,2,46.86,0.2,7.62,0,6,113.91,Consumer,Technology,South
JL-15130,Jack Lebron,3,26.16,0.2,1.96,0,6,113.91,Consumer,Office Supplies,South
JL-15130,Jack Lebron,7,23.13,0.2,2.89,0,6,113.91,Consumer,Office Supplies,South
JL-15130,Jack Lebron,5,59.24,0.2,16.29,0,6,113.91,Consumer,Office Supplies,South
JL-15175,James Lanier,7,475.94,0.2,59.49,0,5,181.5,Home Office,Technology,West
JL-15175,James Lanier,6,87.36,0.0,23.59,0,5,181.5,Home Office,Office Supplies,West
JL-15175,James Lanier,6,56.16,0.2,17.55,0,5,181.5,Home Office,Office Supplies,West
JL-15175,James Lanier,1,91.48,0.5,-1.83,0,5,181.5,Home Office,Technology,South
JL-15175,James Lanier,2,9.66,0.2,3.26,0,5,181.5,Home Office,Office Supplies,South
JL-15175,James Lanier,4,8.54,0.2,1.92,0,5,181.5,Home Office,Furniture,West
JL-15175,James Lanier,3,842.38,0.2,105.3,0,5,181.5,Home Office,Furniture,West
JL-15235,Janet Lee,2,75.6,0.8,-166.32,0,5,132.89,Consumer,Office Supplies,Central
JL-15235,Janet Lee,2,29.32,0.6,-24.19,0,5,132.89,Consumer,Furniture,Central
JL-15235,Janet Lee,7,23.66,0.0,10.88,0,5,132.89,Consumer,Office Supplies,East
JL-15235,Janet Lee,12,681.41,0.2,42.59,0,5,132.89,Consumer,Furniture,East
JL-15235,Janet Lee,2,360.38,0.0,93.7,0,5,132.89,Consumer,Office Supplies,East
JL-15235,Janet Lee,2,11.16,0.0,2.79,0,5,132.89,Consumer,Office Supplies,East
JL-15235,Janet Lee,3,14.94,0.0,6.87,0,5,132.89,Consumer,Office Supplies,East
JL-15235,Janet Lee,2,751.98,0.2,84.6,0,5,132.89,Consumer,Technology,South
JL-15235,Janet Lee,5,18.72,0.2,6.55,0,5,132.89,Consumer,Office Supplies,West
JL-15235,Janet Lee,2,236.53,0.2,-2.96,0,5,132.89,Consumer,Furniture,West
JL-15505,Jeremy Lonsdale,3,12.72,0.0,6.36,0,6,68.31,Consumer,Office Supplies,Central
JL-15505,Jeremy Lonsdale,4,11.52,0.0,5.64,0,6,68.31,Consumer,Office Supplies,Central
JL-15505,Jeremy Lonsdale,4,62.28,0.0,29.27,0,6,68.31,Consumer,Office Supplies,East
JL-15505,Jeremy Lonsdale,6,388.7,0.2,-4.86,0,6,68.31,Consumer,Furniture,East
JL-15505,Jeremy Lonsdale,2,8.26,0.0,3.8,0,6,68.31,Consumer,Office Supplies,East
JL-15505,Jeremy Lonsdale,4,17.04,0.0,6.99,0,6,68.31,Consumer,Office Supplies,East
JL-15505,Jeremy Lonsdale,5,34.4,0.0,15.82,0,6,68.31,Consumer,Office Supplies,East
JL-15505,Jeremy Lonsdale,3,50.14,0.2,-11.28,0,6,68.31,Consumer,Office Supplies,Central
JL-15505,Jeremy Lonsdale,3,707.88,0.2,44.24,0,6,68.31,Consumer,Technology,West
JL-15505,Jeremy Lonsdale,3,11.95,0.2,4.18,0,6,68.31,Consumer,Office Supplies,West
JL-15505,Jeremy Lonsdale,3,31.13,0.2,11.67,0,6,68.31,Consumer,Office Supplies,West
JL-15505,Jeremy Lonsdale,4,55.76,0.0,7.81,0,6,68.31,Consumer,Technology,West
JL-15505,Jeremy Lonsdale,2,24.56,0.0,11.54,0,6,68.31,Consumer,Office Supplies,West
JL-15505,Jeremy Lonsdale,1,51.75,0.0,15.52,0,6,68.31,Consumer,Furniture,West
JL-15505,Jeremy Lonsdale,1,207.18,0.2,25.9,0,6,68.31,Consumer,Furniture,West
JL-15505,Jeremy Lonsdale,5,1473.1,0.0,412.47,0,6,68.31,Consumer,Office Supplies,West
JL-15505,Jeremy Lonsdale,3,25.5,0.0,6.63,0,6,68.31,Consumer,Office Supplies,Central
JL-15835,John Lee,4,287.97,0.2,97.19,0,11,40.33,Consumer,Technology,West
JL-15835,John Lee,4,13.12,0.0,3.8,0,11,40.33,Consumer,Office Supplies,West
JL-15835,John Lee,5,10.75,0.0,3.55,0,11,40.33,Consumer,Office Supplies,West
JL-15835,John Lee,2,11.62,0.0,3.6,0,11,40.33,Consumer,Office Supplies,West
JL-15835,John Lee,2,172.19,0.3,-46.74,0,11,40.33,Consumer,Furniture,East
JL-15835,John Lee,2,69.01,0.2,12.08,0,11,40.33,Consumer,Furniture,East
JL-15835,John Lee,6,67.34,0.2,7.58,0,11,40.33,Consumer,Office Supplies,South
JL-15835,John Lee,3,2624.98,0.5,-944.99,0,11,40.33,Consumer,Technology,South
JL-15835,John Lee,4,29.52,0.0,14.46,0,11,40.33,Consumer,Office Supplies,Central
JL-15835,John Lee,3,302.94,0.0,48.47,0,11,40.33,Consumer,Furniture,Central
JL-15835,John Lee,2,142.36,0.0,38.44,0,11,40.33,Consumer,Furniture,Central
JL-15835,John Lee,9,546.66,0.0,136.67,0,11,40.33,Consumer,Furniture,Central
JL-15835,John Lee,3,212.13,0.0,14.85,0,11,40.33,Consumer,Furniture,Central
JL-15835,John Lee,2,7.71,0.2,2.8,0,11,40.33,Consumer,Office Supplies,East
JL-15835,John Lee,2,86.26,0.0,29.33,0,11,40.33,Consumer,Furniture,West
JL-15835,John Lee,4,139.04,0.0,38.93,0,11,40.33,Consumer,Office Supplies,West
JL-15835,John Lee,4,46.8,0.0,16.38,0,11,40.33,Consumer,Office Supplies,West
JL-15835,John Lee,5,11.05,0.0,2.98,0,11,40.33,Consumer,Office Supplies,East
JL-15835,John Lee,2,9.25,0.2,3.35,0,11,40.33,Consumer,Office Supplies,East
JL-15835,John Lee,9,1889.95,0.4,-377.99,0,11,40.33,Consumer,Technology,East
JL-15835,John Lee,5,62.04,0.2,4.65,0,11,40.33,Consumer,Office Supplies,East
JL-15835,John Lee,5,396.92,0.2,148.84,0,11,40.33,Consumer,Furniture,East
JL-15835,John Lee,7,239.46,0.2,17.96,0,11,40.33,Consumer,Office Supplies,East
JL-15835,John Lee,5,13.12,0.2,2.13,0,11,40.33,Consumer,Office Supplies,East
JL-15835,John Lee,2,330.4,0.0,85.9,0,11,40.33,Consumer,Office Supplies,West
JL-15835,John Lee,7,26.25,0.0,12.6,0,11,40.33,Consumer,Office Supplies,West
JL-15835,John Lee,14,223.58,0.0,87.2,0,11,40.33,Consumer,Technology,West
JL-15835,John Lee,2,29.36,0.0,13.51,0,11,40.33,Consumer,Office Supplies,South
JL-15835,John Lee,5,214.9,0.0,62.32,0,11,40.33,Consumer,Office Supplies,South
JL-15835,John Lee,4,15.92,0.0,7.48,0,11,40.33,Consumer,Office Supplies,South
JL-15835,John Lee,5,146.45,0.0,48.33,0,11,40.33,Consumer,Technology,South
JL-15835,John Lee,1,15.14,0.0,0.61,0,11,40.33,Consumer,Office Supplies,South
JL-15835,John Lee,2,5.76,0.0,2.65,0,11,40.33,Consumer,Office Supplies,South
JL-15835,John Lee,2,1399.98,0.0,629.99,0,11,40.33,Consumer,Technology,South
JL-15850,John Lucas,1,26.63,0.2,1.33,0,6,64.3,Consumer,Office Supplies,Central
JL-15850,John Lucas,7,435.26,0.0,95.76,0,6,64.3,Consumer,Furniture,West
JL-15850,John Lucas,2,1119.98,0.2,377.99,0,6,64.3,Consumer,Technology,West
JL-15850,John Lucas,5,87.8,0.2,32.92,0,6,64.3,Consumer,Technology,West
JL-15850,John Lucas,3,206.43,0.0,90.83,0,6,64.3,Consumer,Office Supplies,East
JL-15850,John Lucas,5,32.4,0.0,15.55,0,6,64.3,Consumer,Office Supplies,West
JL-15850,John Lucas,3,540.57,0.0,140.55,0,6,64.3,Consumer,Office Supplies,West
JL-15850,John Lucas,5,167.76,0.2,62.91,0,6,64.3,Consumer,Office Supplies,West
JL-15850,John Lucas,2,82.8,0.4,-20.7,0,6,64.3,Consumer,Technology,East
JL-15850,John Lucas,2,20.72,0.7,-13.82,0,6,64.3,Consumer,Office Supplies,East
JL-15850,John Lucas,3,4.9,0.7,-3.43,0,6,64.3,Consumer,Office Supplies,East
JM-15250,Janet Martin,2,13.48,0.0,6.74,0,6,33.56,Consumer,Office Supplies,East
JM-15250,Janet Martin,5,29.8,0.2,9.31,0,6,33.56,Consumer,Office Supplies,East
JM-15250,Janet Martin,8,414.0,0.0,124.2,0,6,33.56,Consumer,Furniture,East
JM-15250,Janet Martin,7,41.33,0.2,14.98,0,6,33.56,Consumer,Office Supplies,East
JM-15250,Janet Martin,5,454.56,0.2,-107.96,0,6,33.56,Consumer,Office Supplies,Central
JM-15250,Janet Martin,5,141.42,0.6,-187.38,0,6,33.56,Consumer,Furniture,Central
JM-15250,Janet Martin,4,310.74,0.3,-26.64,0,6,33.56,Consumer,Furniture,Central
JM-15250,Janet Martin,4,12.74,0.2,2.23,0,6,33.56,Consumer,Office Supplies,Central
JM-15250,Janet Martin,5,6.47,0.8,-9.71,0,6,33.56,Consumer,Office Supplies,Central
JM-15250,Janet Martin,14,13.75,0.8,-22.68,0,6,33.56,Consumer,Office Supplies,Central
JM-15250,Janet Martin,2,15.22,0.8,-38.82,0,6,33.56,Consumer,Office Supplies,Central
JM-15250,Janet Martin,9,908.82,0.0,227.21,0,6,33.56,Consumer,Furniture,East
JM-15250,Janet Martin,3,418.3,0.2,5.23,0,6,33.56,Consumer,Furniture,West
JM-15250,Janet Martin,3,77.95,0.2,15.59,0,6,33.56,Consumer,Furniture,South
JM-15250,Janet Martin,2,147.18,0.2,-29.44,0,6,33.56,Consumer,Office Supplies,South
JM-15250,Janet Martin,3,47.95,0.2,16.18,0,6,33.56,Consumer,Office Supplies,South
JM-15250,Janet Martin,8,74.11,0.2,17.6,0,6,33.56,Consumer,Technology,South
JM-15250,Janet Martin,1,27.99,0.2,2.1,0,6,33.56,Consumer,Technology,South
JM-15250,Janet Martin,1,3.3,0.2,1.07,0,6,33.56,Consumer,Office Supplies,South
JM-15265,Janet Molinari,1,6.28,0.0,2.64,0,5,98.83,Corporate,Furniture,West
JM-15265,Janet Molinari,5,95.1,0.0,30.43,0,5,98.83,Corporate,Technology,West
JM-15265,Janet Molinari,4,25.92,0.0,12.44,0,5,98.83,Corporate,Office Supplies,West
JM-15265,Janet Molinari,4,48.84,0.0,13.19,0,5,98.83,Corporate,Office Supplies,West
JM-15265,Janet Molinari,2,5.9,0.2,1.99,0,5,98.83,Corporate,Office Supplies,Central
JM-15265,Janet Molinari,7,173.49,0.2,54.21,0,5,98.83,Corporate,Office Supplies,Central
JM-15265,Janet Molinari,2,51.56,0.6,-61.87,0,5,98.83,Corporate,Furniture,Central
JM-15265,Janet Molinari,3,3.56,0.8,-6.24,0,5,98.83,Corporate,Office Supplies,Central
JM-15265,Janet Molinari,2,31.96,0.0,1.6,0,5,98.83,Corporate,Furniture,West
JM-15265,Janet Molinari,7,15.26,0.0,6.26,0,5,98.83,Corporate,Office Supplies,East
JM-15265,Janet Molinari,5,1029.95,0.0,298.69,0,5,98.83,Corporate,Technology,East
JM-15265,Janet Molinari,2,28.4,0.0,11.08,0,5,98.83,Corporate,Furniture,Central
JM-15265,Janet Molinari,8,287.92,0.0,138.2,0,5,98.83,Corporate,Office Supplies,Central
JM-15535,Jessica Myrick,3,15.55,0.2,5.44,0,7,122.44,Consumer,Office Supplies,East
JM-15535,Jessica Myrick,5,252.0,0.2,53.55,0,7,122.44,Consumer,Technology,East
JM-15535,Jessica Myrick,1,99.6,0.0,36.85,0,7,122.44,Consumer,Technology,East
JM-15535,Jessica Myrick,13,62.3,0.2,21.02,0,7,122.44,Consumer,Office Supplies,East
JM-15535,Jessica Myrick,3,10.71,0.0,2.78,0,7,122.44,Consumer,Office Supplies,East
JM-15535,Jessica Myrick,2,195.47,0.15,-13.8,0,7,122.44,Consumer,Furniture,West
JM-15535,Jessica Myrick,3,257.5,0.15,24.24,0,7,122.44,Consumer,Furniture,West
JM-15535,Jessica Myrick,9,799.56,0.0,207.89,0,7,122.44,Consumer,Furniture,East
JM-15535,Jessica Myrick,2,8.36,0.0,3.01,0,7,122.44,Consumer,Furniture,West
JM-15535,Jessica Myrick,5,32.4,0.0,15.55,0,7,122.44,Consumer,Office Supplies,East
JM-15580,Jill Matthias,2,25.06,0.0,11.78,0,5,104.17,Consumer,Office Supplies,East
JM-15580,Jill Matthias,5,54.9,0.0,26.9,0,5,104.17,Consumer,Office Supplies,West
JM-15580,Jill Matthias,3,15.54,0.0,7.61,0,5,104.17,Consumer,Office Supplies,West
JM-15580,Jill Matthias,6,105.55,0.2,35.62,0,5,104.17,Consumer,Technology,West
JM-15580,Jill Matthias,4,35.17,0.2,8.35,0,5,104.17,Consumer,Technology,South
JM-15580,Jill Matthias,3,64.7,0.2,23.46,0,5,104.17,Consumer,Office Supplies,South
JM-15580,Jill Matthias,3,3.02,0.2,-0.6,0,5,104.17,Consumer,Office Supplies,West
JM-15655,Jim Mitchum,2,2.37,0.2,0.83,0,5,123.09,Corporate,Office Supplies,West
JM-15655,Jim Mitchum,3,19.01,0.2,6.89,0,5,123.09,Corporate,Office Supplies,West
JM-15655,Jim Mitchum,3,40.74,0.0,0.41,0,5,123.09,Corporate,Office Supplies,East
JM-15655,Jim Mitchum,3,11.67,0.0,3.03,0,5,123.09,Corporate,Office Supplies,East
JM-15655,Jim Mitchum,3,18.69,0.7,-14.33,0,5,123.09,Corporate,Office Supplies,East
JM-15655,Jim Mitchum,6,383.95,0.2,76.79,0,5,123.09,Corporate,Technology,East
JM-15655,Jim Mitchum,1,189.58,0.2,9.48,0,5,123.09,Corporate,Furniture,West
JM-15655,Jim Mitchum,5,71.96,0.2,7.2,0,5,123.09,Corporate,Technology,West
JM-15655,Jim Mitchum,3,4.17,0.0,1.08,0,5,123.09,Corporate,Office Supplies,West
JM-15655,Jim Mitchum,4,67.04,0.2,6.7,0,5,123.09,Corporate,Technology,West
JM-15655,Jim Mitchum,3,37.32,0.0,10.45,0,5,123.09,Corporate,Office Supplies,West
JM-15655,Jim Mitchum,5,18.45,0.0,8.67,0,5,123.09,Corporate,Office Supplies,West
JM-15865,John Murray,7,4548.81,0.0,1228.18,0,7,85.67,Consumer,Technology,East
JM-15865,John Murray,1,2.3,0.2,0.26,0,7,85.67,Consumer,Office Supplies,West
JM-15865,John Murray,5,1879.96,0.2,211.5,0,7,85.67,Consumer,Technology,West
JM-15865,John Murray,8,313.02,0.2,105.65,0,7,85.67,Consumer,Office Supplies,West
JM-15865,John Murray,2,5.04,0.2,1.76,0,7,85.67,Consumer,Office Supplies,West
JM-15865,John Murray,4,80.96,0.0,29.15,0,7,85.67,Consumer,Furniture,West
JM-15865,John Murray,4,25.92,0.0,12.44,0,7,85.67,Consumer,Office Supplies,West
JM-15865,John Murray,3,36.27,0.0,10.88,0,7,85.67,Consumer,Office Supplies,South
JM-15865,John Murray,5,248.43,0.3,-17.74,0,7,85.67,Consumer,Furniture,Central
JM-15865,John Murray,4,11.65,0.8,-30.87,0,7,85.67,Consumer,Office Supplies,Central
JM-15865,John Murray,2,85.25,0.3,-1.22,0,7,85.67,Consumer,Furniture,Central
JM-15865,John Murray,2,221.02,0.2,-55.26,0,7,85.67,Consumer,Office Supplies,East
JM-15865,John Murray,3,166.44,0.0,79.89,0,7,85.67,Consumer,Office Supplies,West
JM-16195,Justin MacKendrick,5,174.95,0.0,45.49,0,10,71.28,Consumer,Office Supplies,South
JM-16195,Justin MacKendrick,5,826.0,0.0,214.76,0,10,71.28,Consumer,Office Supplies,South
JM-16195,Justin MacKendrick,1,19.9,0.0,8.95,0,10,71.28,Consumer,Office Supplies,East
JM-16195,Justin MacKendrick,1,70.71,0.0,4.95,0,10,71.28,Consumer,Furniture,East
JM-16195,Justin MacKendrick,2,13.36,0.0,6.41,0,10,71.28,Consumer,Office Supplies,West
JM-16195,Justin MacKendrick,5,41.72,0.2,13.04,0,10,71.28,Consumer,Office Supplies,West
JM-16195,Justin MacKendrick,5,11.52,0.2,4.18,0,10,71.28,Consumer,Office Supplies,West
JM-16195,Justin MacKendrick,6,541.44,0.0,157.02,0,10,71.28,Consumer,Office Supplies,West
JM-16195,Justin MacKendrick,3,19.44,0.0,9.33,0,10,71.28,Consumer,Office Supplies,West
JM-16195,Justin MacKendrick,7,125.94,0.2,15.74,0,10,71.28,Consumer,Technology,West
JM-16195,Justin MacKendrick,4,62.8,0.0,15.7,0,10,71.28,Consumer,Office Supplies,West
JM-16195,Justin MacKendrick,5,123.92,0.2,9.29,0,10,71.28,Consumer,Office Supplies,East
JM-16195,Justin MacKendrick,5,16.45,0.0,7.57,0,10,71.28,Consumer,Office Supplies,East
JM-16195,Justin MacKendrick,4,19.92,0.0,6.57,0,10,71.28,Consumer,Furniture,East
JM-16195,Justin MacKendrick,3,542.94,0.0,152.02,0,10,71.28,Consumer,Office Supplies,West
JM-16195,Justin MacKendrick,4,54.92,0.0,19.77,0,10,71.28,Consumer,Furniture,West
JM-16195,Justin MacKendrick,2,25.16,0.0,10.57,0,10,71.28,Consumer,Furniture,West
JM-16195,Justin MacKendrick,4,126.56,0.2,47.46,0,10,71.28,Consumer,Technology,West
JM-16195,Justin MacKendrick,3,16.27,0.2,5.29,0,10,71.28,Consumer,Office Supplies,South
JO-15145,Jack O'Briant,3,12.78,0.0,5.24,0,9,116.42,Corporate,Office Supplies,South
JO-15145,Jack O'Briant,7,111.93,0.0,34.7,0,9,116.42,Corporate,Technology,West
JO-15145,Jack O'Briant,2,69.52,0.0,19.47,0,9,116.42,Corporate,Office Supplies,South
JO-15145,Jack O'Briant,3,5.64,0.0,1.64,0,9,116.42,Corporate,Office Supplies,South
JO-15145,Jack O'Briant,5,199.9,0.0,39.98,0,9,116.42,Corporate,Furniture,East
JO-15145,Jack O'Briant,6,1565.88,0.0,407.13,0,9,116.42,Corporate,Furniture,Central
JO-15145,Jack O'Briant,7,106.05,0.0,49.84,0,9,116.42,Corporate,Office Supplies,Central
JO-15145,Jack O'Briant,2,84.78,0.2,-16.96,0,9,116.42,Corporate,Office Supplies,East
JO-15145,Jack O'Briant,4,27.92,0.0,8.1,0,9,116.42,Corporate,Furniture,West
JO-15145,Jack O'Briant,7,399.67,0.2,-14.99,0,9,116.42,Corporate,Furniture,West
JO-15145,Jack O'Briant,5,556.66,0.15,6.55,0,9,116.42,Corporate,Furniture,West
JO-15145,Jack O'Briant,4,95.84,0.2,34.74,0,9,116.42,Corporate,Technology,West
JO-15145,Jack O'Briant,4,18.37,0.2,5.97,0,9,116.42,Corporate,Office Supplies,West
JO-15280,Jas O'Carroll,1,0.85,0.7,-0.6,0,6,127.8,Consumer,Office Supplies,East
JO-15280,Jas O'Carroll,2,6.16,0.0,1.97,0,6,127.8,Consumer,Furniture,West
JO-15280,Jas O'Carroll,5,1038.84,0.2,51.94,0,6,127.8,Consumer,Furniture,West
JO-15280,Jas O'Carroll,2,487.98,0.2,152.49,0,6,127.8,Consumer,Office Supplies,West
JO-15280,Jas O'Carroll,5,39.96,0.2,12.99,0,6,127.8,Consumer,Technology,West
JO-15280,Jas O'Carroll,3,5.46,0.0,1.53,0,6,127.8,Consumer,Office Supplies,West
JO-15280,Jas O'Carroll,5,73.2,0.0,21.23,0,6,127.8,Consumer,Office Supplies,West
JO-15280,Jas O'Carroll,1,5.84,0.2,1.97,0,6,127.8,Consumer,Office Supplies,West
JO-15280,Jas O'Carroll,4,22.72,0.0,10.22,0,6,127.8,Consumer,Office Supplies,West
JO-15280,Jas O'Carroll,3,9.34,0.2,3.27,0,6,127.8,Consumer,Office Supplies,West
JO-15280,Jas O'Carroll,5,243.92,0.2,-54.88,0,6,127.8,Consumer,Office Supplies,South
JO-15550,Jesus Ocampo,3,453.58,0.2,39.69,0,5,80.2,Home Office,Technology,West
JO-15550,Jesus Ocampo,8,198.27,0.2,17.35,0,5,80.2,Home Office,Office Supplies,East
JO-15550,Jesus Ocampo,4,47.36,0.2,17.76,0,5,80.2,Home Office,Office Supplies,East
JO-15550,Jesus Ocampo,7,200.98,0.2,62.81,0,5,80.2,Home Office,Office Supplies,East
JO-15550,Jesus Ocampo,4,97.7,0.2,31.75,0,5,80.2,Home Office,Office Supplies,East
JO-15550,Jesus Ocampo,1,2.7,0.2,0.81,0,5,80.2,Home Office,Office Supplies,East
JO-15550,Jesus Ocampo,2,18.59,0.7,-13.63,0,5,80.2,Home Office,Office Supplies,East
JO-15550,Jesus Ocampo,3,4.9,0.7,-3.43,0,5,80.2,Home Office,Office Supplies,East
JO-15550,Jesus Ocampo,2,2.48,0.0,1.17,0,5,80.2,Home Office,Office Supplies,West
JO-15550,Jesus Ocampo,3,40.74,0.0,12.22,0,5,80.2,Home Office,Office Supplies,West
JO-15550,Jesus Ocampo,5,23.55,0.0,1.18,0,5,80.2,Home Office,Office Supplies,Central
JP-15460,Jennifer Patt,2,13.28,0.0,6.37,0,7,84.79,Corporate,Furniture,East
JP-15460,Jennifer Patt,3,12.67,0.2,4.44,0,7,84.79,Corporate,Office Supplies,East
JP-15460,Jennifer Patt,5,94.85,0.0,45.53,0,7,84.79,Corporate,Office Supplies,East
JP-15460,Jennifer Patt,4,51.12,0.0,23.0,0,7,84.79,Corporate,Office Supplies,East
JP-15460,Jennifer Patt,1,90.0,0.0,32.4,0,7,84.79,Corporate,Technology,East
JP-15460,Jennifer Patt,5,33.8,0.2,4.22,0,7,84.79,Corporate,Office Supplies,West
JP-15460,Jennifer Patt,5,21.3,0.0,8.73,0,7,84.79,Corporate,Office Supplies,East
JP-15460,Jennifer Patt,5,1040.8,0.0,281.02,0,7,84.79,Corporate,Office Supplies,East
JP-15460,Jennifer Patt,6,29.34,0.0,7.92,0,7,84.79,Corporate,Office Supplies,East
JP-15460,Jennifer Patt,3,15.55,0.2,5.44,0,7,84.79,Corporate,Office Supplies,Central
JP-15460,Jennifer Patt,3,17.94,0.0,8.79,0,7,84.79,Corporate,Office Supplies,East
JP-15460,Jennifer Patt,7,36.29,0.2,12.7,0,7,84.79,Corporate,Office Supplies,Central
JP-15460,Jennifer Patt,2,78.3,0.2,29.36,0,7,84.79,Corporate,Office Supplies,Central
JP-15460,Jennifer Patt,1,127.78,0.3,-31.03,0,7,84.79,Corporate,Furniture,Central
JP-15460,Jennifer Patt,2,6.1,0.8,-9.16,0,7,84.79,Corporate,Office Supplies,Central
JP-15520,Jeremy Pistek,3,7.63,0.2,-1.81,0,7,81.2,Consumer,Office Supplies,South
JP-15520,Jeremy Pistek,3,340.92,0.0,3.41,0,7,81.2,Consumer,Office Supplies,West
JP-15520,Jeremy Pistek,2,222.67,0.15,10.48,0,7,81.2,Consumer,Furniture,West
JP-15520,Jeremy Pistek,4,703.97,0.2,88.0,0,7,81.2,Consumer,Technology,West
JP-15520,Jeremy Pistek,6,92.52,0.0,24.98,0,7,81.2,Consumer,Office Supplies,West
JP-15520,Jeremy Pistek,7,62.65,0.0,28.82,0,7,81.2,Consumer,Office Supplies,West
JP-15520,Jeremy Pistek,5,94.85,0.0,45.53,0,7,81.2,Consumer,Office Supplies,West
JP-15520,Jeremy Pistek,6,14.3,0.2,5.01,0,7,81.2,Consumer,Office Supplies,Central
JP-15520,Jeremy Pistek,5,32.4,0.0,15.55,0,7,81.2,Consumer,Office Supplies,West
JP-15520,Jeremy Pistek,5,239.5,0.0,114.96,0,7,81.2,Consumer,Office Supplies,South
JP-15520,Jeremy Pistek,3,178.11,0.0,32.06,0,7,81.2,Consumer,Technology,Central
JP-15520,Jeremy Pistek,3,1089.75,0.0,305.13,0,7,81.2,Consumer,Office Supplies,Central
JP-15520,Jeremy Pistek,2,61.06,0.0,28.09,0,7,81.2,Consumer,Office Supplies,Central
JP-15520,Jeremy Pistek,4,459.92,0.0,41.39,0,7,81.2,Consumer,Furniture,Central
JP-15520,Jeremy Pistek,4,27.52,0.0,12.66,0,7,81.2,Consumer,Office Supplies,Central
JP-15520,Jeremy Pistek,1,7.82,0.2,2.93,0,7,81.2,Consumer,Office Supplies,South
JP-16135,Julie Prescott,4,18.46,0.2,6.92,0,9,91.0,Home Office,Office Supplies,East
JP-16135,Julie Prescott,2,22.85,0.2,7.43,0,9,91.0,Home Office,Office Supplies,West
JP-16135,Julie Prescott,4,76.92,0.0,31.54,0,9,91.0,Home Office,Furniture,South
JP-16135,Julie Prescott,4,481.32,0.0,125.14,0,9,91.0,Home Office,Office Supplies,South
JP-16135,Julie Prescott,1,72.0,0.2,14.4,0,9,91.0,Home Office,Technology,East
JP-16135,Julie Prescott,7,470.16,0.3,-13.43,0,9,91.0,Home Office,Furniture,East
JP-16135,Julie Prescott,7,12.96,0.7,-9.5,0,9,91.0,Home Office,Office Supplies,East
JP-16135,Julie Prescott,4,481.32,0.0,125.14,0,9,91.0,Home Office,Office Supplies,West
JP-16135,Julie Prescott,1,6.38,0.2,2.15,0,9,91.0,Home Office,Office Supplies,West
JP-16135,Julie Prescott,2,6.56,0.0,1.9,0,9,91.0,Home Office,Office Supplies,Central
JP-16135,Julie Prescott,3,13.11,0.0,3.41,0,9,91.0,Home Office,Office Supplies,Central
JP-16135,Julie Prescott,3,10.27,0.2,1.16,0,9,91.0,Home Office,Office Supplies,East
JP-16135,Julie Prescott,5,35.4,0.0,13.45,0,9,91.0,Home Office,Office Supplies,South
JR-15670,Jim Radford,7,590.06,0.7,-786.74,0,2,72.0,Consumer,Furniture,West
JR-15670,Jim Radford,3,14.04,0.2,1.58,0,2,72.0,Consumer,Office Supplies,West
JR-15670,Jim Radford,4,552.56,0.0,0.0,0,2,72.0,Consumer,Office Supplies,East
JR-15700,Jocasta Rupert,3,863.88,0.2,107.98,0,1,0.0,Consumer,Technology,South
JR-16210,Justin Ritter,9,717.12,0.2,152.39,0,5,89.0,Corporate,Technology,South
JR-16210,Justin Ritter,3,89.97,0.0,39.59,0,5,89.0,Corporate,Technology,West
JR-16210,Justin Ritter,2,31.86,0.0,11.15,0,5,89.0,Corporate,Technology,West
JR-16210,Justin Ritter,2,8.9,0.7,-6.53,0,5,89.0,Corporate,Office Supplies,East
JR-16210,Justin Ritter,3,191.98,0.2,19.2,0,5,89.0,Corporate,Technology,West
JR-16210,Justin Ritter,3,23.83,0.2,6.55,0,5,89.0,Corporate,Office Supplies,West
JR-16210,Justin Ritter,8,409.22,0.2,61.38,0,5,89.0,Corporate,Furniture,West
JR-16210,Justin Ritter,2,72.59,0.7,-128.24,0,5,89.0,Corporate,Furniture,West
JR-16210,Justin Ritter,6,158.28,0.0,72.81,0,5,89.0,Corporate,Office Supplies,Central
JR-16210,Justin Ritter,3,497.94,0.0,224.07,0,5,89.0,Corporate,Office Supplies,Central
JS-15595,Jill Stevenson,3,15.12,0.2,4.91,0,4,182.71,Corporate,Office Supplies,East
JS-15595,Jill Stevenson,5,302.45,0.5,-199.62,0,4,182.71,Corporate,Furniture,East
JS-15595,Jill Stevenson,8,44.67,0.2,-10.05,0,4,182.71,Corporate,Office Supplies,East
JS-15595,Jill Stevenson,3,13.94,0.2,4.53,0,4,182.71,Corporate,Office Supplies,West
JS-15595,Jill Stevenson,5,783.96,0.2,78.4,0,4,182.71,Corporate,Technology,South
JS-15595,Jill Stevenson,4,16.0,0.2,5.6,0,4,182.71,Corporate,Office Supplies,Central
JS-15595,Jill Stevenson,2,5.59,0.8,-15.09,0,4,182.71,Corporate,Office Supplies,Central
JS-15595,Jill Stevenson,5,235.92,0.2,-44.24,0,4,182.71,Corporate,Office Supplies,Central
JS-15685,Jim Sink,2,337.18,0.4,-118.01,0,4,52.2,Corporate,Furniture,East
JS-15685,Jim Sink,3,20.1,0.0,6.63,0,4,52.2,Corporate,Office Supplies,West
JS-15685,Jim Sink,2,73.58,0.2,8.28,0,4,52.2,Corporate,Technology,West
JS-15685,Jim Sink,1,6.48,0.0,3.11,0,4,52.2,Corporate,Office Supplies,West
JS-15685,Jim Sink,2,129.3,0.0,6.46,0,4,52.2,Corporate,Office Supplies,East
JS-15685,Jim Sink,3,11.57,0.2,3.76,0,4,52.2,Corporate,Office Supplies,East
JS-15685,Jim Sink,5,81.36,0.2,-19.32,0,4,52.2,Corporate,Office Supplies,South
JS-15685,Jim Sink,8,20.23,0.7,-16.19,0,4,52.2,Corporate,Office Supplies,South
JS-15685,Jim Sink,4,389.06,0.2,48.63,0,4,52.2,Corporate,Office Supplies,South
JS-15685,Jim Sink,4,20.74,0.2,7.26,0,4,52.2,Corporate,Office Supplies,South
JS-15685,Jim Sink,8,41.47,0.2,14.52,0,4,52.2,Corporate,Office Supplies,South
JS-15880,John Stevenson,1,172.11,0.4,-94.66,0,5,103.5,Consumer,Furniture,East
JS-15880,John Stevenson,13,1618.37,0.0,356.04,0,5,103.5,Consumer,Furniture,West
JS-15880,John Stevenson,1,99.6,0.0,36.85,0,5,103.5,Consumer,Technology,West
JS-15880,John Stevenson,6,1350.12,0.0,175.52,0,5,103.5,Consumer,Office Supplies,South
JS-15880,John Stevenson,4,15.92,0.0,7.48,0,5,103.5,Consumer,Office Supplies,South
JS-15880,John Stevenson,5,241.33,0.32,-14.2,0,5,103.5,Consumer,Furniture,Central
JS-15880,John Stevenson,1,5.18,0.2,1.88,0,5,103.5,Consumer,Office Supplies,Central
JS-15880,John Stevenson,7,145.54,0.2,16.37,0,5,103.5,Consumer,Office Supplies,Central
JS-15880,John Stevenson,5,219.84,0.2,79.69,0,5,103.5,Consumer,Office Supplies,Central
JS-15940,Joni Sundaresam,7,21.56,0.0,10.35,0,5,124.86,Home Office,Office Supplies,Central
JS-15940,Joni Sundaresam,2,8.54,0.6,-7.48,0,5,124.86,Home Office,Furniture,Central
JS-15940,Joni Sundaresam,7,254.74,0.6,-312.06,0,5,124.86,Home Office,Furniture,Central
JS-15940,Joni Sundaresam,4,124.61,0.2,-23.36,0,5,124.86,Home Office,Office Supplies,East
JS-15940,Joni Sundaresam,3,7.56,0.2,2.65,0,5,124.86,Home Office,Office Supplies,East
JS-15940,Joni Sundaresam,3,11.95,0.2,4.03,0,5,124.86,Home Office,Office Supplies,East
JS-15940,Joni Sundaresam,4,28.0,0.2,7.7,0,5,124.86,Home Office,Furniture,East
JS-15940,Joni Sundaresam,7,12.2,0.7,-9.76,0,5,124.86,Home Office,Office Supplies,East
JS-16030,Joy Smith,4,19.46,0.2,3.4,0,6,80.82,Consumer,Office Supplies,East
JS-16030,Joy Smith,6,185.58,0.0,76.09,0,6,80.82,Consumer,Furniture,South
JS-16030,Joy Smith,2,77.56,0.0,35.68,0,6,80.82,Consumer,Office Supplies,South
JS-16030,Joy Smith,4,87.92,0.0,0.88,0,6,80.82,Consumer,Office Supplies,South
JS-16030,Joy Smith,6,245.94,0.0,120.51,0,6,80.82,Consumer,Office Supplies,South
JS-16030,Joy Smith,1,8.6,0.0,4.04,0,6,80.82,Consumer,Office Supplies,South
JS-16030,Joy Smith,5,504.9,0.0,126.23,0,6,80.82,Consumer,Furniture,South
JS-16030,Joy Smith,6,125.7,0.0,35.2,0,6,80.82,Consumer,Technology,Central
JS-16030,Joy Smith,2,191.98,0.0,51.83,0,6,80.82,Consumer,Technology,Central
JS-16030,Joy Smith,7,20.86,0.0,1.46,0,6,80.82,Consumer,Office Supplies,Central
JS-16030,Joy Smith,2,18.37,0.2,6.2,0,6,80.82,Consumer,Office Supplies,Central
JS-16030,Joy Smith,3,600.56,0.3,-8.58,0,6,80.82,Consumer,Furniture,Central
JS-16030,Joy Smith,3,50.35,0.2,-8.18,0,6,80.82,Consumer,Office Supplies,Central
JS-16030,Joy Smith,6,28.03,0.2,3.5,0,6,80.82,Consumer,Office Supplies,Central
JS-16030,Joy Smith,1,7.69,0.6,-3.65,0,6,80.82,Consumer,Furniture,Central
JS-16030,Joy Smith,3,39.62,0.2,13.87,0,6,80.82,Consumer,Office Supplies,West
JS-16030,Joy Smith,5,294.62,0.8,-766.01,0,6,80.82,Consumer,Office Supplies,Central
JS-16030,Joy Smith,4,8.75,0.6,-3.72,0,6,80.82,Consumer,Furniture,Central
JW-15220,Jane Waco,5,31.4,0.0,13.19,0,6,71.77,Corporate,Furniture,East
JW-15220,Jane Waco,1,9.48,0.0,3.79,0,6,71.77,Corporate,Furniture,East
JW-15220,Jane Waco,10,209.5,0.0,58.66,0,6,71.77,Corporate,Technology,East
JW-15220,Jane Waco,5,24.3,0.0,10.45,0,6,71.77,Corporate,Furniture,East
JW-15220,Jane Waco,1,6.48,0.0,3.11,0,6,71.77,Corporate,Office Supplies,East
JW-15220,Jane Waco,2,801.57,0.2,50.1,0,6,71.77,Corporate,Furniture,West
JW-15220,Jane Waco,9,368.91,0.0,180.77,0,6,71.77,Corporate,Office Supplies,West
JW-15220,Jane Waco,9,885.53,0.2,-99.62,0,6,71.77,Corporate,Furniture,West
JW-15220,Jane Waco,2,10.16,0.0,3.45,0,6,71.77,Corporate,Furniture,South
JW-15220,Jane Waco,6,209.94,0.0,39.89,0,6,71.77,Corporate,Technology,West
JW-15220,Jane Waco,2,31.98,0.2,-8.0,0,6,71.77,Corporate,Technology,West
JW-15220,Jane Waco,5,5083.96,0.2,1906.48,0,6,71.77,Corporate,Office Supplies,West
JW-15220,Jane Waco,2,9.64,0.0,3.66,0,6,71.77,Corporate,Furniture,West
JW-15220,Jane Waco,7,38.86,0.2,7.77,0,6,71.77,Corporate,Office Supplies,East
JW-15955,Joni Wasserman,7,44.69,0.2,3.35,0,7,86.2,Consumer,Office Supplies,East
JW-15955,Joni Wasserman,3,301.47,0.5,-205.0,0,7,86.2,Consumer,Furniture,East
JW-15955,Joni Wasserman,1,2.61,0.0,1.2,0,7,86.2,Consumer,Office Supplies,South
JW-15955,Joni Wasserman,1,11.54,0.0,3.46,0,7,86.2,Consumer,Technology,West
JW-15955,Joni Wasserman,3,162.6,0.0,34.15,0,7,86.2,Consumer,Furniture,West
JW-15955,Joni Wasserman,4,194.85,0.2,12.18,0,7,86.2,Consumer,Furniture,South
JW-15955,Joni Wasserman,2,11.68,0.0,5.49,0,7,86.2,Consumer,Office Supplies,East
JW-15955,Joni Wasserman,10,104.8,0.0,26.2,0,7,86.2,Consumer,Office Supplies,East
JW-15955,Joni Wasserman,2,9.46,0.0,3.69,0,7,86.2,Consumer,Furniture,West
JW-15955,Joni Wasserman,3,95.94,0.0,9.59,0,7,86.2,Consumer,Office Supplies,South
JW-15955,Joni Wasserman,5,304.45,0.0,76.11,0,7,86.2,Consumer,Furniture,South
JW-16075,Julia West,4,962.08,0.2,156.34,0,4,92.33,Consumer,Office Supplies,South
JW-16075,Julia West,3,12.84,0.7,-9.85,0,4,92.33,Consumer,Office Supplies,South
JW-16075,Julia West,14,295.46,0.2,96.02,0,4,92.33,Consumer,Office Supplies,South
JW-16075,Julia West,7,53.09,0.8,-108.83,0,4,92.33,Consumer,Office Supplies,Central
JW-16075,Julia West,1,9.34,0.2,3.5,0,4,92.33,Consumer,Office Supplies,East
JW-16075,Julia West,5,79.36,0.2,9.92,0,4,92.33,Consumer,Office Supplies,East
JW-16075,Julia West,4,16.56,0.0,6.96,0,4,92.33,Consumer,Office Supplies,West
KA-16525,Kelly Andreada,14,108.92,0.0,49.01,0,7,135.4,Consumer,Office Supplies,East
KA-16525,Kelly Andreada,7,286.79,0.0,74.57,0,7,135.4,Consumer,Office Supplies,East
KA-16525,Kelly Andreada,2,17.9,0.0,3.4,0,7,135.4,Consumer,Technology,West
KA-16525,Kelly Andreada,2,81.96,0.0,0.0,0,7,135.4,Consumer,Office Supplies,West
KA-16525,Kelly Andreada,6,186.05,0.2,67.44,0,7,135.4,Consumer,Office Supplies,Central
KA-16525,Kelly Andreada,6,35.1,0.0,10.18,0,7,135.4,Consumer,Office Supplies,West
KA-16525,Kelly Andreada,5,283.92,0.2,-46.14,0,7,135.4,Consumer,Furniture,West
KA-16525,Kelly Andreada,9,16.38,0.0,7.37,0,7,135.4,Consumer,Office Supplies,East
KA-16525,Kelly Andreada,2,167.96,0.0,78.94,0,7,135.4,Consumer,Office Supplies,East
KA-16525,Kelly Andreada,2,321.57,0.2,-16.08,0,7,135.4,Consumer,Furniture,East
KA-16525,Kelly Andreada,2,12.96,0.0,6.22,0,7,135.4,Consumer,Office Supplies,East
KB-16240,Karen Bern,1,1.87,0.7,-1.31,0,7,151.78,Corporate,Office Supplies,South
KB-16240,Karen Bern,1,190.72,0.2,11.92,0,7,151.78,Corporate,Furniture,West
KB-16240,Karen Bern,2,24.4,0.2,7.93,0,7,151.78,Corporate,Office Supplies,East
KB-16240,Karen Bern,4,132.22,0.2,-18.18,0,7,151.78,Corporate,Furniture,South
KB-16240,Karen Bern,5,1287.45,0.0,244.62,0,7,151.78,Corporate,Technology,West
KB-16240,Karen Bern,5,168.1,0.0,43.71,0,7,151.78,Corporate,Office Supplies,West
KB-16240,Karen Bern,4,72.0,0.0,12.96,0,7,151.78,Corporate,Technology,Central
KB-16240,Karen Bern,5,655.9,0.0,275.48,0,7,151.78,Corporate,Technology,Central
KB-16240,Karen Bern,4,603.92,0.0,181.18,0,7,151.78,Corporate,Furniture,Central
KB-16240,Karen Bern,3,16.03,0.2,5.61,0,7,151.78,Corporate,Office Supplies,Central
KB-16315,Karl Braun,4,10.68,0.0,4.06,0,9,44.1,Consumer,Furniture,East
KB-16315,Karl Braun,3,17.34,0.0,8.5,0,9,44.1,Consumer,Office Supplies,East
KB-16315,Karl Braun,1,3.38,0.0,1.55,0,9,44.1,Consumer,Office Supplies,East
KB-16315,Karl Braun,3,182.35,0.2,-18.24,0,9,44.1,Consumer,Furniture,East
KB-16315,Karl Braun,2,118.16,0.2,-25.11,0,9,44.1,Consumer,Office Supplies,East
KB-16315,Karl Braun,2,12.96,0.0,6.22,0,9,44.1,Consumer,Office Supplies,Central
KB-16315,Karl Braun,3,53.34,0.0,16.54,0,9,44.1,Consumer,Furniture,Central
KB-16315,Karl Braun,2,32.96,0.0,16.15,0,9,44.1,Consumer,Office Supplies,Central
KB-16315,Karl Braun,2,14.95,0.7,-11.96,0,9,44.1,Consumer,Office Supplies,East
KB-16315,Karl Braun,3,323.98,0.4,-81.0,0,9,44.1,Consumer,Technology,East
KB-16315,Karl Braun,2,2.29,0.7,-1.68,0,9,44.1,Consumer,Office Supplies,East
KB-16315,Karl Braun,3,14.35,0.2,0.9,0,9,44.1,Consumer,Office Supplies,East
KB-16315,Karl Braun,3,71.98,0.2,0.9,0,9,44.1,Consumer,Technology,East
KB-16315,Karl Braun,3,47.82,0.0,14.35,0,9,44.1,Consumer,Office Supplies,East
KB-16315,Karl Braun,5,13.05,0.0,6.0,0,9,44.1,Consumer,Office Supplies,East
KB-16315,Karl Braun,3,12.39,0.0,5.7,0,9,44.1,Consumer,Office Supplies,Central
KB-16315,Karl Braun,3,11.95,0.2,4.03,0,9,44.1,Consumer,Office Supplies,South
KB-16315,Karl Braun,3,15.55,0.2,5.64,0,9,44.1,Consumer,Office Supplies,South
KB-16315,Karl Braun,3,95.95,0.2,29.98,0,9,44.1,Consumer,Office Supplies,South
KB-16315,Karl Braun,2,3.2,0.7,-2.46,0,9,44.1,Consumer,Office Supplies,South
KB-16315,Karl Braun,2,479.98,0.2,60.0,0,9,44.1,Consumer,Technology,West
KB-16315,Karl Braun,5,30.84,0.2,9.64,0,9,44.1,Consumer,Office Supplies,West
KB-16405,Katrina Bavinger,6,119.04,0.0,30.95,0,3,81.75,Home Office,Office Supplies,West
KB-16405,Katrina Bavinger,3,22.14,0.0,6.42,0,3,81.75,Home Office,Furniture,West
KB-16405,Katrina Bavinger,2,13.98,0.0,6.01,0,3,81.75,Home Office,Technology,West
KB-16405,Katrina Bavinger,4,419.4,0.0,201.31,0,3,81.75,Home Office,Office Supplies,East
KB-16405,Katrina Bavinger,1,90.8,0.1,14.12,0,3,81.75,Home Office,Furniture,East
KB-16405,Katrina Bavinger,2,181.76,0.1,-8.08,0,3,81.75,Home Office,Furniture,East
KB-16405,Katrina Bavinger,2,5.56,0.0,2.22,0,3,81.75,Home Office,Office Supplies,East
KB-16405,Katrina Bavinger,2,12.96,0.0,6.22,0,3,81.75,Home Office,Office Supplies,West
KB-16405,Katrina Bavinger,3,43.18,0.2,15.11,0,3,81.75,Home Office,Technology,West
KB-16585,Ken Black,5,232.55,0.0,9.3,0,12,51.64,Corporate,Office Supplies,South
KB-16585,Ken Black,2,99.98,0.0,42.99,0,12,51.64,Corporate,Technology,South
KB-16585,Ken Black,3,19.44,0.0,9.33,0,12,51.64,Corporate,Office Supplies,South
KB-16585,Ken Black,2,12.96,0.0,6.35,0,12,51.64,Corporate,Office Supplies,South
KB-16585,Ken Black,3,15.55,0.2,5.44,0,12,51.64,Corporate,Office Supplies,Central
KB-16585,Ken Black,9,1013.83,0.2,101.38,0,12,51.64,Corporate,Furniture,South
KB-16585,Ken Black,2,1.98,0.2,0.67,0,12,51.64,Corporate,Office Supplies,South
KB-16585,Ken Black,6,89.82,0.0,25.15,0,12,51.64,Corporate,Office Supplies,East
KB-16585,Ken Black,3,34.65,0.0,9.7,0,12,51.64,Corporate,Office Supplies,West
KB-16585,Ken Black,5,19.8,0.2,1.73,0,12,51.64,Corporate,Technology,West
KB-16585,Ken Black,2,9.76,0.7,-6.83,0,12,51.64,Corporate,Office Supplies,West
KB-16585,Ken Black,5,8.72,0.2,2.29,0,12,51.64,Corporate,Office Supplies,West
KB-16585,Ken Black,3,91.18,0.2,4.56,0,12,51.64,Corporate,Technology,West
KB-16585,Ken Black,4,159.97,0.2,29.99,0,12,51.64,Corporate,Technology,West
KB-16585,Ken Black,4,79.92,0.0,34.37,0,12,51.64,Corporate,Furniture,West
KB-16585,Ken Black,2,69.98,0.0,13.3,0,12,51.64,Corporate,Technology,West
KB-16585,Ken Black,2,70.37,0.2,6.16,0,12,51.64,Corporate,Office Supplies,Central
KB-16585,Ken Black,5,59.96,0.2,21.74,0,12,51.64,Corporate,Technology,Central
KB-16585,Ken Black,7,19.46,0.0,5.06,0,12,51.64,Corporate,Office Supplies,Central
KB-16585,Ken Black,7,60.34,0.0,15.69,0,12,51.64,Corporate,Office Supplies,Central
KB-16585,Ken Black,7,69.93,0.0,32.17,0,12,51.64,Corporate,Technology,East
KB-16585,Ken Black,9,440.19,0.0,206.89,0,12,51.64,Corporate,Office Supplies,West
KB-16585,Ken Black,5,64.4,0.0,1.93,0,12,51.64,Corporate,Office Supplies,West
KB-16600,Ken Brennan,3,9.84,0.0,2.85,0,7,136.88,Corporate,Office Supplies,Central
KB-16600,Ken Brennan,3,34.02,0.0,16.67,0,7,136.88,Corporate,Office Supplies,Central
KB-16600,Ken Brennan,6,61.38,0.0,15.96,0,7,136.88,Corporate,Office Supplies,West
KB-16600,Ken Brennan,1,0.84,0.8,-1.34,0,7,136.88,Corporate,Office Supplies,Central
KB-16600,Ken Brennan,5,629.95,0.0,163.79,0,7,136.88,Corporate,Technology,East
KB-16600,Ken Brennan,3,1.25,0.8,-1.93,0,7,136.88,Corporate,Office Supplies,Central
KB-16600,Ken Brennan,3,9.71,0.6,-5.82,0,7,136.88,Corporate,Furniture,Central
KB-16600,Ken Brennan,3,27.24,0.2,2.72,0,7,136.88,Corporate,Office Supplies,Central
KB-16600,Ken Brennan,2,209.7,0.0,100.66,0,7,136.88,Corporate,Office Supplies,Central
KC-16255,Karen Carlisle,3,32.97,0.0,12.86,0,6,89.11,Corporate,Technology,South
KC-16255,Karen Carlisle,4,83.88,0.0,30.2,0,6,89.11,Corporate,Technology,South
KC-16255,Karen Carlisle,2,5.76,0.0,1.61,0,6,89.11,Corporate,Office Supplies,East
KC-16255,Karen Carlisle,3,94.74,0.0,44.53,0,6,89.11,Corporate,Office Supplies,South
KC-16255,Karen Carlisle,4,60.64,0.0,27.89,0,6,89.11,Corporate,Office Supplies,South
KC-16255,Karen Carlisle,5,76.3,0.0,38.15,0,6,89.11,Corporate,Office Supplies,South
KC-16255,Karen Carlisle,12,364.8,0.0,167.81,0,6,89.11,Corporate,Office Supplies,South
KC-16255,Karen Carlisle,1,64.78,0.2,-12.96,0,6,89.11,Corporate,Office Supplies,East
KC-16255,Karen Carlisle,2,17.12,0.0,8.05,0,6,89.11,Corporate,Office Supplies,West
KC-16255,Karen Carlisle,4,1319.96,0.0,527.98,0,6,89.11,Corporate,Technology,South
KC-16540,Kelly Collister,9,447.93,0.0,49.27,0,4,173.0,Consumer,Technology,West
KC-16540,Kelly Collister,1,7.61,0.0,3.58,0,4,173.0,Consumer,Office Supplies,West
KC-16540,Kelly Collister,13,3347.37,0.0,636.0,0,4,173.0,Consumer,Technology,West
KC-16540,Kelly Collister,2,2.3,0.8,-3.9,0,4,173.0,Consumer,Office Supplies,Central
KC-16540,Kelly Collister,3,103.06,0.2,24.48,0,4,173.0,Consumer,Furniture,East
KC-16675,Kimberly Carter,3,12.39,0.0,5.82,0,4,176.0,Corporate,Office Supplies,South
KC-16675,Kimberly Carter,8,390.27,0.2,-24.39,0,4,176.0,Corporate,Furniture,South
KC-16675,Kimberly Carter,13,62.19,0.2,19.43,0,4,176.0,Corporate,Office Supplies,South
KC-16675,Kimberly Carter,3,208.44,0.0,62.53,0,4,176.0,Corporate,Office Supplies,South
KC-16675,Kimberly Carter,2,25.76,0.0,0.77,0,4,176.0,Corporate,Office Supplies,South
KC-16675,Kimberly Carter,7,139.86,0.0,65.73,0,4,176.0,Corporate,Office Supplies,West
KC-16675,Kimberly Carter,4,307.14,0.2,26.87,0,4,176.0,Corporate,Furniture,West
KD-16270,Karen Daniels,5,896.99,0.8,-1480.03,0,5,44.07,Consumer,Office Supplies,Central
KD-16270,Karen Daniels,1,1.23,0.8,-1.97,0,5,44.07,Consumer,Office Supplies,Central
KD-16270,Karen Daniels,3,67.56,0.2,6.76,0,5,44.07,Consumer,Office Supplies,Central
KD-16270,Karen Daniels,5,21.72,0.2,7.87,0,5,44.07,Consumer,Office Supplies,Central
KD-16270,Karen Daniels,8,262.34,0.2,95.1,0,5,44.07,Consumer,Office Supplies,Central
KD-16270,Karen Daniels,2,148.48,0.2,16.7,0,5,44.07,Consumer,Technology,Central
KD-16270,Karen Daniels,3,241.18,0.2,15.07,0,5,44.07,Consumer,Technology,Central
KD-16270,Karen Daniels,6,299.94,0.0,128.97,0,5,44.07,Consumer,Technology,West
KD-16270,Karen Daniels,7,25.76,0.0,0.52,0,5,44.07,Consumer,Office Supplies,West
KD-16270,Karen Daniels,8,836.59,0.4,-264.92,0,5,44.07,Consumer,Furniture,East
KD-16270,Karen Daniels,1,26.38,0.0,12.13,0,5,44.07,Consumer,Office Supplies,East
KD-16270,Karen Daniels,2,362.92,0.0,105.25,0,5,44.07,Consumer,Office Supplies,East
KD-16270,Karen Daniels,7,4899.93,0.0,2400.97,0,5,44.07,Consumer,Technology,East
KD-16270,Karen Daniels,2,75.88,0.0,35.66,0,5,44.07,Consumer,Office Supplies,South
KD-16270,Karen Daniels,2,75.48,0.0,19.62,0,5,44.07,Consumer,Office Supplies,East
KD-16270,Karen Daniels,2,39.98,0.0,9.99,0,5,44.07,Consumer,Furniture,East
KD-16345,Katherine Ducich,5,57.75,0.0,16.17,0,6,130.44,Consumer,Office Supplies,East
KD-16345,Katherine Ducich,3,14.94,0.0,7.02,0,6,130.44,Consumer,Office Supplies,East
KD-16345,Katherine Ducich,6,90.24,0.0,41.51,0,6,130.44,Consumer,Office Supplies,West
KD-16345,Katherine Ducich,2,5.98,0.2,2.24,0,6,130.44,Consumer,Office Supplies,East
KD-16345,Katherine Ducich,4,861.76,0.0,249.91,0,6,130.44,Consumer,Technology,East
KD-16345,Katherine Ducich,2,159.98,0.2,12.0,0,6,130.44,Consumer,Technology,Central
KD-16345,Katherine Ducich,4,255.97,0.2,51.19,0,6,130.44,Consumer,Technology,Central
KD-16345,Katherine Ducich,3,359.06,0.3,-71.81,0,6,130.44,Consumer,Furniture,Central
KD-16345,Katherine Ducich,3,51.31,0.2,17.96,0,6,130.44,Consumer,Office Supplies,West
KD-16345,Katherine Ducich,4,31.97,0.2,2.4,0,6,130.44,Consumer,Technology,West
KD-16495,Keith Dawkins,8,96.26,0.2,31.28,0,12,39.89,Corporate,Office Supplies,South
KD-16495,Keith Dawkins,2,10.69,0.2,3.74,0,12,39.89,Corporate,Office Supplies,South
KD-16495,Keith Dawkins,5,67.15,0.0,16.79,0,12,39.89,Corporate,Office Supplies,East
KD-16495,Keith Dawkins,2,549.98,0.0,142.99,0,12,39.89,Corporate,Technology,East
KD-16495,Keith Dawkins,3,11.82,0.0,4.73,0,12,39.89,Corporate,Furniture,East
KD-16495,Keith Dawkins,4,4643.8,0.0,2229.02,0,12,39.89,Corporate,Technology,East
KD-16495,Keith Dawkins,2,577.76,0.1,115.55,0,12,39.89,Corporate,Furniture,East
KD-16495,Keith Dawkins,4,61.68,0.0,16.65,0,12,39.89,Corporate,Office Supplies,South
KD-16495,Keith Dawkins,4,63.96,0.0,30.7,0,12,39.89,Corporate,Office Supplies,South
KD-16495,Keith Dawkins,2,3.9,0.0,1.52,0,12,39.89,Corporate,Office Supplies,Central
KD-16495,Keith Dawkins,2,801.96,0.0,200.49,0,12,39.89,Corporate,Furniture,Central
KD-16495,Keith Dawkins,2,191.96,0.0,32.63,0,12,39.89,Corporate,Furniture,Central
KD-16495,Keith Dawkins,1,2.61,0.0,1.2,0,12,39.89,Corporate,Office Supplies,Central
KD-16495,Keith Dawkins,2,6.16,0.0,1.97,0,12,39.89,Corporate,Furniture,South
KD-16495,Keith Dawkins,2,56.3,0.0,15.76,0,12,39.89,Corporate,Office Supplies,South
KD-16495,Keith Dawkins,2,273.67,0.15,-12.88,0,12,39.89,Corporate,Furniture,West
KD-16495,Keith Dawkins,4,17.48,0.0,4.54,0,12,39.89,Corporate,Office Supplies,West
KD-16495,Keith Dawkins,2,24.7,0.2,9.26,0,12,39.89,Corporate,Office Supplies,West
KD-16495,Keith Dawkins,3,59.7,0.0,26.86,0,12,39.89,Corporate,Office Supplies,West
KD-16495,Keith Dawkins,3,14.52,0.0,5.66,0,12,39.89,Corporate,Furniture,West
KD-16495,Keith Dawkins,3,104.18,0.2,33.86,0,12,39.89,Corporate,Office Supplies,West
KD-16495,Keith Dawkins,2,3.68,0.0,1.8,0,12,39.89,Corporate,Office Supplies,East
KD-16495,Keith Dawkins,6,6.92,0.8,-10.39,0,12,39.89,Corporate,Office Supplies,Central
KD-16495,Keith Dawkins,3,25.86,0.0,6.72,0,12,39.89,Corporate,Office Supplies,West
KD-16495,Keith Dawkins,2,276.78,0.2,89.95,0,12,39.89,Corporate,Office Supplies,West
KD-16495,Keith Dawkins,3,110.35,0.2,8.28,0,12,39.89,Corporate,Technology,West
KD-16495,Keith Dawkins,3,17.54,0.2,5.92,0,12,39.89,Corporate,Office Supplies,East
KD-16495,Keith Dawkins,3,99.87,0.0,23.97,0,12,39.89,Corporate,Office Supplies,West
KD-16615,Ken Dana,7,131.88,0.0,55.39,0,5,45.83,Corporate,Furniture,West
KD-16615,Ken Dana,3,25.03,0.2,7.82,0,5,45.83,Corporate,Office Supplies,West
KD-16615,Ken Dana,3,717.72,0.2,71.77,0,5,45.83,Corporate,Furniture,West
KD-16615,Ken Dana,5,207.35,0.0,24.88,0,5,45.83,Corporate,Furniture,West
KD-16615,Ken Dana,3,44.67,0.0,12.06,0,5,45.83,Corporate,Furniture,West
KD-16615,Ken Dana,2,209.7,0.0,100.66,0,5,45.83,Corporate,Office Supplies,West
KD-16615,Ken Dana,7,111.89,0.2,22.38,0,5,45.83,Corporate,Furniture,West
KD-16615,Ken Dana,8,146.69,0.2,45.84,0,5,45.83,Corporate,Office Supplies,East
KD-16615,Ken Dana,2,107.65,0.2,33.64,0,5,45.83,Corporate,Office Supplies,West
KD-16615,Ken Dana,2,310.12,0.0,80.63,0,5,45.83,Corporate,Office Supplies,West
KD-16615,Ken Dana,6,70.46,0.2,22.9,0,5,45.83,Corporate,Office Supplies,West
KD-16615,Ken Dana,5,19.68,0.2,6.89,0,5,45.83,Corporate,Office Supplies,West
KD-16615,Ken Dana,3,140.67,0.0,54.86,0,5,45.83,Corporate,Office Supplies,West
KE-16420,Katrina Edelman,2,11.16,0.0,5.58,0,8,95.79,Corporate,Office Supplies,West
KE-16420,Katrina Edelman,3,62.31,0.0,22.43,0,8,95.79,Corporate,Technology,West
KE-16420,Katrina Edelman,2,159.98,0.0,57.59,0,8,95.79,Corporate,Technology,West
KE-16420,Katrina Edelman,3,170.35,0.2,10.65,0,8,95.79,Corporate,Furniture,South
KE-16420,Katrina Edelman,4,177.54,0.2,62.14,0,8,95.79,Corporate,Office Supplies,West
KE-16420,Katrina Edelman,2,32.43,0.2,3.24,0,8,95.79,Corporate,Office Supplies,West
KE-16420,Katrina Edelman,8,5.73,0.8,-9.16,0,8,95.79,Corporate,Office Supplies,Central
KE-16420,Katrina Edelman,10,42.24,0.2,13.2,0,8,95.79,Corporate,Office Supplies,Central
KE-16420,Katrina Edelman,3,80.88,0.0,39.63,0,8,95.79,Corporate,Office Supplies,East
KE-16420,Katrina Edelman,10,599.9,0.0,191.97,0,8,95.79,Corporate,Technology,East
KE-16420,Katrina Edelman,9,60.05,0.2,22.52,0,8,95.79,Corporate,Office Supplies,West
KE-16420,Katrina Edelman,1,5.02,0.7,-3.52,0,8,95.79,Corporate,Office Supplies,West
KE-16420,Katrina Edelman,4,61.79,0.2,6.18,0,8,95.79,Corporate,Office Supplies,Central
KE-16420,Katrina Edelman,3,206.0,0.32,-27.26,0,8,95.79,Corporate,Furniture,Central
KE-16420,Katrina Edelman,3,11.35,0.2,2.7,0,8,95.79,Corporate,Furniture,East
KF-16285,Karen Ferguson,3,585.55,0.2,73.19,0,7,64.35,Home Office,Furniture,West
KF-16285,Karen Ferguson,3,19.44,0.0,9.33,0,7,64.35,Home Office,Office Supplies,West
KF-16285,Karen Ferguson,5,14.9,0.0,7.15,0,7,64.35,Home Office,Office Supplies,West
KF-16285,Karen Ferguson,8,4158.91,0.2,363.9,0,7,64.35,Home Office,Technology,West
KF-16285,Karen Ferguson,3,314.55,0.0,150.98,0,7,64.35,Home Office,Office Supplies,West
KF-16285,Karen Ferguson,4,2591.56,0.0,621.97,0,7,64.35,Home Office,Office Supplies,East
KF-16285,Karen Ferguson,5,41.95,0.0,10.49,0,7,64.35,Home Office,Office Supplies,East
KF-16285,Karen Ferguson,4,443.92,0.0,13.32,0,7,64.35,Home Office,Office Supplies,Central
KF-16285,Karen Ferguson,1,169.99,0.0,78.2,0,7,64.35,Home Office,Office Supplies,Central
KF-16285,Karen Ferguson,4,25.92,0.0,12.44,0,7,64.35,Home Office,Office Supplies,Central
KF-16285,Karen Ferguson,2,12.96,0.0,6.22,0,7,64.35,Home Office,Office Supplies,West
KF-16285,Karen Ferguson,2,22.18,0.0,10.87,0,7,64.35,Home Office,Office Supplies,West
KF-16285,Karen Ferguson,8,2054.27,0.2,256.78,0,7,64.35,Home Office,Furniture,West
KF-16285,Karen Ferguson,1,15.51,0.0,3.88,0,7,64.35,Home Office,Office Supplies,South
KF-16285,Karen Ferguson,2,89.9,0.0,25.17,0,7,64.35,Home Office,Technology,South
KF-16285,Karen Ferguson,4,14.28,0.0,3.71,0,7,64.35,Home Office,Office Supplies,South
KF-16285,Karen Ferguson,3,12.72,0.0,4.96,0,7,64.35,Home Office,Office Supplies,South
KF-16285,Karen Ferguson,5,15.75,0.0,7.56,0,7,64.35,Home Office,Office Supplies,South
KH-16330,Katharine Harms,4,66.96,0.0,2.68,0,8,78.18,Corporate,Office Supplies,East
KH-16330,Katharine Harms,2,6.24,0.0,3.06,0,8,78.18,Corporate,Office Supplies,East
KH-16330,Katharine Harms,2,45.25,0.2,3.96,0,8,78.18,Corporate,Office Supplies,Central
KH-16330,Katharine Harms,3,34.74,0.0,17.37,0,8,78.18,Corporate,Office Supplies,East
KH-16330,Katharine Harms,6,833.94,0.0,216.82,0,8,78.18,Corporate,Technology,East
KH-16330,Katharine Harms,3,12.96,0.2,4.54,0,8,78.18,Corporate,Office Supplies,East
KH-16330,Katharine Harms,4,25.92,0.0,12.44,0,8,78.18,Corporate,Office Supplies,East
KH-16330,Katharine Harms,7,37.46,0.2,12.18,0,8,78.18,Corporate,Office Supplies,Central
KH-16330,Katharine Harms,3,539.66,0.3,-7.71,0,8,78.18,Corporate,Furniture,Central
KH-16330,Katharine Harms,1,140.81,0.0,39.43,0,8,78.18,Corporate,Furniture,South
KH-16330,Katharine Harms,6,760.12,0.3,-43.44,0,8,78.18,Corporate,Furniture,East
KH-16330,Katharine Harms,3,38.78,0.2,7.27,0,8,78.18,Corporate,Furniture,East
KH-16330,Katharine Harms,9,122.33,0.2,1.53,0,8,78.18,Corporate,Technology,East
KH-16330,Katharine Harms,3,19.61,0.2,6.62,0,8,78.18,Corporate,Office Supplies,West
KH-16330,Katharine Harms,7,4.16,0.7,-3.46,0,8,78.18,Corporate,Office Supplies,West
KH-16330,Katharine Harms,3,2.97,0.0,1.34,0,8,78.18,Corporate,Technology,East
KH-16330,Katharine Harms,1,569.99,0.0,171.0,0,8,78.18,Corporate,Technology,East
KH-16330,Katharine Harms,3,50.97,0.0,9.17,0,8,78.18,Corporate,Furniture,East
KH-16360,Katherine Hughes,2,19.98,0.0,5.19,0,6,103.08,Consumer,Technology,East
KH-16360,Katherine Hughes,6,56.06,0.2,21.02,0,6,103.08,Consumer,Office Supplies,Central
KH-16360,Katherine Hughes,2,107.77,0.3,-29.25,0,6,103.08,Consumer,Furniture,Central
KH-16360,Katherine Hughes,1,4.83,0.2,1.63,0,6,103.08,Consumer,Office Supplies,Central
KH-16360,Katherine Hughes,3,18.24,0.8,-31.01,0,6,103.08,Consumer,Office Supplies,Central
KH-16360,Katherine Hughes,2,7.7,0.0,3.16,0,6,103.08,Consumer,Office Supplies,South
KH-16360,Katherine Hughes,4,9.25,0.2,3.12,0,6,103.08,Consumer,Office Supplies,Central
KH-16360,Katherine Hughes,2,1036.62,0.2,51.83,0,6,103.08,Consumer,Office Supplies,Central
KH-16360,Katherine Hughes,4,25.47,0.2,7.64,0,6,103.08,Consumer,Furniture,East
KH-16360,Katherine Hughes,8,1207.84,0.0,314.04,0,6,103.08,Consumer,Furniture,South
KH-16360,Katherine Hughes,1,12.53,0.0,5.89,0,6,103.08,Consumer,Office Supplies,South
KH-16360,Katherine Hughes,1,34.58,0.0,10.03,0,6,103.08,Consumer,Office Supplies,South
KH-16360,Katherine Hughes,1,300.98,0.0,87.28,0,6,103.08,Consumer,Furniture,South
KH-16360,Katherine Hughes,3,258.75,0.0,77.62,0,6,103.08,Consumer,Furniture,South
KH-16510,Keith Herrera,8,30.96,0.8,-52.63,0,7,55.05,Consumer,Office Supplies,Central
KH-16510,Keith Herrera,2,99.98,0.0,34.99,0,7,55.05,Consumer,Technology,West
KH-16510,Keith Herrera,3,31.05,0.0,14.9,0,7,55.05,Consumer,Office Supplies,West
KH-16510,Keith Herrera,3,60.84,0.0,19.47,0,7,55.05,Consumer,Furniture,South
KH-16510,Keith Herrera,2,450.04,0.0,58.51,0,7,55.05,Consumer,Office Supplies,South
KH-16510,Keith Herrera,2,34.6,0.0,16.61,0,7,55.05,Consumer,Office Supplies,South
KH-16510,Keith Herrera,3,467.97,0.0,140.39,0,7,55.05,Consumer,Technology,South
KH-16510,Keith Herrera,2,33.02,0.0,15.85,0,7,55.05,Consumer,Office Supplies,South
KH-16510,Keith Herrera,2,9.87,0.2,3.46,0,7,55.05,Consumer,Office Supplies,West
KH-16510,Keith Herrera,4,683.33,0.15,-40.2,0,7,55.05,Consumer,Furniture,West
KH-16510,Keith Herrera,7,29.96,0.0,13.48,0,7,55.05,Consumer,Office Supplies,West
KH-16510,Keith Herrera,2,24.0,0.2,-2.7,0,7,55.05,Consumer,Technology,Central
KH-16510,Keith Herrera,3,15.55,0.2,5.44,0,7,55.05,Consumer,Office Supplies,Central
KH-16510,Keith Herrera,2,26.18,0.2,-3.27,0,7,55.05,Consumer,Technology,Central
KH-16510,Keith Herrera,5,179.95,0.0,37.79,0,7,55.05,Consumer,Technology,West
KH-16510,Keith Herrera,3,1199.98,0.2,434.99,0,7,55.05,Consumer,Technology,West
KH-16510,Keith Herrera,5,27.15,0.0,13.3,0,7,55.05,Consumer,Office Supplies,West
KH-16510,Keith Herrera,7,1004.02,0.2,-112.95,0,7,55.05,Consumer,Furniture,West
KH-16510,Keith Herrera,1,9.68,0.0,4.65,0,7,55.05,Consumer,Office Supplies,West
KH-16510,Keith Herrera,9,28.35,0.0,13.61,0,7,55.05,Consumer,Office Supplies,West
KH-16510,Keith Herrera,1,55.98,0.0,27.43,0,7,55.05,Consumer,Office Supplies,West
KH-16510,Keith Herrera,13,1336.83,0.15,31.45,0,7,55.05,Consumer,Furniture,West
KH-16510,Keith Herrera,2,113.57,0.2,-18.45,0,7,55.05,Consumer,Furniture,West
KH-16630,Ken Heidel,5,7.52,0.2,1.41,0,9,68.56,Corporate,Office Supplies,South
KH-16630,Ken Heidel,3,10.27,0.2,0.9,0,9,68.56,Corporate,Office Supplies,South
KH-16630,Ken Heidel,12,47.81,0.2,15.54,0,9,68.56,Corporate,Office Supplies,South
KH-16630,Ken Heidel,9,978.84,0.2,110.12,0,9,68.56,Corporate,Technology,South
KH-16630,Ken Heidel,3,12.14,0.2,4.1,0,9,68.56,Corporate,Office Supplies,West
KH-16630,Ken Heidel,2,41.96,0.0,7.97,0,9,68.56,Corporate,Office Supplies,East
KH-16630,Ken Heidel,7,636.86,0.0,0.0,0,9,68.56,Corporate,Office Supplies,East
KH-16630,Ken Heidel,1,499.99,0.0,130.0,0,9,68.56,Corporate,Technology,East
KH-16630,Ken Heidel,7,1259.93,0.0,327.58,0,9,68.56,Corporate,Technology,East
KH-16630,Ken Heidel,4,65.08,0.0,31.89,0,9,68.56,Corporate,Office Supplies,East
KH-16630,Ken Heidel,4,15.71,0.2,5.7,0,9,68.56,Corporate,Office Supplies,Central
KH-16630,Ken Heidel,4,63.88,0.0,24.91,0,9,68.56,Corporate,Technology,Central
KH-16630,Ken Heidel,3,85.06,0.2,28.71,0,9,68.56,Corporate,Office Supplies,East
KH-16630,Ken Heidel,6,143.95,0.2,17.99,0,9,68.56,Corporate,Technology,West
KH-16630,Ken Heidel,3,19.44,0.0,9.33,0,9,68.56,Corporate,Office Supplies,West
KH-16630,Ken Heidel,6,6.67,0.2,0.5,0,9,68.56,Corporate,Office Supplies,Central
KH-16630,Ken Heidel,5,23.85,0.0,10.73,0,9,68.56,Corporate,Office Supplies,West
KH-16690,Kristen Hastings,7,3499.93,0.0,909.98,0,7,98.43,Corporate,Technology,South
KH-16690,Kristen Hastings,5,14.4,0.0,6.62,0,7,98.43,Corporate,Office Supplies,South
KH-16690,Kristen Hastings,3,122.97,0.0,60.26,0,7,98.43,Corporate,Office Supplies,South
KH-16690,Kristen Hastings,4,9.32,0.0,2.7,0,7,98.43,Corporate,Office Supplies,South
KH-16690,Kristen Hastings,3,122.94,0.0,59.01,0,7,98.43,Corporate,Office Supplies,South
KH-16690,Kristen Hastings,3,51.45,0.0,13.89,0,7,98.43,Corporate,Office Supplies,East
KH-16690,Kristen Hastings,6,146.54,0.2,47.63,0,7,98.43,Corporate,Office Supplies,West
KH-16690,Kristen Hastings,3,131.9,0.2,47.82,0,7,98.43,Corporate,Office Supplies,West
KH-16690,Kristen Hastings,5,203.88,0.2,20.39,0,7,98.43,Corporate,Office Supplies,West
KH-16690,Kristen Hastings,7,14.3,0.7,-10.49,0,7,98.43,Corporate,Office Supplies,West
KH-16690,Kristen Hastings,10,718.64,0.2,-161.69,0,7,98.43,Corporate,Office Supplies,West
KH-16690,Kristen Hastings,2,12.96,0.0,6.22,0,7,98.43,Corporate,Office Supplies,West
KH-16690,Kristen Hastings,6,95.76,0.2,7.18,0,7,98.43,Corporate,Technology,West
KH-16690,Kristen Hastings,1,119.96,0.2,7.5,0,7,98.43,Corporate,Technology,West
KH-16690,Kristen Hastings,4,725.84,0.0,210.49,0,7,98.43,Corporate,Office Supplies,West
KL-16555,Kelly Lampkin,2,99.92,0.3,-18.56,0,8,60.86,Corporate,Furniture,Central
KL-16555,Kelly Lampkin,4,797.94,0.3,-57.0,0,8,60.86,Corporate,Furniture,Central
KL-16555,Kelly Lampkin,3,8.57,0.8,-14.57,0,8,60.86,Corporate,Office Supplies,Central
KL-16555,Kelly Lampkin,8,300.42,0.2,78.86,0,8,60.86,Corporate,Furniture,West
KL-16555,Kelly Lampkin,3,230.35,0.2,20.16,0,8,60.86,Corporate,Furniture,West
KL-16555,Kelly Lampkin,3,218.35,0.2,-24.56,0,8,60.86,Corporate,Furniture,West
KL-16555,Kelly Lampkin,5,78.6,0.7,-62.88,0,8,60.86,Corporate,Office Supplies,West
KL-16555,Kelly Lampkin,3,27.55,0.2,9.3,0,8,60.86,Corporate,Office Supplies,West
KL-16555,Kelly Lampkin,6,532.7,0.2,-26.64,0,8,60.86,Corporate,Furniture,East
KL-16555,Kelly Lampkin,2,4.91,0.2,0.31,0,8,60.86,Corporate,Office Supplies,East
KL-16555,Kelly Lampkin,2,207.98,0.2,-28.6,0,8,60.86,Corporate,Furniture,South
KL-16555,Kelly Lampkin,2,36.11,0.2,12.64,0,8,60.86,Corporate,Office Supplies,South
KL-16555,Kelly Lampkin,2,35.57,0.2,5.78,0,8,60.86,Corporate,Furniture,South
KL-16555,Kelly Lampkin,2,88.77,0.2,31.07,0,8,60.86,Corporate,Office Supplies,South
KL-16555,Kelly Lampkin,2,3.64,0.0,1.64,0,8,60.86,Corporate,Office Supplies,West
KL-16555,Kelly Lampkin,7,159.77,0.2,53.92,0,8,60.86,Corporate,Office Supplies,West
KL-16555,Kelly Lampkin,4,2.86,0.8,-4.58,0,8,60.86,Corporate,Office Supplies,Central
KL-16555,Kelly Lampkin,7,94.19,0.8,-164.84,0,8,60.86,Corporate,Office Supplies,Central
KL-16555,Kelly Lampkin,3,523.76,0.4,-192.05,0,8,60.86,Corporate,Furniture,South
KL-16555,Kelly Lampkin,5,1359.96,0.2,119.0,0,8,60.86,Corporate,Technology,South
KL-16555,Kelly Lampkin,4,159.8,0.0,70.31,0,8,60.86,Corporate,Technology,South
KL-16555,Kelly Lampkin,5,44.75,0.0,8.5,0,8,60.86,Corporate,Technology,South
KL-16645,Ken Lonsdale,4,53.72,0.0,15.04,0,12,43.11,Consumer,Office Supplies,West
KL-16645,Ken Lonsdale,5,8187.65,0.0,327.51,0,12,43.11,Consumer,Office Supplies,West
KL-16645,Ken Lonsdale,8,77.92,0.0,34.28,0,12,43.11,Consumer,Furniture,West
KL-16645,Ken Lonsdale,1,375.34,0.0,18.77,0,12,43.11,Consumer,Office Supplies,East
KL-16645,Ken Lonsdale,4,4.96,0.0,2.33,0,12,43.11,Consumer,Office Supplies,West
KL-16645,Ken Lonsdale,3,98.35,0.2,35.65,0,12,43.11,Consumer,Office Supplies,West
KL-16645,Ken Lonsdale,3,377.97,0.0,94.49,0,12,43.11,Consumer,Technology,East
KL-16645,Ken Lonsdale,7,42.28,0.0,19.87,0,12,43.11,Consumer,Office Supplies,East
KL-16645,Ken Lonsdale,3,299.97,0.0,56.99,0,12,43.11,Consumer,Furniture,East
KL-16645,Ken Lonsdale,2,89.98,0.0,43.19,0,12,43.11,Consumer,Technology,East
KL-16645,Ken Lonsdale,9,1979.93,0.2,148.49,0,12,43.11,Consumer,Technology,Central
KL-16645,Ken Lonsdale,5,25.92,0.2,9.4,0,12,43.11,Consumer,Office Supplies,Central
KL-16645,Ken Lonsdale,5,419.68,0.6,-356.73,0,12,43.11,Consumer,Furniture,Central
KL-16645,Ken Lonsdale,3,11.69,0.6,-4.68,0,12,43.11,Consumer,Furniture,Central
KL-16645,Ken Lonsdale,2,31.98,0.2,11.19,0,12,43.11,Consumer,Technology,Central
KL-16645,Ken Lonsdale,5,177.22,0.5,-120.51,0,12,43.11,Consumer,Furniture,Central
KL-16645,Ken Lonsdale,3,4.04,0.6,-2.83,0,12,43.11,Consumer,Furniture,Central
KL-16645,Ken Lonsdale,2,7.41,0.2,1.2,0,12,43.11,Consumer,Office Supplies,Central
KL-16645,Ken Lonsdale,4,283.14,0.1,72.36,0,12,43.11,Consumer,Office Supplies,Central
KL-16645,Ken Lonsdale,4,635.96,0.0,165.35,0,12,43.11,Consumer,Technology,Central
KL-16645,Ken Lonsdale,1,118.99,0.0,33.32,0,12,43.11,Consumer,Technology,Central
KL-16645,Ken Lonsdale,3,272.94,0.0,30.02,0,12,43.11,Consumer,Furniture,Central
KL-16645,Ken Lonsdale,3,27.79,0.2,10.42,0,12,43.11,Consumer,Office Supplies,West
KL-16645,Ken Lonsdale,8,478.24,0.0,219.99,0,12,43.11,Consumer,Office Supplies,Central
KL-16645,Ken Lonsdale,2,1.82,0.2,0.62,0,12,43.11,Consumer,Office Supplies,Central
KL-16645,Ken Lonsdale,5,18.32,0.8,-46.72,0,12,43.11,Consumer,Office Supplies,Central
KL-16645,Ken Lonsdale,3,48.82,0.2,-11.59,0,12,43.11,Consumer,Office Supplies,Central
KL-16645,Ken Lonsdale,1,1.19,0.8,-1.96,0,12,43.11,Consumer,Office Supplies,Central
KL-16645,Ken Lonsdale,5,22.0,0.2,1.38,0,12,43.11,Consumer,Technology,West
KM-16225,Kalyca Meade,2,13.96,0.0,6.7,0,6,49.67,Corporate,Furniture,East
KM-16225,Kalyca Meade,3,155.82,0.0,63.89,0,6,49.67,Corporate,Furniture,East
KM-16225,Kalyca Meade,5,124.95,0.0,2.5,0,6,49.67,Corporate,Technology,East
KM-16225,Kalyca Meade,5,601.65,0.0,156.43,0,6,49.67,Corporate,Office Supplies,East
KM-16225,Kalyca Meade,9,27.36,0.0,9.3,0,6,49.67,Corporate,Office Supplies,East
KM-16225,Kalyca Meade,5,44.75,0.0,20.58,0,6,49.67,Corporate,Office Supplies,East
KM-16225,Kalyca Meade,1,134.99,0.0,36.45,0,6,49.67,Corporate,Technology,East
KM-16225,Kalyca Meade,5,26.4,0.0,12.67,0,6,49.67,Corporate,Office Supplies,East
KM-16225,Kalyca Meade,3,542.94,0.0,141.16,0,6,49.67,Corporate,Furniture,East
KM-16225,Kalyca Meade,2,37.3,0.0,17.16,0,6,49.67,Corporate,Furniture,Central
KM-16225,Kalyca Meade,2,81.96,0.0,39.34,0,6,49.67,Corporate,Office Supplies,Central
KM-16225,Kalyca Meade,3,18.24,0.0,9.12,0,6,49.67,Corporate,Office Supplies,Central
KM-16225,Kalyca Meade,6,27.78,0.0,9.17,0,6,49.67,Corporate,Office Supplies,Central
KM-16225,Kalyca Meade,1,2.62,0.2,0.43,0,6,49.67,Corporate,Office Supplies,East
KM-16225,Kalyca Meade,2,5.98,0.2,2.24,0,6,49.67,Corporate,Office Supplies,West
KM-16225,Kalyca Meade,5,189.95,0.0,45.59,0,6,49.67,Corporate,Technology,West
KM-16225,Kalyca Meade,5,149.95,0.0,31.49,0,6,49.67,Corporate,Technology,West
KM-16225,Kalyca Meade,5,29.95,0.0,8.69,0,6,49.67,Corporate,Office Supplies,West
KM-16225,Kalyca Meade,3,44.4,0.0,22.2,0,6,49.67,Corporate,Office Supplies,West
KM-16375,Katherine Murray,3,342.86,0.2,38.57,0,8,63.32,Home Office,Office Supplies,Central
KM-16375,Katherine Murray,5,16.74,0.6,-14.23,0,8,63.32,Home Office,Furniture,Central
KM-16375,Katherine Murray,2,981.37,0.3,-140.2,0,8,63.32,Home Office,Furniture,Central
KM-16375,Katherine Murray,4,195.64,0.0,91.95,0,8,63.32,Home Office,Office Supplies,East
KM-16375,Katherine Murray,3,14.94,0.0,7.02,0,8,63.32,Home Office,Office Supplies,East
KM-16375,Katherine Murray,4,1687.8,0.0,742.63,0,8,63.32,Home Office,Technology,East
KM-16375,Katherine Murray,2,341.96,0.0,78.65,0,8,63.32,Home Office,Furniture,East
KM-16375,Katherine Murray,6,605.88,0.0,151.47,0,8,63.32,Home Office,Furniture,East
KM-16375,Katherine Murray,5,228.92,0.2,14.31,0,8,63.32,Home Office,Office Supplies,Central
KM-16375,Katherine Murray,5,32.75,0.0,15.06,0,8,63.32,Home Office,Office Supplies,West
KM-16375,Katherine Murray,1,10.44,0.0,4.8,0,8,63.32,Home Office,Office Supplies,South
KM-16375,Katherine Murray,2,21.8,0.0,6.1,0,8,63.32,Home Office,Technology,South
KM-16375,Katherine Murray,3,251.79,0.0,118.34,0,8,63.32,Home Office,Office Supplies,South
KM-16375,Katherine Murray,3,333.58,0.2,25.02,0,8,63.32,Home Office,Technology,West
KM-16375,Katherine Murray,1,31.99,0.2,4.8,0,8,63.32,Home Office,Technology,West
KM-16375,Katherine Murray,2,51.17,0.2,-6.4,0,8,63.32,Home Office,Office Supplies,West
KM-16375,Katherine Murray,5,10.64,0.2,3.86,0,8,63.32,Home Office,Office Supplies,West
KM-16375,Katherine Murray,2,68.7,0.2,16.32,0,8,63.32,Home Office,Furniture,West
KM-16375,Katherine Murray,9,386.91,0.5,-185.72,0,8,63.32,Home Office,Furniture,West
KM-16375,Katherine Murray,2,4.3,0.0,1.42,0,8,63.32,Home Office,Office Supplies,South
KM-16660,Khloe Miller,4,11.76,0.0,3.18,0,5,136.12,Consumer,Office Supplies,West
KM-16660,Khloe Miller,1,1.78,0.0,0.5,0,5,136.12,Consumer,Office Supplies,South
KM-16660,Khloe Miller,4,25.92,0.0,12.44,0,5,136.12,Consumer,Office Supplies,South
KM-16660,Khloe Miller,6,101.94,0.0,21.41,0,5,136.12,Consumer,Technology,South
KM-16660,Khloe Miller,3,18.9,0.0,8.69,0,5,136.12,Consumer,Office Supplies,West
KM-16660,Khloe Miller,2,19.31,0.2,3.14,0,5,136.12,Consumer,Furniture,East
KM-16660,Khloe Miller,3,22.83,0.0,10.73,0,5,136.12,Consumer,Office Supplies,West
KM-16660,Khloe Miller,4,54.32,0.0,16.3,0,5,136.12,Consumer,Office Supplies,West
KM-16660,Khloe Miller,3,196.78,0.2,14.76,0,5,136.12,Consumer,Technology,West
KM-16720,Kunst Miller,5,49.65,0.0,20.85,0,8,49.74,Consumer,Office Supplies,East
KM-16720,Kunst Miller,2,29.6,0.0,14.8,0,8,49.74,Consumer,Office Supplies,West
KM-16720,Kunst Miller,4,17.09,0.2,5.55,0,8,49.74,Consumer,Office Supplies,West
KM-16720,Kunst Miller,2,2.69,0.2,1.01,0,8,49.74,Consumer,Office Supplies,Central
KM-16720,Kunst Miller,3,317.06,0.3,-18.12,0,8,49.74,Consumer,Furniture,Central
KM-16720,Kunst Miller,3,149.35,0.2,50.41,0,8,49.74,Consumer,Office Supplies,Central
KM-16720,Kunst Miller,3,227.98,0.2,28.5,0,8,49.74,Consumer,Technology,Central
KM-16720,Kunst Miller,2,911.98,0.2,114.0,0,8,49.74,Consumer,Technology,West
KM-16720,Kunst Miller,3,674.35,0.2,-109.58,0,8,49.74,Consumer,Furniture,West
KM-16720,Kunst Miller,9,134.01,0.0,36.18,0,8,49.74,Consumer,Furniture,West
KM-16720,Kunst Miller,3,170.97,0.0,70.1,0,8,49.74,Consumer,Technology,West
KM-16720,Kunst Miller,2,14.58,0.2,2.37,0,8,49.74,Consumer,Office Supplies,West
KM-16720,Kunst Miller,2,23.2,0.2,1.45,0,8,49.74,Consumer,Technology,West
KM-16720,Kunst Miller,7,16.46,0.2,1.85,0,8,49.74,Consumer,Office Supplies,West
KM-16720,Kunst Miller,2,13.98,0.0,6.15,0,8,49.74,Consumer,Technology,West
KM-16720,Kunst Miller,6,25.82,0.2,9.36,0,8,49.74,Consumer,Office Supplies,West
KM-16720,Kunst Miller,3,146.73,0.0,68.96,0,8,49.74,Consumer,Office Supplies,West
KM-16720,Kunst Miller,4,79.76,0.0,22.33,0,8,49.74,Consumer,Furniture,West
KM-16720,Kunst Miller,2,25.98,0.0,0.78,0,8,49.74,Consumer,Technology,East
KM-16720,Kunst Miller,2,3.28,0.0,1.48,0,8,49.74,Consumer,Office Supplies,East
KM-16720,Kunst Miller,4,459.88,0.0,13.8,0,8,49.74,Consumer,Office Supplies,East
KM-16720,Kunst Miller,2,7.76,0.0,2.25,0,8,49.74,Consumer,Office Supplies,East
KM-16720,Kunst Miller,2,71.96,0.0,17.99,0,8,49.74,Consumer,Office Supplies,East
KM-16720,Kunst Miller,5,54.9,0.0,15.37,0,8,49.74,Consumer,Office Supplies,East
KM-16720,Kunst Miller,2,9.28,0.2,3.25,0,8,49.74,Consumer,Office Supplies,East
KM-16720,Kunst Miller,7,286.86,0.0,80.32,0,8,49.74,Consumer,Office Supplies,East
KM-16720,Kunst Miller,5,979.95,0.0,284.19,0,8,49.74,Consumer,Technology,East
KM-16720,Kunst Miller,2,4.36,0.0,0.17,0,8,49.74,Consumer,Office Supplies,East
KN-16390,Katherine Nockton,5,119.8,0.2,29.95,0,9,69.06,Corporate,Technology,East
KN-16390,Katherine Nockton,7,466.16,0.4,-93.23,0,9,69.06,Corporate,Technology,East
KN-16390,Katherine Nockton,1,10.31,0.2,-1.29,0,9,69.06,Corporate,Technology,East
KN-16390,Katherine Nockton,3,2.56,0.7,-1.79,0,9,69.06,Corporate,Office Supplies,East
KN-16390,Katherine Nockton,2,12.83,0.7,-8.98,0,9,69.06,Corporate,Office Supplies,East
KN-16390,Katherine Nockton,3,598.46,0.3,-42.75,0,9,69.06,Corporate,Furniture,East
KN-16390,Katherine Nockton,1,25.98,0.2,-3.9,0,9,69.06,Corporate,Furniture,East
KN-16390,Katherine Nockton,3,362.14,0.2,-54.32,0,9,69.06,Corporate,Furniture,West
KN-16390,Katherine Nockton,3,31.05,0.0,14.9,0,9,69.06,Corporate,Office Supplies,West
KN-16390,Katherine Nockton,3,47.98,0.2,8.4,0,9,69.06,Corporate,Technology,Central
KN-16390,Katherine Nockton,4,20.74,0.2,7.26,0,9,69.06,Corporate,Office Supplies,Central
KN-16390,Katherine Nockton,2,384.77,0.4,-115.43,0,9,69.06,Corporate,Furniture,East
KN-16390,Katherine Nockton,6,78.66,0.0,36.18,0,9,69.06,Corporate,Technology,East
KN-16390,Katherine Nockton,4,45.36,0.0,22.23,0,9,69.06,Corporate,Office Supplies,East
KN-16390,Katherine Nockton,3,8.67,0.0,4.07,0,9,69.06,Corporate,Office Supplies,West
KN-16390,Katherine Nockton,3,272.97,0.0,43.68,0,9,69.06,Corporate,Furniture,East
KN-16390,Katherine Nockton,3,128.85,0.0,3.87,0,9,69.06,Corporate,Technology,East
KN-16450,Kean Nguyen,14,1075.09,0.2,94.07,0,5,186.57,Corporate,Technology,West
KN-16450,Kean Nguyen,4,438.37,0.2,38.36,0,5,186.57,Corporate,Technology,West
KN-16450,Kean Nguyen,7,18.09,0.2,6.56,0,5,186.57,Corporate,Office Supplies,West
KN-16450,Kean Nguyen,3,308.5,0.15,-18.15,0,5,186.57,Corporate,Furniture,West
KN-16450,Kean Nguyen,1,1.17,0.7,-0.86,0,5,186.57,Corporate,Office Supplies,South
KN-16450,Kean Nguyen,2,48.63,0.8,-121.58,0,5,186.57,Corporate,Office Supplies,Central
KN-16450,Kean Nguyen,8,7.92,0.0,3.48,0,5,186.57,Corporate,Technology,West
KN-16450,Kean Nguyen,10,274.2,0.0,112.42,0,5,186.57,Corporate,Furniture,East
KN-16705,Kristina Nunn,2,11.36,0.0,5.34,0,8,92.93,Home Office,Office Supplies,East
KN-16705,Kristina Nunn,5,36.4,0.0,17.47,0,8,92.93,Home Office,Office Supplies,East
KN-16705,Kristina Nunn,2,471.92,0.2,29.5,0,8,92.93,Home Office,Technology,South
KN-16705,Kristina Nunn,5,46.35,0.0,21.78,0,8,92.93,Home Office,Office Supplies,East
KN-16705,Kristina Nunn,4,223.92,0.0,109.72,0,8,92.93,Home Office,Office Supplies,East
KN-16705,Kristina Nunn,2,7.3,0.0,2.19,0,8,92.93,Home Office,Office Supplies,East
KN-16705,Kristina Nunn,3,27.7,0.2,3.46,0,8,92.93,Home Office,Technology,Central
KN-16705,Kristina Nunn,6,73.16,0.8,-186.57,0,8,92.93,Home Office,Office Supplies,Central
KN-16705,Kristina Nunn,5,86.2,0.0,25.0,0,8,92.93,Home Office,Office Supplies,West
KN-16705,Kristina Nunn,2,3.76,0.0,1.09,0,8,92.93,Home Office,Office Supplies,South
KN-16705,Kristina Nunn,4,35.17,0.2,11.43,0,8,92.93,Home Office,Technology,West
KN-16705,Kristina Nunn,5,1137.75,0.0,250.31,0,8,92.93,Home Office,Furniture,West
KN-16705,Kristina Nunn,5,99.68,0.2,32.4,0,8,92.93,Home Office,Office Supplies,West
KN-16705,Kristina Nunn,2,5.56,0.0,1.45,0,8,92.93,Home Office,Office Supplies,West
KN-16705,Kristina Nunn,3,14.35,0.2,5.2,0,8,92.93,Home Office,Office Supplies,West
KS-16300,Karen Seio,2,9.82,0.0,4.81,0,3,262.33,Corporate,Office Supplies,South
KS-16300,Karen Seio,3,16.78,0.2,1.68,0,3,262.33,Corporate,Technology,West
KS-16300,Karen Seio,1,48.78,0.2,3.66,0,3,262.33,Corporate,Office Supplies,South
KS-16300,Karen Seio,4,13.09,0.7,-10.04,0,3,262.33,Corporate,Office Supplies,South
KT-16465,Kean Takahito,2,17.9,0.2,6.27,0,7,62.92,Consumer,Office Supplies,Central
KT-16465,Kean Takahito,5,966.7,0.3,-13.81,0,7,62.92,Consumer,Furniture,Central
KT-16465,Kean Takahito,6,182.11,0.2,61.46,0,7,62.92,Consumer,Office Supplies,Central
KT-16465,Kean Takahito,2,47.98,0.2,13.2,0,7,62.92,Consumer,Technology,South
KT-16465,Kean Takahito,1,4.62,0.2,1.68,0,7,62.92,Consumer,Office Supplies,South
KT-16465,Kean Takahito,2,145.57,0.2,0.0,0,7,62.92,Consumer,Furniture,West
KT-16465,Kean Takahito,4,19.94,0.2,7.23,0,7,62.92,Consumer,Office Supplies,West
KT-16465,Kean Takahito,4,45.92,0.0,21.58,0,7,62.92,Consumer,Office Supplies,West
KT-16465,Kean Takahito,2,3.17,0.8,-4.75,0,7,62.92,Consumer,Office Supplies,Central
KT-16465,Kean Takahito,5,528.43,0.3,0.0,0,7,62.92,Consumer,Furniture,Central
KT-16465,Kean Takahito,3,13.39,0.2,1.51,0,7,62.92,Consumer,Office Supplies,Central
KT-16465,Kean Takahito,4,933.54,0.2,105.02,0,7,62.92,Consumer,Furniture,West
KT-16465,Kean Takahito,4,42.98,0.2,4.3,0,7,62.92,Consumer,Office Supplies,West
KT-16465,Kean Takahito,1,104.85,0.0,50.33,0,7,62.92,Consumer,Office Supplies,West
KT-16480,Kean Thornton,3,636.41,0.2,-15.91,0,10,107.58,Consumer,Office Supplies,West
KT-16480,Kean Thornton,4,83.17,0.2,9.36,0,10,107.58,Consumer,Office Supplies,West
KT-16480,Kean Thornton,5,1799.97,0.4,240.0,0,10,107.58,Consumer,Technology,East
KT-16480,Kean Thornton,3,700.06,0.3,-130.01,0,10,107.58,Consumer,Furniture,East
KT-16480,Kean Thornton,2,2.78,0.0,0.72,0,10,107.58,Consumer,Office Supplies,East
KT-16480,Kean Thornton,2,79.96,0.0,35.98,0,10,107.58,Consumer,Office Supplies,East
KT-16480,Kean Thornton,5,300.93,0.3,-34.39,0,10,107.58,Consumer,Furniture,Central
KT-16480,Kean Thornton,5,719.96,0.2,54.0,0,10,107.58,Consumer,Technology,Central
KT-16480,Kean Thornton,1,4.91,0.0,2.41,0,10,107.58,Consumer,Office Supplies,East
KT-16480,Kean Thornton,1,204.67,0.32,-6.02,0,10,107.58,Consumer,Furniture,Central
KT-16480,Kean Thornton,1,2.88,0.0,1.35,0,10,107.58,Consumer,Office Supplies,West
KT-16480,Kean Thornton,4,25.92,0.0,12.44,0,10,107.58,Consumer,Office Supplies,West
KT-16480,Kean Thornton,1,80.48,0.0,24.14,0,10,107.58,Consumer,Office Supplies,South
KW-16435,Katrina Willman,7,3080.0,0.0,1416.8,0,5,84.78,Consumer,Technology,South
KW-16435,Katrina Willman,4,79.96,0.0,18.39,0,5,84.78,Consumer,Technology,South
KW-16435,Katrina Willman,3,587.97,0.0,170.51,0,5,84.78,Consumer,Technology,South
KW-16435,Katrina Willman,7,2.77,0.8,-4.85,0,5,84.78,Consumer,Office Supplies,Central
KW-16435,Katrina Willman,5,67.0,0.0,32.16,0,5,84.78,Consumer,Furniture,Central
KW-16435,Katrina Willman,1,36.79,0.2,4.14,0,5,84.78,Consumer,Technology,Central
KW-16435,Katrina Willman,2,20.7,0.0,9.94,0,5,84.78,Consumer,Office Supplies,East
KW-16435,Katrina Willman,3,488.65,0.1,86.87,0,5,84.78,Consumer,Furniture,East
KW-16435,Katrina Willman,2,5.56,0.0,1.45,0,5,84.78,Consumer,Office Supplies,East
KW-16435,Katrina Willman,8,47.12,0.0,20.73,0,5,84.78,Consumer,Furniture,East
KW-16570,Kelly Williams,6,69.22,0.2,11.25,0,4,104.0,Consumer,Office Supplies,South
KW-16570,Kelly Williams,6,106.5,0.0,41.54,0,4,104.0,Consumer,Technology,South
KW-16570,Kelly Williams,4,28.4,0.0,13.06,0,4,104.0,Consumer,Office Supplies,Central
KW-16570,Kelly Williams,3,212.94,0.0,34.07,0,4,104.0,Consumer,Furniture,Central
KW-16570,Kelly Williams,3,32.04,0.0,8.01,0,4,104.0,Consumer,Furniture,West
LA-16780,Laura Armstrong,2,561.58,0.2,70.2,0,11,47.48,Corporate,Furniture,South
LA-16780,Laura Armstrong,5,99.92,0.2,-1.25,0,11,47.48,Corporate,Office Supplies,South
LA-16780,Laura Armstrong,5,177.2,0.0,83.28,0,11,47.48,Corporate,Office Supplies,East
LA-16780,Laura Armstrong,3,197.97,0.0,57.41,0,11,47.48,Corporate,Technology,East
LA-16780,Laura Armstrong,3,854.94,0.0,213.74,0,11,47.48,Corporate,Furniture,East
LA-16780,Laura Armstrong,9,124.11,0.0,52.13,0,11,47.48,Corporate,Furniture,East
LA-16780,Laura Armstrong,5,14.4,0.0,7.06,0,11,47.48,Corporate,Office Supplies,East
LA-16780,Laura Armstrong,7,22.29,0.6,-8.92,0,11,47.48,Corporate,Furniture,Central
LA-16780,Laura Armstrong,2,41.9,0.0,8.8,0,11,47.48,Corporate,Technology,Central
LA-16780,Laura Armstrong,5,349.95,0.0,118.98,0,11,47.48,Corporate,Technology,West
LA-16780,Laura Armstrong,9,377.93,0.2,141.72,0,11,47.48,Corporate,Technology,West
LA-16780,Laura Armstrong,5,3504.9,0.0,700.98,0,11,47.48,Corporate,Furniture,Central
LA-16780,Laura Armstrong,3,144.12,0.0,69.18,0,11,47.48,Corporate,Office Supplies,Central
LA-16780,Laura Armstrong,3,314.55,0.0,150.98,0,11,47.48,Corporate,Office Supplies,Central
LA-16780,Laura Armstrong,3,437.85,0.0,131.35,0,11,47.48,Corporate,Technology,East
LA-16780,Laura Armstrong,2,109.48,0.0,33.94,0,11,47.48,Corporate,Furniture,East
LA-16780,Laura Armstrong,2,41.96,0.0,2.94,0,11,47.48,Corporate,Office Supplies,West
LA-16780,Laura Armstrong,5,41.7,0.0,20.85,0,11,47.48,Corporate,Office Supplies,West
LA-16780,Laura Armstrong,4,207.76,0.0,85.18,0,11,47.48,Corporate,Furniture,East
LA-16780,Laura Armstrong,3,453.58,0.2,39.69,0,11,47.48,Corporate,Technology,Central
LA-16780,Laura Armstrong,9,45.36,0.2,14.74,0,11,47.48,Corporate,Office Supplies,Central
LA-16780,Laura Armstrong,3,287.88,0.2,35.98,0,11,47.48,Corporate,Technology,Central
LA-16780,Laura Armstrong,3,131.88,0.2,14.84,0,11,47.48,Corporate,Technology,Central
LA-16780,Laura Armstrong,2,2.33,0.6,-0.76,0,11,47.48,Corporate,Furniture,Central
LA-16780,Laura Armstrong,2,2.9,0.2,0.47,0,11,47.48,Corporate,Office Supplies,Central
LA-16780,Laura Armstrong,1,124.79,0.2,15.6,0,11,47.48,Corporate,Technology,Central
LB-16735,Larry Blacks,6,21.48,0.0,10.74,0,3,237.5,Consumer,Office Supplies,West
LB-16735,Larry Blacks,1,1.99,0.6,-1.44,0,3,237.5,Consumer,Furniture,Central
LB-16735,Larry Blacks,5,26.72,0.2,9.35,0,3,237.5,Consumer,Office Supplies,South
LB-16795,Laurel Beltran,2,281.37,0.3,-12.06,0,8,51.96,Home Office,Furniture,East
LB-16795,Laurel Beltran,2,281.37,0.3,-12.06,0,8,51.96,Home Office,Furniture,East
LB-16795,Laurel Beltran,8,7.49,0.7,-5.24,0,8,51.96,Home Office,Office Supplies,East
LB-16795,Laurel Beltran,4,22.34,0.2,7.82,0,8,51.96,Home Office,Furniture,East
LB-16795,Laurel Beltran,1,12.78,0.0,5.75,0,8,51.96,Home Office,Office Supplies,West
LB-16795,Laurel Beltran,6,703.71,0.7,-938.28,0,8,51.96,Home Office,Technology,West
LB-16795,Laurel Beltran,4,17.9,0.7,-14.92,0,8,51.96,Home Office,Office Supplies,West
LB-16795,Laurel Beltran,4,11.98,0.7,-9.18,0,8,51.96,Home Office,Office Supplies,West
LB-16795,Laurel Beltran,5,67.96,0.2,0.85,0,8,51.96,Home Office,Technology,West
LB-16795,Laurel Beltran,2,9.89,0.7,-6.92,0,8,51.96,Home Office,Office Supplies,South
LB-16795,Laurel Beltran,3,671.54,0.2,50.37,0,8,51.96,Home Office,Office Supplies,South
LB-16795,Laurel Beltran,2,3.14,0.8,-4.7,0,8,51.96,Home Office,Office Supplies,Central
LB-16795,Laurel Beltran,2,31.96,0.0,1.6,0,8,51.96,Home Office,Furniture,West
LB-16795,Laurel Beltran,1,47.9,0.0,22.99,0,8,51.96,Home Office,Office Supplies,West
LB-16795,Laurel Beltran,3,1112.94,0.0,222.59,0,8,51.96,Home Office,Office Supplies,West
LB-16795,Laurel Beltran,3,22.92,0.0,11.23,0,8,51.96,Home Office,Office Supplies,West
LB-16795,Laurel Beltran,5,147.92,0.2,46.22,0,8,51.96,Home Office,Office Supplies,West
LB-16795,Laurel Beltran,3,104.28,0.0,26.07,0,8,51.96,Home Office,Office Supplies,West
LB-16795,Laurel Beltran,1,286.85,0.0,63.11,0,8,51.96,Home Office,Furniture,West
LB-16795,Laurel Beltran,4,66.96,0.0,2.68,0,8,51.96,Home Office,Office Supplies,West
LB-16795,Laurel Beltran,2,199.98,0.0,87.99,0,8,51.96,Home Office,Technology,West
LB-16795,Laurel Beltran,1,11.54,0.0,5.54,0,8,51.96,Home Office,Office Supplies,East
LB-16795,Laurel Beltran,5,849.95,0.0,390.98,0,8,51.96,Home Office,Office Supplies,East
LB-16795,Laurel Beltran,3,11.01,0.0,5.39,0,8,51.96,Home Office,Office Supplies,East
LC-16870,Lena Cacioppo,3,8.82,0.0,2.56,0,8,32.59,Consumer,Office Supplies,West
LC-16870,Lena Cacioppo,2,62.5,0.2,21.87,0,8,32.59,Consumer,Office Supplies,West
LC-16870,Lena Cacioppo,4,339.96,0.0,122.39,0,8,32.59,Consumer,Technology,West
LC-16870,Lena Cacioppo,2,49.57,0.2,17.35,0,8,32.59,Consumer,Office Supplies,West
LC-16870,Lena Cacioppo,6,238.9,0.2,-26.88,0,8,32.59,Consumer,Technology,West
LC-16870,Lena Cacioppo,3,102.36,0.2,-3.84,0,8,32.59,Consumer,Furniture,West
LC-16870,Lena Cacioppo,3,36.88,0.7,-25.82,0,8,32.59,Consumer,Office Supplies,West
LC-16870,Lena Cacioppo,7,111.1,0.2,8.33,0,8,32.59,Consumer,Office Supplies,East
LC-16870,Lena Cacioppo,3,2.33,0.8,-6.3,0,8,32.59,Consumer,Office Supplies,Central
LC-16870,Lena Cacioppo,4,1.73,0.8,-2.76,0,8,32.59,Consumer,Office Supplies,Central
LC-16870,Lena Cacioppo,5,159.04,0.6,-194.82,0,8,32.59,Consumer,Furniture,Central
LC-16870,Lena Cacioppo,2,145.98,0.5,-99.27,0,8,32.59,Consumer,Furniture,Central
LC-16870,Lena Cacioppo,1,6.48,0.0,3.11,0,8,32.59,Consumer,Office Supplies,Central
LC-16870,Lena Cacioppo,2,8.26,0.0,3.8,0,8,32.59,Consumer,Office Supplies,South
LC-16870,Lena Cacioppo,2,17.76,0.0,8.88,0,8,32.59,Consumer,Office Supplies,South
LC-16870,Lena Cacioppo,3,332.94,0.0,9.99,0,8,32.59,Consumer,Office Supplies,South
LC-16870,Lena Cacioppo,2,292.1,0.0,58.42,0,8,32.59,Consumer,Furniture,South
LC-16870,Lena Cacioppo,5,206.1,0.0,55.65,0,8,32.59,Consumer,Technology,South
LC-16870,Lena Cacioppo,4,17.64,0.0,8.11,0,8,32.59,Consumer,Office Supplies,South
LC-16870,Lena Cacioppo,6,73.18,0.8,-197.58,0,8,32.59,Consumer,Office Supplies,Central
LC-16870,Lena Cacioppo,4,20.74,0.2,7.26,0,8,32.59,Consumer,Office Supplies,Central
LC-16870,Lena Cacioppo,2,39.98,0.2,-9.0,0,8,32.59,Consumer,Technology,Central
LC-16870,Lena Cacioppo,6,13.34,0.2,1.0,0,8,32.59,Consumer,Office Supplies,West
LC-16870,Lena Cacioppo,6,76.75,0.2,10.55,0,8,32.59,Consumer,Technology,West
LC-16870,Lena Cacioppo,8,102.34,0.2,14.07,0,8,32.59,Consumer,Technology,West
LC-16870,Lena Cacioppo,2,10.32,0.2,3.74,0,8,32.59,Consumer,Office Supplies,West
LC-16870,Lena Cacioppo,7,47.32,0.2,5.91,0,8,32.59,Consumer,Office Supplies,West
LC-16870,Lena Cacioppo,3,23.38,0.2,7.01,0,8,32.59,Consumer,Furniture,West
LC-16870,Lena Cacioppo,5,16.72,0.2,3.34,0,8,32.59,Consumer,Furniture,West
LC-16870,Lena Cacioppo,1,16.19,0.2,4.66,0,8,32.59,Consumer,Furniture,West
LC-16885,Lena Creighton,3,302.38,0.2,37.8,0,12,60.41,Consumer,Technology,South
LC-16885,Lena Creighton,12,1113.5,0.2,125.27,0,12,60.41,Consumer,Technology,West
LC-16885,Lena Creighton,1,99.99,0.0,38.0,0,12,60.41,Consumer,Technology,West
LC-16885,Lena Creighton,3,3050.38,0.2,1143.89,0,12,60.41,Consumer,Office Supplies,East
LC-16885,Lena Creighton,2,133.98,0.0,33.5,0,12,60.41,Consumer,Technology,East
LC-16885,Lena Creighton,7,72.74,0.2,-15.46,0,12,60.41,Consumer,Technology,West
LC-16885,Lena Creighton,3,572.16,0.2,35.76,0,12,60.41,Consumer,Furniture,West
LC-16885,Lena Creighton,5,151.96,0.6,-182.35,0,12,60.41,Consumer,Furniture,Central
LC-16885,Lena Creighton,3,10.33,0.7,-7.58,0,12,60.41,Consumer,Office Supplies,East
LC-16885,Lena Creighton,3,266.35,0.2,-13.32,0,12,60.41,Consumer,Furniture,West
LC-16885,Lena Creighton,4,483.14,0.2,54.35,0,12,60.41,Consumer,Furniture,West
LC-16885,Lena Creighton,3,20.04,0.0,9.62,0,12,60.41,Consumer,Office Supplies,West
LC-16885,Lena Creighton,1,35.44,0.0,16.66,0,12,60.41,Consumer,Office Supplies,West
LC-16885,Lena Creighton,4,11.52,0.0,3.46,0,12,60.41,Consumer,Office Supplies,West
LC-16885,Lena Creighton,2,4.02,0.0,1.97,0,12,60.41,Consumer,Office Supplies,West
LC-16885,Lena Creighton,3,76.18,0.2,26.66,0,12,60.41,Consumer,Office Supplies,West
LC-16885,Lena Creighton,6,65.88,0.0,18.45,0,12,60.41,Consumer,Office Supplies,West
LC-16885,Lena Creighton,14,43.12,0.0,20.7,0,12,60.41,Consumer,Furniture,West
LC-16885,Lena Creighton,2,25.58,0.2,8.95,0,12,60.41,Consumer,Office Supplies,East
LC-16885,Lena Creighton,2,17.09,0.2,1.07,0,12,60.41,Consumer,Furniture,South
LC-16885,Lena Creighton,3,119.94,0.0,23.99,0,12,60.41,Consumer,Furniture,West
LC-16885,Lena Creighton,3,12.42,0.0,4.47,0,12,60.41,Consumer,Furniture,West
LC-16885,Lena Creighton,4,974.99,0.3,-97.5,0,12,60.41,Consumer,Furniture,Central
LC-16930,Linda Cazamias,3,62.31,0.0,22.43,0,8,105.23,Corporate,Technology,Central
LC-16930,Linda Cazamias,4,20.32,0.0,6.91,0,8,105.23,Corporate,Furniture,Central
LC-16930,Linda Cazamias,10,2396.4,0.2,179.73,0,8,105.23,Corporate,Technology,West
LC-16930,Linda Cazamias,2,302.38,0.2,30.24,0,8,105.23,Corporate,Technology,West
LC-16930,Linda Cazamias,3,20.95,0.2,7.07,0,8,105.23,Corporate,Office Supplies,West
LC-16930,Linda Cazamias,3,11.78,0.2,3.98,0,8,105.23,Corporate,Office Supplies,West
LC-16930,Linda Cazamias,2,159.98,0.2,44.0,0,8,105.23,Corporate,Technology,Central
LC-16930,Linda Cazamias,6,1024.72,0.3,-29.28,0,8,105.23,Corporate,Furniture,Central
LC-16930,Linda Cazamias,2,2.91,0.2,0.91,0,8,105.23,Corporate,Office Supplies,West
LC-16930,Linda Cazamias,4,20.74,0.2,7.26,0,8,105.23,Corporate,Office Supplies,West
LC-16930,Linda Cazamias,2,9.57,0.2,2.99,0,8,105.23,Corporate,Office Supplies,West
LC-16930,Linda Cazamias,5,8.4,0.0,4.2,0,8,105.23,Corporate,Office Supplies,East
LC-16930,Linda Cazamias,4,147.17,0.2,16.56,0,8,105.23,Corporate,Technology,Central
LC-16930,Linda Cazamias,2,305.31,0.3,-8.72,0,8,105.23,Corporate,Furniture,Central
LC-16960,Lindsay Castell,6,26.88,0.0,6.72,0,4,100.83,Home Office,Office Supplies,East
LC-16960,Lindsay Castell,2,10.9,0.2,3.81,0,4,100.83,Home Office,Office Supplies,East
LC-16960,Lindsay Castell,9,2676.67,0.2,267.67,0,4,100.83,Home Office,Furniture,West
LC-16960,Lindsay Castell,3,3.76,0.7,-2.76,0,4,100.83,Home Office,Office Supplies,South
LC-16960,Lindsay Castell,2,34.86,0.7,-26.73,0,4,100.83,Home Office,Office Supplies,South
LC-16960,Lindsay Castell,3,432.46,0.2,32.43,0,4,100.83,Home Office,Office Supplies,South
LC-16960,Lindsay Castell,5,61.1,0.0,18.33,0,4,100.83,Home Office,Furniture,South
LC-17050,Liz Carlisle,2,290.67,0.15,3.42,0,5,171.88,Consumer,Furniture,West
LC-17050,Liz Carlisle,6,539.96,0.4,-107.99,0,5,171.88,Consumer,Technology,East
LC-17050,Liz Carlisle,7,50.23,0.4,-10.05,0,5,171.88,Consumer,Technology,East
LC-17050,Liz Carlisle,3,19.24,0.7,-13.47,0,5,171.88,Consumer,Office Supplies,East
LC-17050,Liz Carlisle,4,866.4,0.0,225.26,0,5,171.88,Consumer,Furniture,South
LC-17050,Liz Carlisle,2,6.56,0.0,1.9,0,5,171.88,Consumer,Office Supplies,West
LC-17050,Liz Carlisle,5,243.92,0.2,-15.25,0,5,171.88,Consumer,Furniture,West
LC-17050,Liz Carlisle,9,47.52,0.0,22.81,0,5,171.88,Consumer,Office Supplies,West
LC-17050,Liz Carlisle,5,30.56,0.6,-19.86,0,5,171.88,Consumer,Furniture,Central
LC-17140,Logan Currie,3,15.55,0.2,5.44,0,9,66.39,Consumer,Office Supplies,East
LC-17140,Logan Currie,6,64.7,0.2,-4.85,0,9,66.39,Consumer,Technology,East
LC-17140,Logan Currie,3,17.47,0.2,5.02,0,9,66.39,Consumer,Furniture,East
LC-17140,Logan Currie,1,135.52,0.4,-31.62,0,9,66.39,Consumer,Technology,East
LC-17140,Logan Currie,2,55.42,0.2,19.4,0,9,66.39,Consumer,Office Supplies,West
LC-17140,Logan Currie,3,20.04,0.0,9.62,0,9,66.39,Consumer,Office Supplies,West
LC-17140,Logan Currie,2,64.96,0.0,2.6,0,9,66.39,Consumer,Office Supplies,West
LC-17140,Logan Currie,2,12.96,0.0,6.22,0,9,66.39,Consumer,Office Supplies,West
LC-17140,Logan Currie,2,85.25,0.3,-6.09,0,9,66.39,Consumer,Furniture,Central
LC-17140,Logan Currie,2,32.71,0.6,-26.17,0,9,66.39,Consumer,Furniture,Central
LC-17140,Logan Currie,6,572.76,0.0,166.1,0,9,66.39,Consumer,Furniture,South
LC-17140,Logan Currie,3,286.38,0.0,83.05,0,9,66.39,Consumer,Furniture,South
LC-17140,Logan Currie,5,25.92,0.2,3.89,0,9,66.39,Consumer,Office Supplies,East
LC-17140,Logan Currie,2,66.11,0.2,-9.09,0,9,66.39,Consumer,Furniture,East
LC-17140,Logan Currie,9,1071.0,0.0,171.36,0,9,66.39,Consumer,Technology,East
LC-17140,Logan Currie,1,12.07,0.0,3.98,0,9,66.39,Consumer,Furniture,East
LC-17140,Logan Currie,2,66.28,0.8,-178.97,0,9,66.39,Consumer,Office Supplies,Central
LC-17140,Logan Currie,5,15.24,0.2,5.14,0,9,66.39,Consumer,Office Supplies,West
LC-17140,Logan Currie,3,13.23,0.0,6.09,0,9,66.39,Consumer,Office Supplies,West
LD-16855,Lela Donovan,3,5.3,0.2,0.46,0,1,0.0,Corporate,Office Supplies,Central
LD-17005,Lisa DeCherney,9,1395.54,0.0,362.84,0,4,129.0,Consumer,Office Supplies,East
LD-17005,Lisa DeCherney,4,117.36,0.0,36.38,0,4,129.0,Consumer,Furniture,East
LD-17005,Lisa DeCherney,3,18.9,0.0,8.69,0,4,129.0,Consumer,Office Supplies,East
LD-17005,Lisa DeCherney,2,77.52,0.0,37.98,0,4,129.0,Consumer,Office Supplies,East
LD-17005,Lisa DeCherney,3,37.05,0.0,16.3,0,4,129.0,Consumer,Furniture,West
LD-17005,Lisa DeCherney,2,57.58,0.2,20.15,0,4,129.0,Consumer,Office Supplies,West
LD-17005,Lisa DeCherney,2,257.98,0.0,74.81,0,4,129.0,Consumer,Technology,Central
LE-16810,Laurel Elliston,6,17.46,0.8,-30.56,0,6,161.5,Consumer,Office Supplies,Central
LE-16810,Laurel Elliston,2,99.98,0.0,8.0,0,6,161.5,Consumer,Technology,South
LE-16810,Laurel Elliston,6,29.46,0.0,9.72,0,6,161.5,Consumer,Furniture,South
LE-16810,Laurel Elliston,5,29.9,0.0,5.08,0,6,161.5,Consumer,Office Supplies,East
LE-16810,Laurel Elliston,2,641.96,0.0,179.75,0,6,161.5,Consumer,Furniture,South
LE-16810,Laurel Elliston,2,181.99,0.3,-54.6,0,6,161.5,Consumer,Furniture,Central
LE-16810,Laurel Elliston,2,1.59,0.8,-2.63,0,6,161.5,Consumer,Office Supplies,Central
LE-16810,Laurel Elliston,3,22.34,0.2,2.51,0,6,161.5,Consumer,Office Supplies,Central
LE-16810,Laurel Elliston,4,444.77,0.2,44.48,0,6,161.5,Consumer,Technology,West
LF-17185,Luke Foster,8,2177.58,0.8,-3701.89,0,7,82.07,Consumer,Office Supplies,Central
LF-17185,Luke Foster,3,17.5,0.6,-10.06,0,7,82.07,Consumer,Furniture,Central
LF-17185,Luke Foster,4,16.78,0.8,-26.85,0,7,82.07,Consumer,Office Supplies,Central
LF-17185,Luke Foster,9,431.14,0.2,-26.95,0,7,82.07,Consumer,Technology,Central
LF-17185,Luke Foster,5,8.88,0.8,-13.32,0,7,82.07,Consumer,Office Supplies,Central
LF-17185,Luke Foster,2,4.84,0.8,-12.09,0,7,82.07,Consumer,Office Supplies,Central
LF-17185,Luke Foster,3,23.98,0.6,-14.39,0,7,82.07,Consumer,Furniture,Central
LF-17185,Luke Foster,2,9.57,0.2,3.47,0,7,82.07,Consumer,Office Supplies,South
LF-17185,Luke Foster,3,29.34,0.0,14.67,0,7,82.07,Consumer,Office Supplies,East
LF-17185,Luke Foster,7,383.61,0.1,63.93,0,7,82.07,Consumer,Furniture,East
LF-17185,Luke Foster,4,563.4,0.0,67.61,0,7,82.07,Consumer,Office Supplies,East
LF-17185,Luke Foster,3,7.15,0.2,0.72,0,7,82.07,Consumer,Office Supplies,East
LF-17185,Luke Foster,2,37.94,0.0,18.21,0,7,82.07,Consumer,Office Supplies,East
LF-17185,Luke Foster,3,29.79,0.0,8.64,0,7,82.07,Consumer,Office Supplies,West
LF-17185,Luke Foster,2,128.9,0.0,15.47,0,7,82.07,Consumer,Furniture,West
LF-17185,Luke Foster,9,60.12,0.0,28.86,0,7,82.07,Consumer,Office Supplies,West
LH-16750,Larry Hughes,3,6.57,0.7,-5.04,0,3,522.5,Consumer,Office Supplies,East
LH-16750,Larry Hughes,4,8.9,0.2,0.67,0,3,522.5,Consumer,Office Supplies,West
LH-16750,Larry Hughes,5,271.96,0.2,17.0,0,3,522.5,Consumer,Technology,South
LH-16900,Lena Hernandez,9,638.82,0.0,172.48,0,9,86.29,Consumer,Furniture,South
LH-16900,Lena Hernandez,2,23.74,0.2,8.31,0,9,86.29,Consumer,Office Supplies,East
LH-16900,Lena Hernandez,3,357.0,0.0,57.12,0,9,86.29,Consumer,Technology,East
LH-16900,Lena Hernandez,3,2.5,0.7,-2.0,0,9,86.29,Consumer,Office Supplies,East
LH-16900,Lena Hernandez,7,123.14,0.2,46.18,0,9,86.29,Consumer,Office Supplies,West
LH-16900,Lena Hernandez,6,275.88,0.0,46.9,0,9,86.29,Consumer,Furniture,South
LH-16900,Lena Hernandez,5,157.9,0.0,74.21,0,9,86.29,Consumer,Office Supplies,South
LH-16900,Lena Hernandez,3,45.0,0.0,4.95,0,9,86.29,Consumer,Technology,East
LH-16900,Lena Hernandez,2,21.8,0.0,6.1,0,9,86.29,Consumer,Technology,East
LH-16900,Lena Hernandez,2,249.58,0.2,31.2,0,9,86.29,Consumer,Technology,South
LH-16900,Lena Hernandez,3,68.11,0.2,17.88,0,9,86.29,Consumer,Technology,South
LH-16900,Lena Hernandez,3,16.56,0.2,-2.48,0,9,86.29,Consumer,Technology,South
LH-16900,Lena Hernandez,2,11.68,0.0,5.49,0,9,86.29,Consumer,Office Supplies,Central
LH-16900,Lena Hernandez,5,159.75,0.0,11.18,0,9,86.29,Consumer,Technology,Central
LH-16900,Lena Hernandez,9,143.86,0.2,48.55,0,9,86.29,Consumer,Office Supplies,Central
LH-17020,Lisa Hazard,4,51.18,0.8,-79.34,0,4,194.0,Consumer,Office Supplies,Central
LH-17020,Lisa Hazard,3,107.98,0.4,-27.0,0,4,194.0,Consumer,Technology,East
LH-17020,Lisa Hazard,7,38.29,0.0,16.46,0,4,194.0,Consumer,Furniture,West
LH-17020,Lisa Hazard,9,21.24,0.2,7.43,0,4,194.0,Consumer,Office Supplies,West
LH-17020,Lisa Hazard,8,9.55,0.7,-7.32,0,4,194.0,Consumer,Office Supplies,West
LH-17020,Lisa Hazard,3,89.99,0.7,-152.98,0,4,194.0,Consumer,Furniture,West
LH-17155,Logan Haushalter,3,12.54,0.0,4.51,0,9,40.5,Consumer,Furniture,West
LH-17155,Logan Haushalter,3,8.94,0.0,0.63,0,9,40.5,Consumer,Office Supplies,West
LH-17155,Logan Haushalter,3,9.24,0.0,4.44,0,9,40.5,Consumer,Furniture,West
LH-17155,Logan Haushalter,2,12.56,0.0,4.02,0,9,40.5,Consumer,Furniture,West
LH-17155,Logan Haushalter,1,6.48,0.0,3.11,0,9,40.5,Consumer,Office Supplies,West
LH-17155,Logan Haushalter,3,186.69,0.0,87.74,0,9,40.5,Consumer,Office Supplies,West
LH-17155,Logan Haushalter,1,79.38,0.2,29.77,0,9,40.5,Consumer,Furniture,East
LH-17155,Logan Haushalter,3,55.18,0.2,-12.41,0,9,40.5,Consumer,Technology,West
LH-17155,Logan Haushalter,2,66.26,0.0,27.17,0,9,40.5,Consumer,Technology,West
LH-17155,Logan Haushalter,3,338.04,0.2,-33.8,0,9,40.5,Consumer,Office Supplies,Central
LH-17155,Logan Haushalter,4,154.24,0.2,17.35,0,9,40.5,Consumer,Office Supplies,Central
LH-17155,Logan Haushalter,1,11.74,0.2,3.82,0,9,40.5,Consumer,Office Supplies,West
LH-17155,Logan Haushalter,4,72.0,0.0,12.96,0,9,40.5,Consumer,Technology,West
LH-17155,Logan Haushalter,2,113.89,0.2,9.97,0,9,40.5,Consumer,Furniture,West
LH-17155,Logan Haushalter,3,158.13,0.0,77.48,0,9,40.5,Consumer,Office Supplies,West
LH-17155,Logan Haushalter,1,10.9,0.0,3.05,0,9,40.5,Consumer,Technology,Central
LH-17155,Logan Haushalter,2,59.98,0.0,25.19,0,9,40.5,Consumer,Technology,Central
LH-17155,Logan Haushalter,1,61.93,0.1,23.4,0,9,40.5,Consumer,Office Supplies,Central
LH-17155,Logan Haushalter,2,321.57,0.2,28.14,0,9,40.5,Consumer,Furniture,West
LL-16840,Lauren Leatherbury,2,17.46,0.0,5.94,0,6,99.27,Consumer,Furniture,East
LL-16840,Lauren Leatherbury,3,14.04,0.0,6.74,0,6,99.27,Consumer,Office Supplies,South
LL-16840,Lauren Leatherbury,13,272.61,0.0,98.14,0,6,99.27,Consumer,Technology,South
LL-16840,Lauren Leatherbury,2,569.64,0.0,148.11,0,6,99.27,Consumer,Technology,South
LL-16840,Lauren Leatherbury,1,9.14,0.0,4.57,0,6,99.27,Consumer,Office Supplies,South
LL-16840,Lauren Leatherbury,7,1196.86,0.0,119.69,0,6,99.27,Consumer,Furniture,South
LL-16840,Lauren Leatherbury,9,523.26,0.0,125.58,0,6,99.27,Consumer,Furniture,South
LL-16840,Lauren Leatherbury,2,7.38,0.0,3.47,0,6,99.27,Consumer,Office Supplies,West
LL-16840,Lauren Leatherbury,2,9.26,0.0,3.06,0,6,99.27,Consumer,Office Supplies,West
LL-16840,Lauren Leatherbury,3,29.16,0.0,8.46,0,6,99.27,Consumer,Technology,South
LL-16840,Lauren Leatherbury,3,19.05,0.0,8.76,0,6,99.27,Consumer,Office Supplies,West
LL-16840,Lauren Leatherbury,3,73.34,0.2,27.5,0,6,99.27,Consumer,Office Supplies,West
LM-17065,Liz MacKendrick,5,306.2,0.0,0.0,0,5,148.5,Consumer,Office Supplies,South
LM-17065,Liz MacKendrick,1,85.98,0.0,22.35,0,5,148.5,Consumer,Furniture,South
LM-17065,Liz MacKendrick,4,223.96,0.0,53.75,0,5,148.5,Consumer,Technology,South
LM-17065,Liz MacKendrick,1,29.99,0.0,3.0,0,5,148.5,Consumer,Technology,South
LM-17065,Liz MacKendrick,9,646.78,0.2,-145.52,0,5,148.5,Consumer,Office Supplies,East
LM-17065,Liz MacKendrick,9,38.34,0.0,15.72,0,5,148.5,Consumer,Office Supplies,East
LM-17065,Liz MacKendrick,3,15.53,0.2,5.82,0,5,148.5,Consumer,Office Supplies,East
LO-17170,Lori Olson,3,146.73,0.0,2.93,0,5,132.0,Corporate,Office Supplies,South
LO-17170,Lori Olson,5,29.9,0.0,13.45,0,5,132.0,Corporate,Office Supplies,South
LO-17170,Lori Olson,4,46.32,0.0,18.06,0,5,132.0,Corporate,Technology,West
LO-17170,Lori Olson,8,247.44,0.0,101.45,0,5,132.0,Corporate,Furniture,East
LO-17170,Lori Olson,2,47.98,0.0,23.99,0,5,132.0,Corporate,Office Supplies,East
LO-17170,Lori Olson,5,1.68,0.8,-2.69,0,5,132.0,Corporate,Office Supplies,Central
LO-17170,Lori Olson,3,7.97,0.6,-2.39,0,5,132.0,Corporate,Furniture,Central
LO-17170,Lori Olson,2,113.37,0.3,-3.24,0,5,132.0,Corporate,Furniture,Central
LO-17170,Lori Olson,2,2.96,0.6,-1.41,0,5,132.0,Corporate,Furniture,Central
LP-17080,Liz Pelletier,2,4.27,0.2,0.96,0,4,155.62,Consumer,Furniture,West
LP-17080,Liz Pelletier,2,41.96,0.0,10.91,0,4,155.62,Consumer,Furniture,West
LP-17080,Liz Pelletier,3,451.15,0.2,0.0,0,4,155.62,Consumer,Furniture,West
LP-17080,Liz Pelletier,11,31.5,0.2,11.03,0,4,155.62,Consumer,Office Supplies,West
LP-17080,Liz Pelletier,6,37.44,0.0,16.85,0,4,155.62,Consumer,Office Supplies,West
LP-17080,Liz Pelletier,3,37.59,0.0,17.67,0,4,155.62,Consumer,Office Supplies,West
LP-17080,Liz Pelletier,2,26.03,0.2,9.44,0,4,155.62,Consumer,Office Supplies,West
LP-17080,Liz Pelletier,3,42.6,0.0,16.61,0,4,155.62,Consumer,Furniture,West
LP-17080,Liz Pelletier,7,84.06,0.2,27.32,0,4,155.62,Consumer,Office Supplies,West
LP-17095,Liz Preis,3,466.32,0.2,34.97,0,7,40.21,Consumer,Furniture,East
LP-17095,Liz Preis,2,82.64,0.2,0.0,0,7,40.21,Consumer,Furniture,East
LP-17095,Liz Preis,2,14.88,0.0,3.72,0,7,40.21,Consumer,Office Supplies,West
LP-17095,Liz Preis,8,34.24,0.0,15.41,0,7,40.21,Consumer,Office Supplies,West
LP-17095,Liz Preis,2,261.74,0.0,65.44,0,7,40.21,Consumer,Office Supplies,West
LP-17095,Liz Preis,6,54.79,0.7,-40.18,0,7,40.21,Consumer,Office Supplies,West
LP-17095,Liz Preis,1,69.38,0.5,-47.18,0,7,40.21,Consumer,Furniture,Central
LP-17095,Liz Preis,4,31.68,0.2,2.77,0,7,40.21,Consumer,Office Supplies,Central
LP-17095,Liz Preis,4,2003.17,0.2,250.4,0,7,40.21,Consumer,Technology,Central
LP-17095,Liz Preis,2,9.34,0.2,3.15,0,7,40.21,Consumer,Office Supplies,Central
LP-17095,Liz Preis,5,72.8,0.0,19.66,0,7,40.21,Consumer,Office Supplies,South
LP-17095,Liz Preis,4,89.57,0.2,-1.12,0,7,40.21,Consumer,Technology,South
LP-17095,Liz Preis,5,71.96,0.2,7.2,0,7,40.21,Consumer,Office Supplies,South
LP-17095,Liz Preis,3,15.55,0.2,5.44,0,7,40.21,Consumer,Office Supplies,South
LP-17095,Liz Preis,1,375.34,0.0,18.77,0,7,40.21,Consumer,Office Supplies,Central
LR-16915,Lena Radford,2,76.12,0.0,22.07,0,6,80.93,Consumer,Office Supplies,West
LR-16915,Lena Radford,3,1199.98,0.2,434.99,0,6,80.93,Consumer,Technology,West
LR-16915,Lena Radford,5,445.96,0.2,55.74,0,6,80.93,Consumer,Technology,West
LR-16915,Lena Radford,8,327.76,0.0,91.77,0,6,80.93,Consumer,Furniture,West
LR-16915,Lena Radford,7,6.05,0.7,-4.23,0,6,80.93,Consumer,Office Supplies,South
LR-16915,Lena Radford,3,98.35,0.2,9.84,0,6,80.93,Consumer,Office Supplies,South
LR-16915,Lena Radford,2,335.74,0.2,25.18,0,6,80.93,Consumer,Furniture,South
LR-16915,Lena Radford,2,114.46,0.0,28.61,0,6,80.93,Consumer,Office Supplies,West
LR-16915,Lena Radford,9,94.68,0.0,31.24,0,6,80.93,Consumer,Furniture,West
LR-16915,Lena Radford,3,23.67,0.0,0.95,0,6,80.93,Consumer,Office Supplies,West
LR-16915,Lena Radford,4,1091.17,0.2,68.2,0,6,80.93,Consumer,Technology,West
LR-16915,Lena Radford,7,18.69,0.0,5.23,0,6,80.93,Consumer,Office Supplies,West
LR-16915,Lena Radford,3,568.73,0.2,28.44,0,6,80.93,Consumer,Furniture,West
LR-16915,Lena Radford,1,7.31,0.2,2.56,0,6,80.93,Consumer,Office Supplies,West
LR-16915,Lena Radford,3,85.22,0.2,7.46,0,6,80.93,Consumer,Office Supplies,South
LR-16915,Lena Radford,2,649.0,0.5,-272.58,0,6,80.93,Consumer,Technology,South
LR-17035,Lisa Ryan,4,27.36,0.0,7.39,0,5,98.0,Corporate,Office Supplies,West
LR-17035,Lisa Ryan,2,20.56,0.0,9.66,0,5,98.0,Corporate,Office Supplies,West
LR-17035,Lisa Ryan,5,83.92,0.2,31.47,0,5,98.0,Corporate,Office Supplies,West
LR-17035,Lisa Ryan,1,9.52,0.7,-6.98,0,5,98.0,Corporate,Office Supplies,East
LR-17035,Lisa Ryan,6,791.96,0.4,-131.99,0,5,98.0,Corporate,Technology,East
LR-17035,Lisa Ryan,3,4.92,0.7,-3.94,0,5,98.0,Corporate,Office Supplies,East
LR-17035,Lisa Ryan,2,93.03,0.8,-251.19,0,5,98.0,Corporate,Office Supplies,Central
LR-17035,Lisa Ryan,5,454.96,0.3,-136.49,0,5,98.0,Corporate,Furniture,Central
LR-17035,Lisa Ryan,4,41.4,0.0,19.87,0,5,98.0,Corporate,Office Supplies,East
LR-17035,Lisa Ryan,3,17.22,0.0,5.17,0,5,98.0,Corporate,Office Supplies,West
LR-17035,Lisa Ryan,6,226.56,0.0,63.44,0,5,98.0,Corporate,Office Supplies,West
LR-17035,Lisa Ryan,3,107.88,0.2,10.79,0,5,98.0,Corporate,Technology,West
LS-16945,Linda Southworth,2,21.34,0.0,9.82,0,6,61.69,Corporate,Office Supplies,West
LS-16945,Linda Southworth,3,544.01,0.2,40.8,0,6,61.69,Corporate,Furniture,West
LS-16945,Linda Southworth,3,1.87,0.7,-1.44,0,6,61.69,Corporate,Office Supplies,West
LS-16945,Linda Southworth,3,854.35,0.2,10.68,0,6,61.69,Corporate,Furniture,West
LS-16945,Linda Southworth,2,593.57,0.2,0.0,0,6,61.69,Corporate,Office Supplies,West
LS-16945,Linda Southworth,3,338.04,0.2,-33.8,0,6,61.69,Corporate,Office Supplies,West
LS-16945,Linda Southworth,4,15.94,0.2,5.18,0,6,61.69,Corporate,Office Supplies,East
LS-16945,Linda Southworth,1,9.78,0.0,4.89,0,6,61.69,Corporate,Office Supplies,West
LS-16945,Linda Southworth,2,69.98,0.0,4.9,0,6,61.69,Corporate,Technology,East
LS-16945,Linda Southworth,9,332.03,0.6,-348.63,0,6,61.69,Corporate,Furniture,Central
LS-16945,Linda Southworth,9,11.39,0.8,-17.66,0,6,61.69,Corporate,Office Supplies,Central
LS-16945,Linda Southworth,3,15.55,0.2,5.64,0,6,61.69,Corporate,Office Supplies,Central
LS-16945,Linda Southworth,6,31.1,0.2,11.28,0,6,61.69,Corporate,Office Supplies,Central
LS-16945,Linda Southworth,1,6.32,0.8,-10.42,0,6,61.69,Corporate,Office Supplies,Central
LS-16975,Lindsay Shagiari,4,319.97,0.2,71.99,0,9,54.62,Home Office,Technology,Central
LS-16975,Lindsay Shagiari,3,505.32,0.2,31.58,0,9,54.62,Home Office,Office Supplies,Central
LS-16975,Lindsay Shagiari,1,3.81,0.2,1.24,0,9,54.62,Home Office,Office Supplies,Central
LS-16975,Lindsay Shagiari,1,8.68,0.8,-14.76,0,9,54.62,Home Office,Office Supplies,Central
LS-16975,Lindsay Shagiari,1,24.42,0.2,7.94,0,9,54.62,Home Office,Office Supplies,Central
LS-16975,Lindsay Shagiari,2,81.98,0.0,40.17,0,9,54.62,Home Office,Office Supplies,West
LS-16975,Lindsay Shagiari,2,344.22,0.4,-103.27,0,9,54.62,Home Office,Furniture,East
LS-16975,Lindsay Shagiari,1,4.46,0.2,1.67,0,9,54.62,Home Office,Office Supplies,Central
LS-16975,Lindsay Shagiari,10,3.96,0.8,-6.93,0,9,54.62,Home Office,Office Supplies,Central
LS-16975,Lindsay Shagiari,3,9.26,0.8,-13.9,0,9,54.62,Home Office,Office Supplies,Central
LS-16975,Lindsay Shagiari,2,81.42,0.2,-9.16,0,9,54.62,Home Office,Furniture,West
LS-16975,Lindsay Shagiari,3,238.56,0.0,26.24,0,9,54.62,Home Office,Furniture,West
LS-16975,Lindsay Shagiari,5,30.56,0.8,-45.84,0,9,54.62,Home Office,Office Supplies,Central
LS-16975,Lindsay Shagiari,3,77.95,0.2,-15.59,0,9,54.62,Home Office,Office Supplies,Central
LS-16975,Lindsay Shagiari,1,67.99,0.2,8.5,0,9,54.62,Home Office,Technology,Central
LS-16975,Lindsay Shagiari,2,12.22,0.2,4.43,0,9,54.62,Home Office,Office Supplies,Central
LS-16975,Lindsay Shagiari,2,44.78,0.2,-0.56,0,9,54.62,Home Office,Technology,Central
LS-16975,Lindsay Shagiari,3,22.85,0.6,-17.71,0,9,54.62,Home Office,Furniture,Central
LS-16975,Lindsay Shagiari,1,1.64,0.0,0.74,0,9,54.62,Home Office,Office Supplies,East
LS-16975,Lindsay Shagiari,5,1049.2,0.0,272.79,0,9,54.62,Home Office,Furniture,East
LS-16975,Lindsay Shagiari,5,20.9,0.0,7.52,0,9,54.62,Home Office,Furniture,East
LS-16975,Lindsay Shagiari,3,34.5,0.0,15.52,0,9,54.62,Home Office,Office Supplies,Central
LS-17200,Luke Schmidt,6,605.34,0.0,145.28,0,6,82.54,Corporate,Furniture,South
LS-17200,Luke Schmidt,3,4.32,0.2,1.51,0,6,82.54,Corporate,Office Supplies,West
LS-17200,Luke Schmidt,3,14.94,0.0,7.02,0,6,82.54,Corporate,Office Supplies,West
LS-17200,Luke Schmidt,2,40.54,0.0,11.35,0,6,82.54,Corporate,Office Supplies,West
LS-17200,Luke Schmidt,1,7.31,0.2,2.56,0,6,82.54,Corporate,Office Supplies,West
LS-17200,Luke Schmidt,5,15.8,0.2,2.37,0,6,82.54,Corporate,Office Supplies,East
LS-17200,Luke Schmidt,2,14.37,0.2,3.95,0,6,82.54,Corporate,Furniture,East
LS-17200,Luke Schmidt,7,70.45,0.2,12.33,0,6,82.54,Corporate,Furniture,East
LS-17200,Luke Schmidt,2,12.22,0.2,4.43,0,6,82.54,Corporate,Office Supplies,Central
LS-17200,Luke Schmidt,4,2.3,0.8,-3.57,0,6,82.54,Corporate,Office Supplies,Central
LS-17200,Luke Schmidt,4,9.36,0.8,-16.38,0,6,82.54,Corporate,Office Supplies,Central
LS-17200,Luke Schmidt,4,17.52,0.0,8.41,0,6,82.54,Corporate,Office Supplies,Central
LS-17200,Luke Schmidt,6,155.88,0.0,54.56,0,6,82.54,Corporate,Office Supplies,Central
LS-17200,Luke Schmidt,5,39.9,0.0,10.37,0,6,82.54,Corporate,Office Supplies,West
LS-17230,Lycoris Saunders,3,19.44,0.0,9.33,0,3,135.4,Consumer,Office Supplies,West
LS-17230,Lycoris Saunders,3,28.75,0.2,9.34,0,3,135.4,Consumer,Office Supplies,Central
LS-17230,Lycoris Saunders,3,27.22,0.2,9.87,0,3,135.4,Consumer,Office Supplies,Central
LS-17230,Lycoris Saunders,2,197.37,0.3,-25.38,0,3,135.4,Consumer,Furniture,Central
LS-17230,Lycoris Saunders,3,76.14,0.0,26.65,0,3,135.4,Consumer,Furniture,East
LS-17230,Lycoris Saunders,2,19.96,0.0,9.38,0,3,135.4,Consumer,Office Supplies,East
LS-17245,Lynn Smith,3,14.35,0.2,5.02,0,6,103.36,Consumer,Office Supplies,West
LS-17245,Lynn Smith,3,179.97,0.0,86.39,0,6,103.36,Consumer,Technology,West
LS-17245,Lynn Smith,4,279.96,0.0,78.39,0,6,103.36,Consumer,Technology,East
LS-17245,Lynn Smith,3,12.91,0.2,4.68,0,6,103.36,Consumer,Office Supplies,East
LS-17245,Lynn Smith,4,17.09,0.2,5.77,0,6,103.36,Consumer,Office Supplies,East
LS-17245,Lynn Smith,9,93.15,0.0,44.71,0,6,103.36,Consumer,Office Supplies,East
LS-17245,Lynn Smith,4,11.52,0.0,5.64,0,6,103.36,Consumer,Office Supplies,East
LS-17245,Lynn Smith,3,47.98,0.2,4.8,0,6,103.36,Consumer,Technology,South
LS-17245,Lynn Smith,2,13.38,0.0,6.15,0,6,103.36,Consumer,Office Supplies,West
LS-17245,Lynn Smith,7,173.49,0.2,54.21,0,6,103.36,Consumer,Office Supplies,Central
LS-17245,Lynn Smith,3,126.3,0.0,40.42,0,6,103.36,Consumer,Furniture,Central
LS-17245,Lynn Smith,2,38.04,0.0,12.17,0,6,103.36,Consumer,Technology,Central
LT-16765,Larry Tron,3,53.94,0.0,15.64,0,3,595.0,Consumer,Office Supplies,West
LT-16765,Larry Tron,2,201.58,0.2,20.16,0,3,595.0,Consumer,Technology,West
LT-16765,Larry Tron,3,74.35,0.2,23.23,0,3,595.0,Consumer,Office Supplies,East
LT-17110,Liz Thompson,6,22.2,0.0,9.1,0,8,98.0,Consumer,Furniture,South
LT-17110,Liz Thompson,7,881.93,0.0,229.3,0,8,98.0,Consumer,Technology,South
LT-17110,Liz Thompson,4,5.18,0.8,-7.76,0,8,98.0,Consumer,Office Supplies,Central
LT-17110,Liz Thompson,6,96.96,0.0,33.94,0,8,98.0,Consumer,Furniture,West
LT-17110,Liz Thompson,7,117.49,0.2,41.12,0,8,98.0,Consumer,Office Supplies,West
LT-17110,Liz Thompson,3,11.95,0.2,4.18,0,8,98.0,Consumer,Office Supplies,West
LT-17110,Liz Thompson,3,512.5,0.15,-30.15,0,8,98.0,Consumer,Furniture,West
LT-17110,Liz Thompson,2,348.93,0.2,34.89,0,8,98.0,Consumer,Furniture,West
LT-17110,Liz Thompson,5,70.08,0.2,24.53,0,8,98.0,Consumer,Office Supplies,Central
LT-17110,Liz Thompson,2,1.27,0.8,-2.16,0,8,98.0,Consumer,Office Supplies,Central
LT-17110,Liz Thompson,5,557.58,0.3,0.0,0,8,98.0,Consumer,Furniture,Central
LT-17110,Liz Thompson,2,18.48,0.2,6.01,0,8,98.0,Consumer,Office Supplies,South
LT-17110,Liz Thompson,3,70.95,0.0,18.45,0,8,98.0,Consumer,Office Supplies,East
LT-17110,Liz Thompson,8,220.75,0.4,-40.47,0,8,98.0,Consumer,Technology,East
LW-16825,Laurel Workman,2,25.58,0.2,8.95,0,5,87.29,Corporate,Office Supplies,East
LW-16825,Laurel Workman,5,464.0,0.0,134.56,0,5,87.29,Corporate,Technology,East
LW-16825,Laurel Workman,3,235.95,0.0,77.86,0,5,87.29,Corporate,Office Supplies,East
LW-16825,Laurel Workman,4,39.96,0.0,17.98,0,5,87.29,Corporate,Office Supplies,East
LW-16825,Laurel Workman,2,575.92,0.2,71.99,0,5,87.29,Corporate,Technology,South
LW-16825,Laurel Workman,6,5.18,0.7,-3.63,0,5,87.29,Corporate,Office Supplies,South
LW-16825,Laurel Workman,6,320.88,0.0,93.06,0,5,87.29,Corporate,Office Supplies,West
LW-16825,Laurel Workman,3,23.88,0.0,10.51,0,5,87.29,Corporate,Furniture,West
LW-16825,Laurel Workman,4,26.76,0.0,12.31,0,5,87.29,Corporate,Office Supplies,West
LW-16825,Laurel Workman,1,35.44,0.5,-24.1,0,5,87.29,Corporate,Furniture,West
LW-16825,Laurel Workman,2,269.97,0.7,-386.96,0,5,87.29,Corporate,Technology,West
LW-16825,Laurel Workman,3,45.12,0.2,-7.9,0,5,87.29,Corporate,Technology,West
LW-16825,Laurel Workman,2,100.8,0.2,21.42,0,5,87.29,Corporate,Technology,West
LW-16825,Laurel Workman,2,47.97,0.2,4.2,0,5,87.29,Corporate,Furniture,West
LW-16825,Laurel Workman,5,20.64,0.2,2.32,0,5,87.29,Corporate,Office Supplies,Central
LW-16990,Lindsay Williams,6,1685.88,0.0,320.32,0,6,57.1,Corporate,Furniture,West
LW-16990,Lindsay Williams,2,5.73,0.2,2.0,0,6,57.1,Corporate,Office Supplies,West
LW-16990,Lindsay Williams,2,199.98,0.0,69.99,0,6,57.1,Corporate,Technology,West
LW-16990,Lindsay Williams,5,183.96,0.2,20.7,0,6,57.1,Corporate,Technology,West
LW-16990,Lindsay Williams,3,17.61,0.0,8.45,0,6,57.1,Corporate,Office Supplies,West
LW-16990,Lindsay Williams,1,300.9,0.2,11.28,0,6,57.1,Corporate,Furniture,West
LW-16990,Lindsay Williams,2,31.98,0.2,2.0,0,6,57.1,Corporate,Furniture,South
LW-16990,Lindsay Williams,2,71.98,0.2,25.19,0,6,57.1,Corporate,Technology,South
LW-16990,Lindsay Williams,2,321.57,0.2,28.14,0,6,57.1,Corporate,Furniture,West
LW-16990,Lindsay Williams,5,244.55,0.0,114.94,0,6,57.1,Corporate,Office Supplies,West
LW-16990,Lindsay Williams,8,166.16,0.0,59.82,0,6,57.1,Corporate,Technology,West
LW-17125,Liz Willingham,3,127.95,0.0,21.75,0,3,250.25,Consumer,Furniture,West
LW-17125,Liz Willingham,2,273.96,0.0,71.23,0,3,250.25,Consumer,Furniture,South
LW-17125,Liz Willingham,3,89.97,0.0,18.89,0,3,250.25,Consumer,Technology,South
LW-17125,Liz Willingham,5,756.8,0.0,75.68,0,3,250.25,Consumer,Furniture,South
LW-17125,Liz Willingham,2,10.36,0.0,5.08,0,3,250.25,Consumer,Office Supplies,East
LW-17215,Luke Weiss,6,3785.29,0.1,420.59,0,7,84.57,Consumer,Furniture,East
LW-17215,Luke Weiss,1,2.89,0.8,-4.77,0,7,84.57,Consumer,Office Supplies,Central
LW-17215,Luke Weiss,3,7.9,0.2,2.47,0,7,84.57,Consumer,Office Supplies,Central
LW-17215,Luke Weiss,3,22.61,0.6,-10.17,0,7,84.57,Consumer,Furniture,Central
LW-17215,Luke Weiss,8,30.53,0.2,9.54,0,7,84.57,Consumer,Office Supplies,Central
LW-17215,Luke Weiss,5,232.4,0.2,78.43,0,7,84.57,Consumer,Office Supplies,East
LW-17215,Luke Weiss,4,263.96,0.0,71.27,0,7,84.57,Consumer,Technology,East
LW-17215,Luke Weiss,3,359.97,0.0,100.79,0,7,84.57,Consumer,Technology,East
LW-17215,Luke Weiss,2,12.96,0.0,6.22,0,7,84.57,Consumer,Office Supplies,East
LW-17215,Luke Weiss,3,116.82,0.0,5.84,0,7,84.57,Consumer,Office Supplies,East
LW-17215,Luke Weiss,2,276.78,0.2,89.95,0,7,84.57,Consumer,Office Supplies,East
LW-17215,Luke Weiss,5,199.95,0.0,21.99,0,7,84.57,Consumer,Technology,West
LW-17215,Luke Weiss,7,41.86,0.0,14.23,0,7,84.57,Consumer,Office Supplies,West
LW-17215,Luke Weiss,2,11.7,0.2,3.95,0,7,84.57,Consumer,Office Supplies,West
LW-17215,Luke Weiss,5,54.9,0.0,26.9,0,7,84.57,Consumer,Office Supplies,Central
MA-17560,Matt Abelman,1,549.99,0.0,275.0,0,11,35.64,Home Office,Technology,Central
MA-17560,Matt Abelman,3,167.54,0.1,37.23,0,11,35.64,Home Office,Office Supplies,Central
MA-17560,Matt Abelman,3,38.34,0.0,17.25,0,11,35.64,Home Office,Office Supplies,Central
MA-17560,Matt Abelman,6,53.88,0.0,22.63,0,11,35.64,Home Office,Furniture,Central
MA-17560,Matt Abelman,2,299.98,0.0,83.99,0,11,35.64,Home Office,Technology,Central
MA-17560,Matt Abelman,3,11.35,0.2,4.12,0,11,35.64,Home Office,Office Supplies,East
MA-17560,Matt Abelman,9,20.81,0.2,7.02,0,11,35.64,Home Office,Office Supplies,East
MA-17560,Matt Abelman,9,575.93,0.2,57.59,0,11,35.64,Home Office,Technology,West
MA-17560,Matt Abelman,2,7.78,0.0,2.02,0,11,35.64,Home Office,Office Supplies,West
MA-17560,Matt Abelman,4,123.92,0.0,55.76,0,11,35.64,Home Office,Office Supplies,West
MA-17560,Matt Abelman,6,40.08,0.0,19.24,0,11,35.64,Home Office,Office Supplies,East
MA-17560,Matt Abelman,3,59.94,0.0,28.17,0,11,35.64,Home Office,Office Supplies,East
MA-17560,Matt Abelman,2,259.98,0.0,88.39,0,11,35.64,Home Office,Technology,East
MA-17560,Matt Abelman,1,170.98,0.0,32.49,0,11,35.64,Home Office,Furniture,East
MA-17560,Matt Abelman,3,38.97,0.0,4.68,0,11,35.64,Home Office,Furniture,East
MA-17560,Matt Abelman,5,154.9,0.0,69.7,0,11,35.64,Home Office,Office Supplies,East
MA-17560,Matt Abelman,4,446.07,0.3,0.0,0,11,35.64,Home Office,Furniture,East
MA-17560,Matt Abelman,3,19.44,0.0,9.33,0,11,35.64,Home Office,Office Supplies,Central
MA-17560,Matt Abelman,2,3.64,0.0,1.02,0,11,35.64,Home Office,Office Supplies,Central
MA-17560,Matt Abelman,2,18.54,0.0,8.71,0,11,35.64,Home Office,Office Supplies,Central
MA-17560,Matt Abelman,1,7.31,0.0,3.44,0,11,35.64,Home Office,Office Supplies,East
MA-17560,Matt Abelman,2,799.98,0.2,250.0,0,11,35.64,Home Office,Technology,East
MA-17560,Matt Abelman,6,41.28,0.0,18.99,0,11,35.64,Home Office,Office Supplies,East
MA-17560,Matt Abelman,7,184.66,0.0,84.94,0,11,35.64,Home Office,Office Supplies,East
MA-17560,Matt Abelman,3,9.55,0.6,-3.82,0,11,35.64,Home Office,Furniture,Central
MA-17560,Matt Abelman,4,5.34,0.6,-2.14,0,11,35.64,Home Office,Furniture,Central
MA-17560,Matt Abelman,4,25.2,0.0,11.59,0,11,35.64,Home Office,Office Supplies,Central
MA-17560,Matt Abelman,3,37.59,0.0,17.67,0,11,35.64,Home Office,Office Supplies,Central
MA-17560,Matt Abelman,1,14.97,0.0,4.19,0,11,35.64,Home Office,Office Supplies,Central
MA-17560,Matt Abelman,2,1.98,0.0,0.89,0,11,35.64,Home Office,Technology,Central
MA-17560,Matt Abelman,3,29.47,0.2,9.95,0,11,35.64,Home Office,Office Supplies,Central
MA-17560,Matt Abelman,3,45.53,0.2,15.93,0,11,35.64,Home Office,Office Supplies,East
MA-17560,Matt Abelman,3,7.06,0.2,2.2,0,11,35.64,Home Office,Office Supplies,Central
MA-17560,Matt Abelman,2,27.18,0.2,2.04,0,11,35.64,Home Office,Technology,Central
MA-17995,Michelle Arnett,4,43.92,0.0,11.86,0,6,91.91,Home Office,Office Supplies,West
MA-17995,Michelle Arnett,3,20.23,0.2,6.58,0,6,91.91,Home Office,Office Supplies,West
MA-17995,Michelle Arnett,5,36.4,0.0,17.47,0,6,91.91,Home Office,Office Supplies,South
MA-17995,Michelle Arnett,2,22.96,0.0,4.36,0,6,91.91,Home Office,Technology,South
MA-17995,Michelle Arnett,4,315.2,0.0,6.3,0,6,91.91,Home Office,Office Supplies,South
MA-17995,Michelle Arnett,3,15.18,0.0,7.13,0,6,91.91,Home Office,Office Supplies,South
MA-17995,Michelle Arnett,2,8.28,0.0,3.48,0,6,91.91,Home Office,Office Supplies,West
MA-17995,Michelle Arnett,5,104.9,0.0,50.35,0,6,91.91,Home Office,Office Supplies,Central
MA-17995,Michelle Arnett,2,39.68,0.0,16.27,0,6,91.91,Home Office,Office Supplies,Central
MA-17995,Michelle Arnett,5,51.75,0.0,24.84,0,6,91.91,Home Office,Office Supplies,Central
MA-17995,Michelle Arnett,4,1603.14,0.2,100.2,0,6,91.91,Home Office,Furniture,West
MA-17995,Michelle Arnett,3,191.65,0.1,31.94,0,6,91.91,Home Office,Furniture,East
MB-17305,Maria Bertelson,4,121.38,0.2,-3.03,0,10,66.22,Consumer,Furniture,West
MB-17305,Maria Bertelson,3,95.98,0.2,-10.8,0,10,66.22,Consumer,Technology,West
MB-17305,Maria Bertelson,6,6.73,0.7,-4.49,0,10,66.22,Consumer,Office Supplies,East
MB-17305,Maria Bertelson,2,33.57,0.2,1.68,0,10,66.22,Consumer,Office Supplies,East
MB-17305,Maria Bertelson,2,15.84,0.2,5.54,0,10,66.22,Consumer,Office Supplies,East
MB-17305,Maria Bertelson,1,24.42,0.2,7.94,0,10,66.22,Consumer,Office Supplies,East
MB-17305,Maria Bertelson,5,17.12,0.2,1.93,0,10,66.22,Consumer,Office Supplies,East
MB-17305,Maria Bertelson,3,53.04,0.2,-4.64,0,10,66.22,Consumer,Technology,East
MB-17305,Maria Bertelson,5,145.9,0.0,62.74,0,10,66.22,Consumer,Furniture,West
MB-17305,Maria Bertelson,4,9.22,0.2,3.34,0,10,66.22,Consumer,Office Supplies,South
MB-17305,Maria Bertelson,2,10.37,0.2,3.63,0,10,66.22,Consumer,Office Supplies,South
MB-17305,Maria Bertelson,2,408.01,0.1,72.53,0,10,66.22,Consumer,Furniture,East
MB-17305,Maria Bertelson,3,40.44,0.0,10.51,0,10,66.22,Consumer,Office Supplies,East
MB-17305,Maria Bertelson,3,21.74,0.2,6.79,0,10,66.22,Consumer,Office Supplies,East
MB-17305,Maria Bertelson,3,129.39,0.0,54.34,0,10,66.22,Consumer,Furniture,West
MB-17305,Maria Bertelson,7,67.14,0.2,5.88,0,10,66.22,Consumer,Office Supplies,Central
MB-17305,Maria Bertelson,3,254.06,0.3,-32.66,0,10,66.22,Consumer,Furniture,Central
MB-17305,Maria Bertelson,3,18.24,0.0,9.12,0,10,66.22,Consumer,Office Supplies,West
MB-17305,Maria Bertelson,2,76.12,0.0,22.07,0,10,66.22,Consumer,Office Supplies,West
MB-18085,Mick Brown,3,19.54,0.2,4.88,0,7,156.78,Consumer,Office Supplies,East
MB-18085,Mick Brown,2,244.01,0.3,-31.37,0,7,156.78,Consumer,Furniture,East
MB-18085,Mick Brown,2,19.14,0.2,1.91,0,7,156.78,Consumer,Technology,Central
MB-18085,Mick Brown,2,16.56,0.0,7.78,0,7,156.78,Consumer,Office Supplies,Central
MB-18085,Mick Brown,5,279.95,0.0,67.19,0,7,156.78,Consumer,Technology,Central
MB-18085,Mick Brown,2,13.9,0.2,4.52,0,7,156.78,Consumer,Office Supplies,West
MB-18085,Mick Brown,11,68.54,0.7,-52.55,0,7,156.78,Consumer,Office Supplies,South
MB-18085,Mick Brown,4,627.17,0.2,70.56,0,7,156.78,Consumer,Technology,South
MB-18085,Mick Brown,5,122.12,0.2,39.69,0,7,156.78,Consumer,Office Supplies,South
MB-18085,Mick Brown,3,17.31,0.0,5.19,0,7,156.78,Consumer,Furniture,West
MC-17275,Marc Crier,2,5.88,0.0,2.65,0,8,94.42,Consumer,Office Supplies,West
MC-17275,Marc Crier,5,975.92,0.2,121.99,0,8,94.42,Consumer,Furniture,West
MC-17275,Marc Crier,8,303.84,0.0,91.15,0,8,94.42,Consumer,Office Supplies,West
MC-17275,Marc Crier,6,485.88,0.0,19.44,0,8,94.42,Consumer,Office Supplies,West
MC-17275,Marc Crier,2,141.96,0.0,39.75,0,8,94.42,Consumer,Furniture,West
MC-17275,Marc Crier,2,13.96,0.0,0.28,0,8,94.42,Consumer,Office Supplies,East
MC-17275,Marc Crier,3,27.41,0.4,-14.16,0,8,94.42,Consumer,Furniture,East
MC-17275,Marc Crier,6,517.5,0.0,155.25,0,8,94.42,Consumer,Furniture,South
MC-17275,Marc Crier,2,2.95,0.7,-2.06,0,8,94.42,Consumer,Office Supplies,South
MC-17275,Marc Crier,6,55.1,0.2,18.6,0,8,94.42,Consumer,Office Supplies,South
MC-17275,Marc Crier,2,12.96,0.0,6.22,0,8,94.42,Consumer,Office Supplies,West
MC-17275,Marc Crier,7,167.89,0.2,14.69,0,8,94.42,Consumer,Furniture,West
MC-17275,Marc Crier,3,14.73,0.0,7.22,0,8,94.42,Consumer,Office Supplies,West
MC-17425,Mark Cousins,3,719.98,0.2,135.0,0,5,101.22,Corporate,Technology,Central
MC-17425,Mark Cousins,3,68.16,0.0,27.95,0,5,101.22,Corporate,Furniture,East
MC-17425,Mark Cousins,8,62.24,0.0,29.25,0,5,101.22,Corporate,Office Supplies,East
MC-17425,Mark Cousins,3,230.28,0.2,23.03,0,5,101.22,Corporate,Furniture,West
MC-17425,Mark Cousins,5,105.52,0.2,34.29,0,5,101.22,Corporate,Office Supplies,West
MC-17425,Mark Cousins,3,9.55,0.6,-3.82,0,5,101.22,Corporate,Furniture,Central
MC-17425,Mark Cousins,7,70.98,0.0,34.78,0,5,101.22,Corporate,Office Supplies,South
MC-17425,Mark Cousins,3,91.68,0.0,45.84,0,5,101.22,Corporate,Office Supplies,South
MC-17425,Mark Cousins,5,33.75,0.0,16.88,0,5,101.22,Corporate,Office Supplies,South
MC-17425,Mark Cousins,8,3040.0,0.0,1459.2,0,5,101.22,Corporate,Technology,South
MC-17575,Matt Collins,1,2.39,0.8,-6.34,0,8,109.7,Consumer,Office Supplies,Central
MC-17575,Matt Collins,3,269.98,0.4,40.5,0,8,109.7,Consumer,Technology,East
MC-17575,Matt Collins,6,353.88,0.0,17.69,0,8,109.7,Consumer,Office Supplies,West
MC-17575,Matt Collins,2,9.96,0.0,4.58,0,8,109.7,Consumer,Office Supplies,West
MC-17575,Matt Collins,5,33.9,0.0,15.59,0,8,109.7,Consumer,Office Supplies,Central
MC-17575,Matt Collins,3,5.23,0.7,-4.18,0,8,109.7,Consumer,Office Supplies,East
MC-17575,Matt Collins,2,285.55,0.2,35.69,0,8,109.7,Consumer,Office Supplies,East
MC-17575,Matt Collins,5,244.55,0.0,114.94,0,8,109.7,Consumer,Office Supplies,West
MC-17575,Matt Collins,3,45.22,0.2,4.52,0,8,109.7,Consumer,Office Supplies,South
MC-17575,Matt Collins,6,28.78,0.7,-21.11,0,8,109.7,Consumer,Office Supplies,South
MC-17575,Matt Collins,4,24.45,0.2,8.86,0,8,109.7,Consumer,Office Supplies,South
MC-17590,Matt Collister,3,10.33,0.6,-5.94,0,6,79.31,Corporate,Furniture,Central
MC-17590,Matt Collister,2,10.37,0.2,3.63,0,6,79.31,Corporate,Office Supplies,Central
MC-17590,Matt Collister,2,20.78,0.2,-3.64,0,6,79.31,Corporate,Technology,Central
MC-17590,Matt Collister,5,66.96,0.2,-13.39,0,6,79.31,Corporate,Office Supplies,Central
MC-17590,Matt Collister,3,24.67,0.2,0.0,0,6,79.31,Corporate,Technology,Central
MC-17590,Matt Collister,1,2.52,0.2,0.88,0,6,79.31,Corporate,Office Supplies,Central
MC-17590,Matt Collister,5,1218.73,0.3,-121.87,0,6,79.31,Corporate,Furniture,Central
MC-17590,Matt Collister,2,5.9,0.2,1.99,0,6,79.31,Corporate,Office Supplies,Central
MC-17590,Matt Collister,3,15.7,0.2,5.1,0,6,79.31,Corporate,Office Supplies,Central
MC-17590,Matt Collister,3,6.1,0.6,-3.96,0,6,79.31,Corporate,Furniture,Central
MC-17590,Matt Collister,2,162.64,0.0,45.54,0,6,79.31,Corporate,Office Supplies,East
MC-17590,Matt Collister,3,597.0,0.0,280.59,0,6,79.31,Corporate,Technology,East
MC-17590,Matt Collister,1,55.48,0.0,26.63,0,6,79.31,Corporate,Office Supplies,East
MC-17590,Matt Collister,2,40.48,0.0,14.57,0,6,79.31,Corporate,Furniture,East
MC-17590,Matt Collister,7,24.85,0.0,11.68,0,6,79.31,Corporate,Office Supplies,Central
MC-17590,Matt Collister,2,63.56,0.0,3.18,0,6,79.31,Corporate,Office Supplies,West
MC-17590,Matt Collister,1,99.99,0.0,44.0,0,6,79.31,Corporate,Technology,West
MC-17605,Matt Connell,3,323.98,0.2,28.35,0,8,74.71,Corporate,Technology,South
MC-17605,Matt Connell,4,11.81,0.2,3.99,0,8,74.71,Corporate,Office Supplies,South
MC-17605,Matt Connell,3,26.16,0.2,1.96,0,8,74.71,Corporate,Office Supplies,South
MC-17605,Matt Connell,5,33.57,0.7,-25.74,0,8,74.71,Corporate,Office Supplies,South
MC-17605,Matt Connell,3,4.99,0.2,1.37,0,8,74.71,Corporate,Furniture,South
MC-17605,Matt Connell,3,20.02,0.2,5.5,0,8,74.71,Corporate,Furniture,South
MC-17605,Matt Connell,2,170.24,0.2,53.2,0,8,74.71,Corporate,Technology,South
MC-17605,Matt Connell,3,674.06,0.3,-19.26,0,8,74.71,Corporate,Furniture,Central
MC-17605,Matt Connell,2,21.49,0.2,1.61,0,8,74.71,Corporate,Office Supplies,Central
MC-17605,Matt Connell,3,239.98,0.2,27.0,0,8,74.71,Corporate,Technology,Central
MC-17605,Matt Connell,2,34.5,0.6,-15.53,0,8,74.71,Corporate,Furniture,Central
MC-17605,Matt Connell,12,39.0,0.0,11.31,0,8,74.71,Corporate,Office Supplies,West
MC-17605,Matt Connell,2,210.98,0.0,21.1,0,8,74.71,Corporate,Furniture,Central
MC-17605,Matt Connell,1,8.38,0.2,0.73,0,8,74.71,Corporate,Office Supplies,East
MC-17605,Matt Connell,2,6.85,0.2,0.77,0,8,74.71,Corporate,Office Supplies,East
MC-17605,Matt Connell,3,65.23,0.2,22.02,0,8,74.71,Corporate,Office Supplies,South
MC-17605,Matt Connell,3,207.0,0.2,25.87,0,8,74.71,Corporate,Furniture,South
MC-17605,Matt Connell,4,159.96,0.0,51.19,0,8,74.71,Corporate,Technology,West
MC-17635,Matthew Clasen,6,64.02,0.0,29.45,0,4,134.14,Corporate,Office Supplies,Central
MC-17635,Matthew Clasen,4,25.92,0.0,12.44,0,4,134.14,Corporate,Office Supplies,Central
MC-17635,Matthew Clasen,1,12.99,0.0,0.78,0,4,134.14,Corporate,Technology,West
MC-17635,Matthew Clasen,4,18.56,0.2,6.5,0,4,134.14,Corporate,Office Supplies,West
MC-17635,Matthew Clasen,5,449.15,0.0,8.98,0,4,134.14,Corporate,Office Supplies,West
MC-17635,Matthew Clasen,7,31.25,0.2,10.94,0,4,134.14,Corporate,Office Supplies,West
MC-17635,Matthew Clasen,3,182.99,0.8,-320.24,0,4,134.14,Corporate,Office Supplies,Central
MC-17635,Matthew Clasen,3,10.27,0.2,3.21,0,4,134.14,Corporate,Office Supplies,Central
MC-17845,Michael Chen,3,479.97,0.0,163.19,0,7,97.92,Consumer,Technology,South
MC-17845,Michael Chen,2,14.62,0.0,6.87,0,7,97.92,Consumer,Office Supplies,South
MC-17845,Michael Chen,3,19.44,0.0,9.33,0,7,97.92,Consumer,Office Supplies,South
MC-17845,Michael Chen,2,487.98,0.2,152.49,0,7,97.92,Consumer,Office Supplies,West
MC-17845,Michael Chen,2,47.3,0.0,12.3,0,7,97.92,Consumer,Office Supplies,West
MC-17845,Michael Chen,1,4.13,0.0,1.16,0,7,97.92,Consumer,Office Supplies,West
MC-17845,Michael Chen,5,155.12,0.2,50.41,0,7,97.92,Consumer,Office Supplies,West
MC-17845,Michael Chen,5,44.46,0.6,-17.78,0,7,97.92,Consumer,Furniture,Central
MC-17845,Michael Chen,3,314.09,0.2,19.63,0,7,97.92,Consumer,Office Supplies,Central
MC-17845,Michael Chen,6,133.38,0.0,58.69,0,7,97.92,Consumer,Furniture,South
MC-17845,Michael Chen,5,400.8,0.0,112.22,0,7,97.92,Consumer,Office Supplies,West
MC-17845,Michael Chen,1,28.79,0.2,10.08,0,7,97.92,Consumer,Office Supplies,West
MC-17845,Michael Chen,4,1669.6,0.0,116.87,0,7,97.92,Consumer,Furniture,West
MC-17845,Michael Chen,3,6.03,0.0,2.95,0,7,97.92,Consumer,Office Supplies,East
MC-18100,Mick Crebagga,5,139.8,0.2,12.23,0,10,69.44,Consumer,Technology,West
MC-18100,Mick Crebagga,3,40.68,0.2,-9.15,0,10,69.44,Consumer,Technology,Central
MC-18100,Mick Crebagga,5,763.28,0.3,-21.81,0,10,69.44,Consumer,Furniture,Central
MC-18100,Mick Crebagga,3,17.94,0.0,3.05,0,10,69.44,Consumer,Office Supplies,East
MC-18100,Mick Crebagga,2,20.1,0.6,-16.59,0,10,69.44,Consumer,Furniture,Central
MC-18100,Mick Crebagga,1,3.8,0.8,-6.08,0,10,69.44,Consumer,Office Supplies,Central
MC-18100,Mick Crebagga,5,7.88,0.6,-3.94,0,10,69.44,Consumer,Furniture,Central
MC-18100,Mick Crebagga,1,180.02,0.2,-15.75,0,10,69.44,Consumer,Office Supplies,Central
MC-18100,Mick Crebagga,2,41.55,0.6,-19.74,0,10,69.44,Consumer,Furniture,Central
MC-18100,Mick Crebagga,5,13.12,0.2,1.48,0,10,69.44,Consumer,Office Supplies,Central
MC-18100,Mick Crebagga,1,51.59,0.4,-15.48,0,10,69.44,Consumer,Furniture,East
MC-18100,Mick Crebagga,12,93.36,0.0,0.93,0,10,69.44,Consumer,Office Supplies,West
MC-18100,Mick Crebagga,3,40.68,0.2,-7.12,0,10,69.44,Consumer,Technology,Central
MC-18100,Mick Crebagga,4,20.74,0.2,7.26,0,10,69.44,Consumer,Office Supplies,East
MC-18100,Mick Crebagga,2,7.17,0.2,0.99,0,10,69.44,Consumer,Furniture,East
MC-18100,Mick Crebagga,2,11.17,0.2,-2.51,0,10,69.44,Consumer,Office Supplies,East
MC-18100,Mick Crebagga,7,442.4,0.2,-55.3,0,10,69.44,Consumer,Technology,East
MC-18100,Mick Crebagga,9,305.01,0.0,76.25,0,10,69.44,Consumer,Office Supplies,West
MC-18100,Mick Crebagga,1,18.7,0.0,7.11,0,10,69.44,Consumer,Furniture,West
MC-18130,Mike Caudle,6,92.52,0.0,24.98,0,5,82.9,Corporate,Office Supplies,West
MC-18130,Mike Caudle,2,11.96,0.0,5.86,0,5,82.9,Corporate,Office Supplies,West
MC-18130,Mike Caudle,7,26.18,0.0,0.52,0,5,82.9,Corporate,Office Supplies,East
MC-18130,Mike Caudle,2,7.3,0.0,3.43,0,5,82.9,Corporate,Office Supplies,East
MC-18130,Mike Caudle,2,12.96,0.0,6.22,0,5,82.9,Corporate,Office Supplies,South
MC-18130,Mike Caudle,2,17.76,0.0,4.97,0,5,82.9,Corporate,Office Supplies,West
MC-18130,Mike Caudle,2,302.38,0.2,30.24,0,5,82.9,Corporate,Technology,West
MC-18130,Mike Caudle,3,146.35,0.2,-5.49,0,5,82.9,Corporate,Furniture,West
MC-18130,Mike Caudle,2,7.9,0.0,2.05,0,5,82.9,Corporate,Office Supplies,West
MC-18130,Mike Caudle,3,902.71,0.2,33.85,0,5,82.9,Corporate,Furniture,West
MC-18130,Mike Caudle,3,53.97,0.0,15.11,0,5,82.9,Corporate,Office Supplies,West
MD-17350,Maribeth Dona,2,273.57,0.2,-34.2,0,7,64.62,Consumer,Furniture,East
MD-17350,Maribeth Dona,2,13.19,0.7,-8.8,0,7,64.62,Consumer,Office Supplies,East
MD-17350,Maribeth Dona,6,1080.1,0.2,-94.51,0,7,64.62,Consumer,Office Supplies,East
MD-17350,Maribeth Dona,5,51.56,0.2,-6.45,0,7,64.62,Consumer,Technology,East
MD-17350,Maribeth Dona,2,58.42,0.2,16.79,0,7,64.62,Consumer,Technology,East
MD-17350,Maribeth Dona,9,998.82,0.0,29.96,0,7,64.62,Consumer,Office Supplies,West
MD-17350,Maribeth Dona,5,51.15,0.0,13.3,0,7,64.62,Consumer,Office Supplies,West
MD-17350,Maribeth Dona,2,105.42,0.0,51.66,0,7,64.62,Consumer,Office Supplies,South
MD-17350,Maribeth Dona,2,8.95,0.7,-7.46,0,7,64.62,Consumer,Office Supplies,East
MD-17350,Maribeth Dona,6,8.86,0.7,-6.49,0,7,64.62,Consumer,Office Supplies,East
MD-17350,Maribeth Dona,2,85.25,0.3,-1.22,0,7,64.62,Consumer,Furniture,East
MD-17350,Maribeth Dona,4,933.41,0.3,-173.35,0,7,64.62,Consumer,Furniture,Central
MD-17350,Maribeth Dona,2,47.99,0.3,-2.06,0,7,64.62,Consumer,Furniture,East
MD-17350,Maribeth Dona,4,8.26,0.2,0.62,0,7,64.62,Consumer,Office Supplies,East
MD-17350,Maribeth Dona,5,25.56,0.7,-20.45,0,7,64.62,Consumer,Office Supplies,East
MD-17350,Maribeth Dona,2,4.37,0.7,-3.06,0,7,64.62,Consumer,Office Supplies,East
MD-17350,Maribeth Dona,4,11.52,0.2,3.74,0,7,64.62,Consumer,Office Supplies,East
MD-17860,Michael Dominguez,5,58.36,0.6,-24.8,0,5,155.43,Corporate,Furniture,Central
MD-17860,Michael Dominguez,7,16.46,0.2,1.44,0,5,155.43,Corporate,Office Supplies,Central
MD-17860,Michael Dominguez,5,39.96,0.6,-23.98,0,5,155.43,Corporate,Furniture,Central
MD-17860,Michael Dominguez,2,27.46,0.0,9.89,0,5,155.43,Corporate,Furniture,East
MD-17860,Michael Dominguez,3,125.13,0.0,36.29,0,5,155.43,Corporate,Office Supplies,East
MD-17860,Michael Dominguez,7,9.41,0.2,0.71,0,5,155.43,Corporate,Office Supplies,East
MD-17860,Michael Dominguez,8,909.12,0.0,9.09,0,5,155.43,Corporate,Office Supplies,Central
MD-17860,Michael Dominguez,8,19.01,0.7,-12.67,0,5,155.43,Corporate,Office Supplies,South
ME-17320,Maria Etezadi,9,2573.82,0.0,746.41,0,10,67.24,Home Office,Furniture,South
ME-17320,Maria Etezadi,2,609.98,0.0,274.49,0,10,67.24,Home Office,Office Supplies,South
ME-17320,Maria Etezadi,2,5.48,0.0,1.48,0,10,67.24,Home Office,Office Supplies,South
ME-17320,Maria Etezadi,2,391.98,0.0,113.67,0,10,67.24,Home Office,Technology,South
ME-17320,Maria Etezadi,4,755.96,0.0,204.11,0,10,67.24,Home Office,Technology,South
ME-17320,Maria Etezadi,4,31.12,0.0,0.31,0,10,67.24,Home Office,Office Supplies,South
ME-17320,Maria Etezadi,1,6.54,0.0,3.01,0,10,67.24,Home Office,Office Supplies,South
ME-17320,Maria Etezadi,2,5.79,0.8,-9.56,0,10,67.24,Home Office,Office Supplies,Central
ME-17320,Maria Etezadi,3,45.53,0.2,15.93,0,10,67.24,Home Office,Office Supplies,Central
ME-17320,Maria Etezadi,6,844.12,0.3,-36.18,0,10,67.24,Home Office,Furniture,Central
ME-17320,Maria Etezadi,8,812.74,0.2,60.96,0,10,67.24,Home Office,Technology,Central
ME-17320,Maria Etezadi,3,149.97,0.0,6.0,0,10,67.24,Home Office,Technology,South
ME-17320,Maria Etezadi,3,27.81,0.0,13.07,0,10,67.24,Home Office,Office Supplies,South
ME-17320,Maria Etezadi,9,3023.93,0.2,226.79,0,10,67.24,Home Office,Technology,West
ME-17320,Maria Etezadi,2,26.96,0.0,3.77,0,10,67.24,Home Office,Technology,West
ME-17320,Maria Etezadi,3,477.6,0.2,161.19,0,10,67.24,Home Office,Technology,West
ME-17320,Maria Etezadi,1,59.76,0.0,16.73,0,10,67.24,Home Office,Office Supplies,South
ME-17320,Maria Etezadi,3,91.2,0.0,41.95,0,10,67.24,Home Office,Office Supplies,South
ME-17320,Maria Etezadi,3,452.94,0.0,67.94,0,10,67.24,Home Office,Furniture,South
ME-17320,Maria Etezadi,2,241.42,0.2,-36.21,0,10,67.24,Home Office,Furniture,West
ME-17320,Maria Etezadi,6,9.32,0.8,-24.71,0,10,67.24,Home Office,Office Supplies,Central
ME-17320,Maria Etezadi,4,19.76,0.0,8.3,0,10,67.24,Home Office,Furniture,Central
ME-17725,Max Engle,9,35.86,0.2,13.0,0,8,103.25,Consumer,Office Supplies,Central
ME-17725,Max Engle,4,23.84,0.2,3.28,0,8,103.25,Consumer,Technology,Central
ME-17725,Max Engle,3,48.81,0.0,23.92,0,8,103.25,Consumer,Office Supplies,South
ME-17725,Max Engle,2,35.96,0.0,10.43,0,8,103.25,Consumer,Office Supplies,West
ME-17725,Max Engle,3,14.95,0.2,5.42,0,8,103.25,Consumer,Office Supplies,West
ME-17725,Max Engle,3,18.88,0.7,-13.85,0,8,103.25,Consumer,Office Supplies,West
ME-17725,Max Engle,3,122.33,0.2,12.23,0,8,103.25,Consumer,Office Supplies,West
ME-17725,Max Engle,3,11.22,0.0,0.22,0,8,103.25,Consumer,Office Supplies,West
ME-17725,Max Engle,2,21.39,0.8,-54.55,0,8,103.25,Consumer,Office Supplies,Central
ME-17725,Max Engle,3,307.31,0.3,-39.51,0,8,103.25,Consumer,Furniture,Central
ME-17725,Max Engle,3,410.0,0.32,-96.47,0,8,103.25,Consumer,Furniture,Central
ME-17725,Max Engle,6,155.94,0.0,45.22,0,8,103.25,Consumer,Office Supplies,East
ME-17725,Max Engle,2,701.96,0.0,168.47,0,8,103.25,Consumer,Furniture,South
ME-18010,Michelle Ellison,5,99.2,0.0,25.79,0,4,233.2,Corporate,Office Supplies,West
ME-18010,Michelle Ellison,2,801.57,0.2,50.1,0,4,233.2,Corporate,Furniture,West
ME-18010,Michelle Ellison,1,272.85,0.2,27.28,0,4,233.2,Corporate,Furniture,West
ME-18010,Michelle Ellison,1,5.18,0.2,1.81,0,4,233.2,Corporate,Office Supplies,Central
ME-18010,Michelle Ellison,4,26.98,0.2,8.77,0,4,233.2,Corporate,Office Supplies,West
ME-18010,Michelle Ellison,2,51.17,0.2,-6.4,0,4,233.2,Corporate,Office Supplies,East
MF-17665,Maureen Fritzler,5,551.99,0.7,-459.99,0,5,96.43,Corporate,Office Supplies,West
MF-17665,Maureen Fritzler,2,15.17,0.2,3.79,0,5,96.43,Corporate,Furniture,East
MF-17665,Maureen Fritzler,2,37.68,0.0,10.55,0,5,96.43,Corporate,Office Supplies,East
MF-17665,Maureen Fritzler,8,51.84,0.0,24.88,0,5,96.43,Corporate,Office Supplies,East
MF-17665,Maureen Fritzler,3,27.42,0.0,9.32,0,5,96.43,Corporate,Furniture,East
MF-17665,Maureen Fritzler,3,5.4,0.0,2.59,0,5,96.43,Corporate,Office Supplies,East
MF-17665,Maureen Fritzler,7,197.05,0.0,59.11,0,5,96.43,Corporate,Office Supplies,South
MF-17665,Maureen Fritzler,6,50.5,0.2,8.21,0,5,96.43,Corporate,Furniture,South
MF-18250,Monica Federle,4,103.94,0.2,16.89,0,5,108.64,Corporate,Furniture,East
MF-18250,Monica Federle,1,43.13,0.0,18.11,0,5,108.64,Corporate,Furniture,West
MF-18250,Monica Federle,3,10.02,0.0,4.41,0,5,108.64,Corporate,Furniture,East
MF-18250,Monica Federle,3,144.12,0.0,69.18,0,5,108.64,Corporate,Office Supplies,East
MF-18250,Monica Federle,1,64.78,0.2,-14.58,0,5,108.64,Corporate,Office Supplies,Central
MF-18250,Monica Federle,3,15.55,0.2,5.64,0,5,108.64,Corporate,Office Supplies,Central
MF-18250,Monica Federle,7,223.89,0.2,69.96,0,5,108.64,Corporate,Office Supplies,Central
MF-18250,Monica Federle,4,62.04,0.0,17.37,0,5,108.64,Corporate,Office Supplies,South
MF-18250,Monica Federle,3,494.97,0.0,148.49,0,5,108.64,Corporate,Technology,South
MF-18250,Monica Federle,4,367.96,0.0,14.72,0,5,108.64,Corporate,Office Supplies,South
MF-18250,Monica Federle,2,44.96,0.0,20.68,0,5,108.64,Corporate,Office Supplies,South
MF-18250,Monica Federle,3,182.94,0.0,85.98,0,5,108.64,Corporate,Office Supplies,South
MG-17650,Matthew Grinstein,4,1091.17,0.2,68.2,0,7,93.08,Home Office,Technology,West
MG-17650,Matthew Grinstein,2,219.17,0.2,-43.83,0,7,93.08,Home Office,Technology,West
MG-17650,Matthew Grinstein,3,4.42,0.2,1.6,0,7,93.08,Home Office,Office Supplies,East
MG-17650,Matthew Grinstein,7,657.93,0.0,184.22,0,7,93.08,Home Office,Technology,Central
MG-17650,Matthew Grinstein,4,33.48,0.0,8.7,0,7,93.08,Home Office,Furniture,Central
MG-17650,Matthew Grinstein,5,13.9,0.0,3.61,0,7,93.08,Home Office,Office Supplies,Central
MG-17650,Matthew Grinstein,2,26.86,0.0,6.72,0,7,93.08,Home Office,Office Supplies,Central
MG-17650,Matthew Grinstein,8,445.44,0.4,-81.66,0,7,93.08,Home Office,Technology,East
MG-17650,Matthew Grinstein,3,21.81,0.0,5.89,0,7,93.08,Home Office,Office Supplies,Central
MG-17650,Matthew Grinstein,5,91.6,0.0,26.56,0,7,93.08,Home Office,Office Supplies,Central
MG-17650,Matthew Grinstein,7,369.54,0.2,27.72,0,7,93.08,Home Office,Technology,Central
MG-17650,Matthew Grinstein,2,10.37,0.2,3.76,0,7,93.08,Home Office,Office Supplies,Central
MG-17650,Matthew Grinstein,3,791.88,0.2,128.68,0,7,93.08,Home Office,Technology,Central
MG-17650,Matthew Grinstein,2,7.71,0.2,1.74,0,7,93.08,Home Office,Furniture,East
MG-17680,Maureen Gastineau,4,93.89,0.2,12.91,0,4,119.22,Home Office,Furniture,East
MG-17680,Maureen Gastineau,2,47.98,0.2,-1.2,0,4,119.22,Home Office,Technology,East
MG-17680,Maureen Gastineau,2,1497.67,0.15,140.96,0,4,119.22,Home Office,Furniture,West
MG-17680,Maureen Gastineau,2,17.52,0.2,-3.5,0,4,119.22,Home Office,Technology,West
MG-17680,Maureen Gastineau,1,63.69,0.3,-15.47,0,4,119.22,Home Office,Furniture,East
MG-17680,Maureen Gastineau,3,239.98,0.2,65.99,0,4,119.22,Home Office,Technology,East
MG-17680,Maureen Gastineau,2,344.22,0.4,-189.32,0,4,119.22,Home Office,Furniture,East
MG-17680,Maureen Gastineau,3,15.55,0.2,5.44,0,4,119.22,Home Office,Office Supplies,East
MG-17680,Maureen Gastineau,4,21.25,0.2,7.44,0,4,119.22,Home Office,Furniture,East
MG-17680,Maureen Gastineau,2,8.45,0.2,2.64,0,4,119.22,Home Office,Office Supplies,East
MG-17695,Maureen Gnade,3,18.26,0.2,6.16,0,3,90.83,Consumer,Office Supplies,East
MG-17695,Maureen Gnade,2,34.66,0.2,5.63,0,3,90.83,Consumer,Office Supplies,East
MG-17695,Maureen Gnade,2,81.55,0.2,8.16,0,3,90.83,Consumer,Office Supplies,East
MG-17695,Maureen Gnade,4,227.14,0.2,-42.59,0,3,90.83,Consumer,Office Supplies,East
MG-17695,Maureen Gnade,3,2.38,0.2,0.74,0,3,90.83,Consumer,Technology,Central
MG-17695,Maureen Gnade,2,143.13,0.8,-393.6,0,3,90.83,Consumer,Office Supplies,Central
MG-17695,Maureen Gnade,7,835.17,0.0,16.7,0,3,90.83,Consumer,Office Supplies,East
MG-17875,Michael Grace,3,6.94,0.2,2.34,0,5,215.0,Home Office,Office Supplies,Central
MG-17875,Michael Grace,3,4.43,0.8,-6.86,0,5,215.0,Home Office,Office Supplies,Central
MG-17875,Michael Grace,7,796.42,0.5,-525.64,0,5,215.0,Home Office,Furniture,Central
MG-17875,Michael Grace,5,32.4,0.0,15.55,0,5,215.0,Home Office,Office Supplies,South
MG-17875,Michael Grace,2,47.98,0.0,11.04,0,5,215.0,Home Office,Furniture,South
MG-17875,Michael Grace,1,207.48,0.0,62.24,0,5,215.0,Home Office,Office Supplies,East
MG-17875,Michael Grace,2,147.18,0.2,-29.44,0,5,215.0,Home Office,Office Supplies,South
MG-17890,Michael Granlund,3,8.74,0.6,-4.8,0,9,83.17,Home Office,Furniture,Central
MG-17890,Michael Granlund,1,150.98,0.0,43.78,0,9,83.17,Home Office,Furniture,East
MG-17890,Michael Granlund,9,137.25,0.0,63.13,0,9,83.17,Home Office,Office Supplies,East
MG-17890,Michael Granlund,4,11.52,0.0,5.41,0,9,83.17,Home Office,Office Supplies,East
MG-17890,Michael Granlund,1,16.99,0.0,4.93,0,9,83.17,Home Office,Office Supplies,West
MG-17890,Michael Granlund,2,120.67,0.15,21.29,0,9,83.17,Home Office,Furniture,West
MG-17890,Michael Granlund,3,49.08,0.0,4.91,0,9,83.17,Home Office,Technology,East
MG-17890,Michael Granlund,1,1.81,0.0,0.65,0,9,83.17,Home Office,Office Supplies,West
MG-17890,Michael Granlund,1,156.79,0.2,17.64,0,9,83.17,Home Office,Technology,West
MG-17890,Michael Granlund,2,35.36,0.2,-3.09,0,9,83.17,Home Office,Technology,West
MG-17890,Michael Granlund,1,13.59,0.2,-0.34,0,9,83.17,Home Office,Furniture,West
MG-17890,Michael Granlund,2,6.21,0.2,0.7,0,9,83.17,Home Office,Office Supplies,West
MG-17890,Michael Granlund,5,67.4,0.0,17.52,0,9,83.17,Home Office,Office Supplies,East
MG-18145,Mike Gockenbach,3,890.84,0.3,-152.72,0,4,184.0,Consumer,Furniture,Central
MG-18145,Mike Gockenbach,3,36.34,0.2,-7.27,0,4,184.0,Consumer,Office Supplies,East
MG-18145,Mike Gockenbach,1,666.25,0.2,-149.91,0,4,184.0,Consumer,Office Supplies,East
MG-18145,Mike Gockenbach,6,52.51,0.2,19.69,0,4,184.0,Consumer,Office Supplies,East
MG-18145,Mike Gockenbach,3,91.03,0.2,-2.28,0,4,184.0,Consumer,Furniture,South
MG-18145,Mike Gockenbach,9,1115.91,0.0,200.86,0,4,184.0,Consumer,Technology,West
MG-18145,Mike Gockenbach,7,128.74,0.2,-28.97,0,4,184.0,Consumer,Technology,West
MG-18145,Mike Gockenbach,10,79.92,0.2,26.97,0,4,184.0,Consumer,Technology,West
MG-18205,Mitch Gastineau,5,12.32,0.2,1.85,0,1,0.0,Corporate,Furniture,South
MG-18205,Mitch Gastineau,3,4.42,0.7,-3.09,0,1,0.0,Corporate,Office Supplies,South
MH-17290,Marc Harrigan,5,21.4,0.0,6.21,0,6,102.08,Home Office,Office Supplies,West
MH-17290,Marc Harrigan,2,12.6,0.0,5.8,0,6,102.08,Home Office,Office Supplies,West
MH-17290,Marc Harrigan,5,8.4,0.0,2.18,0,6,102.08,Home Office,Office Supplies,West
MH-17290,Marc Harrigan,5,599.16,0.15,35.25,0,6,102.08,Home Office,Furniture,West
MH-17290,Marc Harrigan,7,37.41,0.2,13.09,0,6,102.08,Home Office,Office Supplies,South
MH-17290,Marc Harrigan,6,25.34,0.2,8.87,0,6,102.08,Home Office,Office Supplies,South
MH-17290,Marc Harrigan,5,776.85,0.4,-181.26,0,6,102.08,Home Office,Technology,East
MH-17290,Marc Harrigan,1,12.29,0.7,-8.61,0,6,102.08,Home Office,Office Supplies,East
MH-17290,Marc Harrigan,3,154.76,0.4,-46.43,0,6,102.08,Home Office,Furniture,East
MH-17290,Marc Harrigan,1,43.28,0.2,3.25,0,6,102.08,Home Office,Office Supplies,East
MH-17290,Marc Harrigan,5,43.1,0.0,11.21,0,6,102.08,Home Office,Office Supplies,West
MH-17290,Marc Harrigan,5,511.5,0.0,132.99,0,6,102.08,Home Office,Furniture,West
MH-17290,Marc Harrigan,5,147.92,0.2,46.22,0,6,102.08,Home Office,Office Supplies,West
MH-17440,Mark Haberlin,2,17.25,0.2,6.04,0,4,131.12,Corporate,Office Supplies,West
MH-17440,Mark Haberlin,3,11.43,0.0,5.37,0,4,131.12,Corporate,Office Supplies,South
MH-17440,Mark Haberlin,2,30.44,0.0,14.92,0,4,131.12,Corporate,Office Supplies,South
MH-17440,Mark Haberlin,2,12.96,0.0,6.35,0,4,131.12,Corporate,Office Supplies,South
MH-17440,Mark Haberlin,4,16.0,0.0,7.68,0,4,131.12,Corporate,Office Supplies,South
MH-17440,Mark Haberlin,3,32.67,0.0,8.49,0,4,131.12,Corporate,Office Supplies,South
MH-17440,Mark Haberlin,4,241.5,0.3,0.0,0,4,131.12,Corporate,Furniture,Central
MH-17440,Mark Haberlin,3,34.25,0.2,11.56,0,4,131.12,Corporate,Office Supplies,East
MH-17440,Mark Haberlin,2,3.52,0.0,1.02,0,4,131.12,Corporate,Office Supplies,East
MH-17455,Mark Hamilton,4,49.12,0.0,23.09,0,8,118.3,Consumer,Office Supplies,East
MH-17455,Mark Hamilton,5,18.28,0.2,6.4,0,8,118.3,Consumer,Office Supplies,East
MH-17455,Mark Hamilton,3,190.85,0.2,-21.47,0,8,118.3,Consumer,Furniture,East
MH-17455,Mark Hamilton,3,47.95,0.2,16.18,0,8,118.3,Consumer,Office Supplies,South
MH-17455,Mark Hamilton,3,194.35,0.2,19.44,0,8,118.3,Consumer,Furniture,West
MH-17455,Mark Hamilton,5,1424.9,0.0,356.22,0,8,118.3,Consumer,Furniture,Central
MH-17455,Mark Hamilton,8,90.64,0.0,38.98,0,8,118.3,Consumer,Office Supplies,Central
MH-17455,Mark Hamilton,1,39.59,0.4,-7.26,0,8,118.3,Consumer,Technology,East
MH-17455,Mark Hamilton,9,91.01,0.2,19.34,0,8,118.3,Consumer,Furniture,East
MH-17455,Mark Hamilton,2,290.34,0.2,32.66,0,8,118.3,Consumer,Office Supplies,Central
MH-17455,Mark Hamilton,2,19.15,0.2,1.2,0,8,118.3,Consumer,Office Supplies,Central
MH-17620,Matt Hagelstein,2,44.46,0.0,14.67,0,4,120.2,Corporate,Furniture,West
MH-17620,Matt Hagelstein,6,30.96,0.2,11.22,0,4,120.2,Corporate,Office Supplies,East
MH-17620,Matt Hagelstein,2,6.82,0.8,-11.59,0,4,120.2,Corporate,Office Supplies,Central
MH-17620,Matt Hagelstein,4,9.98,0.2,3.62,0,4,120.2,Corporate,Office Supplies,West
MH-17620,Matt Hagelstein,1,14.98,0.0,4.19,0,4,120.2,Corporate,Office Supplies,West
MH-17620,Matt Hagelstein,4,1145.6,0.2,100.24,0,4,120.2,Corporate,Technology,West
MH-17785,Maya Herman,10,567.12,0.2,-28.36,0,7,121.5,Corporate,Furniture,West
MH-17785,Maya Herman,4,359.32,0.0,7.19,0,7,121.5,Corporate,Office Supplies,West
MH-17785,Maya Herman,3,15.24,0.0,5.18,0,7,121.5,Corporate,Furniture,East
MH-17785,Maya Herman,2,137.54,0.0,55.02,0,7,121.5,Corporate,Furniture,West
MH-17785,Maya Herman,4,730.2,0.0,94.93,0,7,121.5,Corporate,Furniture,West
MH-17785,Maya Herman,3,70.95,0.0,20.58,0,7,121.5,Corporate,Office Supplies,East
MH-17785,Maya Herman,6,34.94,0.2,11.79,0,7,121.5,Corporate,Office Supplies,East
MH-17785,Maya Herman,6,119.04,0.0,35.71,0,7,121.5,Corporate,Office Supplies,East
MH-17785,Maya Herman,1,55.48,0.0,26.63,0,7,121.5,Corporate,Office Supplies,East
MH-17785,Maya Herman,1,104.7,0.2,6.54,0,7,121.5,Corporate,Office Supplies,West
MH-17785,Maya Herman,2,9.25,0.2,3.35,0,7,121.5,Corporate,Office Supplies,Central
MH-18025,Michelle Huthwaite,1,63.88,0.1,10.65,0,5,135.78,Consumer,Furniture,East
MH-18025,Michelle Huthwaite,2,9.42,0.0,0.47,0,5,135.78,Consumer,Office Supplies,West
MH-18025,Michelle Huthwaite,2,12.96,0.0,6.22,0,5,135.78,Consumer,Office Supplies,West
MH-18025,Michelle Huthwaite,5,704.9,0.0,56.39,0,5,135.78,Consumer,Furniture,West
MH-18025,Michelle Huthwaite,2,561.57,0.2,28.08,0,5,135.78,Consumer,Furniture,West
MH-18025,Michelle Huthwaite,3,1.79,0.8,-3.04,0,5,135.78,Consumer,Office Supplies,Central
MH-18025,Michelle Huthwaite,3,11.07,0.0,5.2,0,5,135.78,Consumer,Office Supplies,South
MH-18025,Michelle Huthwaite,4,1504.52,0.0,346.04,0,5,135.78,Consumer,Furniture,South
MH-18025,Michelle Huthwaite,4,25.92,0.0,12.44,0,5,135.78,Consumer,Office Supplies,South
MH-18025,Michelle Huthwaite,5,88.92,0.2,14.45,0,5,135.78,Consumer,Furniture,South
MH-18115,Mick Hernandez,8,727.3,0.2,-172.73,0,9,23.29,Home Office,Office Supplies,Central
MH-18115,Mick Hernandez,3,22.61,0.6,-10.17,0,9,23.29,Home Office,Furniture,Central
MH-18115,Mick Hernandez,7,666.4,0.2,-33.32,0,9,23.29,Home Office,Technology,Central
MH-18115,Mick Hernandez,5,14.4,0.0,7.06,0,9,23.29,Home Office,Office Supplies,Central
MH-18115,Mick Hernandez,5,619.95,0.0,111.59,0,9,23.29,Home Office,Technology,Central
MH-18115,Mick Hernandez,4,89.52,0.0,42.07,0,9,23.29,Home Office,Office Supplies,Central
MH-18115,Mick Hernandez,3,350.97,0.1,152.09,0,9,23.29,Home Office,Technology,Central
MH-18115,Mick Hernandez,1,164.99,0.0,49.5,0,9,23.29,Home Office,Technology,Central
MH-18115,Mick Hernandez,2,5.25,0.2,0.59,0,9,23.29,Home Office,Office Supplies,East
MH-18115,Mick Hernandez,3,35.91,0.4,-8.38,0,9,23.29,Home Office,Technology,East
MH-18115,Mick Hernandez,1,6.7,0.2,0.5,0,9,23.29,Home Office,Furniture,East
MH-18115,Mick Hernandez,2,43.87,0.2,11.52,0,9,23.29,Home Office,Furniture,East
MH-18115,Mick Hernandez,3,4.84,0.7,-3.55,0,9,23.29,Home Office,Office Supplies,South
MH-18115,Mick Hernandez,6,220.7,0.2,-8.28,0,9,23.29,Home Office,Furniture,South
MH-18115,Mick Hernandez,5,458.43,0.3,-124.43,0,9,23.29,Home Office,Furniture,East
MH-18115,Mick Hernandez,2,29.84,0.0,13.43,0,9,23.29,Home Office,Office Supplies,South
MH-18115,Mick Hernandez,3,1169.69,0.4,-253.43,0,9,23.29,Home Office,Technology,East
MH-18115,Mick Hernandez,4,52.44,0.0,24.12,0,9,23.29,Home Office,Technology,East
MH-18115,Mick Hernandez,2,96.08,0.0,46.12,0,9,23.29,Home Office,Office Supplies,South
MH-18115,Mick Hernandez,2,3.62,0.0,1.19,0,9,23.29,Home Office,Office Supplies,South
MH-18115,Mick Hernandez,6,629.1,0.0,301.97,0,9,23.29,Home Office,Office Supplies,South
MH-18115,Mick Hernandez,2,90.48,0.0,23.52,0,9,23.29,Home Office,Technology,South
MJ-17740,Max Jones,5,64.2,0.7,-42.8,0,7,65.21,Consumer,Office Supplies,South
MJ-17740,Max Jones,3,38.52,0.7,-26.96,0,7,65.21,Consumer,Office Supplies,South
MJ-17740,Max Jones,5,72.6,0.2,-8.17,0,7,65.21,Consumer,Technology,South
MJ-17740,Max Jones,6,108.34,0.2,37.92,0,7,65.21,Consumer,Office Supplies,East
MJ-17740,Max Jones,5,55.92,0.2,6.29,0,7,65.21,Consumer,Office Supplies,East
MJ-17740,Max Jones,2,78.3,0.2,29.36,0,7,65.21,Consumer,Office Supplies,East
MJ-17740,Max Jones,4,4476.8,0.2,503.64,0,7,65.21,Consumer,Technology,West
MJ-17740,Max Jones,1,104.85,0.0,50.33,0,7,65.21,Consumer,Office Supplies,West
MJ-17740,Max Jones,3,241.44,0.0,72.43,0,7,65.21,Consumer,Office Supplies,West
MJ-17740,Max Jones,2,12.96,0.0,6.22,0,7,65.21,Consumer,Office Supplies,West
MJ-17740,Max Jones,2,45.98,0.0,12.87,0,7,65.21,Consumer,Office Supplies,West
MJ-17740,Max Jones,2,27.68,0.2,9.69,0,7,65.21,Consumer,Office Supplies,West
MJ-17740,Max Jones,4,895.92,0.0,421.08,0,7,65.21,Consumer,Office Supplies,Central
MJ-17740,Max Jones,4,13.25,0.2,3.64,0,7,65.21,Consumer,Office Supplies,East
MJ-17740,Max Jones,2,83.99,0.4,-21.0,0,7,65.21,Consumer,Technology,East
MK-17905,Michael Kennedy,3,392.94,0.0,43.22,0,8,69.38,Corporate,Furniture,Central
MK-17905,Michael Kennedy,2,6.85,0.2,0.6,0,8,69.38,Corporate,Office Supplies,West
MK-17905,Michael Kennedy,3,57.58,0.7,-44.15,0,8,69.38,Corporate,Office Supplies,South
MK-17905,Michael Kennedy,6,31.1,0.2,10.89,0,8,69.38,Corporate,Office Supplies,South
MK-17905,Michael Kennedy,3,30.19,0.2,8.3,0,8,69.38,Corporate,Furniture,South
MK-17905,Michael Kennedy,5,43.6,0.2,4.36,0,8,69.38,Corporate,Technology,South
MK-17905,Michael Kennedy,2,4.77,0.2,0.42,0,8,69.38,Corporate,Office Supplies,South
MK-17905,Michael Kennedy,2,10.38,0.7,-7.61,0,8,69.38,Corporate,Office Supplies,South
MK-17905,Michael Kennedy,8,13.39,0.7,-9.82,0,8,69.38,Corporate,Office Supplies,South
MK-17905,Michael Kennedy,7,442.37,0.8,-729.91,0,8,69.38,Corporate,Office Supplies,Central
MK-17905,Michael Kennedy,4,23.2,0.0,10.44,0,8,69.38,Corporate,Office Supplies,East
MK-17905,Michael Kennedy,2,7.36,0.0,0.15,0,8,69.38,Corporate,Office Supplies,East
MK-17905,Michael Kennedy,7,104.79,0.0,29.34,0,8,69.38,Corporate,Office Supplies,East
MK-17905,Michael Kennedy,4,1043.92,0.0,271.42,0,8,69.38,Corporate,Furniture,East
MK-17905,Michael Kennedy,7,5.94,0.8,-8.9,0,8,69.38,Corporate,Office Supplies,Central
MK-17905,Michael Kennedy,3,36.02,0.2,11.71,0,8,69.38,Corporate,Office Supplies,West
MK-17905,Michael Kennedy,5,47.96,0.2,4.2,0,8,69.38,Corporate,Office Supplies,South
MK-18160,Mike Kennedy,2,4.81,0.7,-3.69,0,4,86.7,Consumer,Office Supplies,South
MK-18160,Mike Kennedy,5,247.8,0.2,-18.58,0,4,86.7,Consumer,Technology,South
MK-18160,Mike Kennedy,4,25.92,0.0,12.44,0,4,86.7,Consumer,Office Supplies,West
MK-18160,Mike Kennedy,7,40.46,0.0,19.83,0,4,86.7,Consumer,Office Supplies,West
MK-18160,Mike Kennedy,3,33.87,0.0,8.81,0,4,86.7,Consumer,Office Supplies,West
MK-18160,Mike Kennedy,4,25.92,0.0,12.44,0,4,86.7,Consumer,Office Supplies,West
MK-18160,Mike Kennedy,7,22.96,0.0,6.66,0,4,86.7,Consumer,Office Supplies,West
MK-18160,Mike Kennedy,1,9.11,0.0,4.1,0,4,86.7,Consumer,Office Supplies,South
MK-18160,Mike Kennedy,4,571.44,0.0,165.72,0,4,86.7,Consumer,Office Supplies,South
MK-18160,Mike Kennedy,5,32.4,0.0,15.55,0,4,86.7,Consumer,Office Supplies,South
MK-18160,Mike Kennedy,1,16.91,0.0,4.57,0,4,86.7,Consumer,Office Supplies,South
ML-17395,Marina Lichtenstein,3,239.97,0.0,86.39,0,9,70.84,Corporate,Technology,West
ML-17395,Marina Lichtenstein,2,81.96,0.0,22.95,0,9,70.84,Corporate,Office Supplies,West
ML-17395,Marina Lichtenstein,2,238.62,0.0,4.77,0,9,70.84,Corporate,Office Supplies,West
ML-17395,Marina Lichtenstein,2,290.67,0.15,27.36,0,9,70.84,Corporate,Furniture,West
ML-17395,Marina Lichtenstein,2,201.58,0.2,20.16,0,9,70.84,Corporate,Technology,West
ML-17395,Marina Lichtenstein,2,83.98,0.2,31.49,0,9,70.84,Corporate,Technology,West
ML-17395,Marina Lichtenstein,2,101.96,0.0,27.53,0,9,70.84,Corporate,Office Supplies,East
ML-17395,Marina Lichtenstein,13,259.74,0.0,124.68,0,9,70.84,Corporate,Office Supplies,East
ML-17395,Marina Lichtenstein,9,255.42,0.0,104.72,0,9,70.84,Corporate,Technology,East
ML-17395,Marina Lichtenstein,2,245.98,0.0,27.06,0,9,70.84,Corporate,Furniture,East
ML-17395,Marina Lichtenstein,1,18.94,0.0,9.47,0,9,70.84,Corporate,Office Supplies,East
ML-17395,Marina Lichtenstein,4,6.34,0.7,-4.65,0,9,70.84,Corporate,Office Supplies,South
ML-17395,Marina Lichtenstein,1,10.48,0.2,3.8,0,9,70.84,Corporate,Office Supplies,South
ML-17395,Marina Lichtenstein,1,2.47,0.7,-1.81,0,9,70.84,Corporate,Office Supplies,South
ML-17395,Marina Lichtenstein,2,3.26,0.7,-2.28,0,9,70.84,Corporate,Office Supplies,South
ML-17395,Marina Lichtenstein,8,116.0,0.0,29.0,0,9,70.84,Corporate,Technology,West
ML-17395,Marina Lichtenstein,3,479.97,0.0,163.19,0,9,70.84,Corporate,Technology,West
ML-17395,Marina Lichtenstein,4,21.12,0.0,6.55,0,9,70.84,Corporate,Furniture,West
ML-17395,Marina Lichtenstein,5,32.7,0.4,-6.54,0,9,70.84,Corporate,Technology,East
ML-17395,Marina Lichtenstein,4,31.68,0.2,11.09,0,9,70.84,Corporate,Office Supplies,East
ML-17410,Maris LaWare,7,832.93,0.0,233.22,0,6,77.71,Consumer,Technology,East
ML-17410,Maris LaWare,10,43.8,0.0,21.02,0,6,77.71,Consumer,Office Supplies,East
ML-17410,Maris LaWare,1,36.24,0.0,15.22,0,6,77.71,Consumer,Technology,West
ML-17410,Maris LaWare,5,11.52,0.2,4.18,0,6,77.71,Consumer,Office Supplies,Central
ML-17410,Maris LaWare,1,43.41,0.0,19.97,0,6,77.71,Consumer,Office Supplies,Central
ML-17410,Maris LaWare,3,6.24,0.0,2.62,0,6,77.71,Consumer,Furniture,Central
ML-17410,Maris LaWare,2,465.16,0.0,120.94,0,6,77.71,Consumer,Office Supplies,Central
ML-17410,Maris LaWare,1,7.98,0.0,3.99,0,6,77.71,Consumer,Office Supplies,Central
ML-17410,Maris LaWare,5,801.6,0.5,-448.9,0,6,77.71,Consumer,Furniture,West
ML-17410,Maris LaWare,2,161.57,0.2,10.1,0,6,77.71,Consumer,Furniture,West
ML-17410,Maris LaWare,2,16.1,0.2,5.23,0,6,77.71,Consumer,Office Supplies,West
ML-17410,Maris LaWare,4,7.66,0.7,-6.12,0,6,77.71,Consumer,Office Supplies,West
ML-17410,Maris LaWare,3,311.98,0.2,-42.9,0,6,77.71,Consumer,Furniture,West
ML-17410,Maris LaWare,2,127.37,0.3,-30.93,0,6,77.71,Consumer,Furniture,East
ML-17410,Maris LaWare,3,47.95,0.2,16.18,0,6,77.71,Consumer,Office Supplies,East
ML-17755,Max Ludwig,2,35.06,0.0,10.52,0,7,40.33,Home Office,Office Supplies,South
ML-17755,Max Ludwig,1,4.13,0.0,1.9,0,7,40.33,Home Office,Office Supplies,South
ML-17755,Max Ludwig,9,109.8,0.0,46.12,0,7,40.33,Home Office,Furniture,South
ML-17755,Max Ludwig,2,9.82,0.0,4.81,0,7,40.33,Home Office,Office Supplies,South
ML-17755,Max Ludwig,3,106.32,0.0,49.97,0,7,40.33,Home Office,Office Supplies,Central
ML-17755,Max Ludwig,3,6.41,0.2,0.64,0,7,40.33,Home Office,Office Supplies,Central
ML-17755,Max Ludwig,7,408.74,0.2,76.64,0,7,40.33,Home Office,Technology,Central
ML-17755,Max Ludwig,6,71.04,0.2,26.64,0,7,40.33,Home Office,Office Supplies,West
ML-17755,Max Ludwig,2,5.34,0.2,0.73,0,7,40.33,Home Office,Office Supplies,West
ML-17755,Max Ludwig,3,11.3,0.2,-2.12,0,7,40.33,Home Office,Office Supplies,West
ML-17755,Max Ludwig,2,10.37,0.2,3.63,0,7,40.33,Home Office,Office Supplies,East
ML-17755,Max Ludwig,4,663.94,0.2,82.99,0,7,40.33,Home Office,Office Supplies,East
ML-17755,Max Ludwig,9,629.64,0.0,107.04,0,7,40.33,Home Office,Furniture,West
ML-18040,Michelle Lonsdale,3,60.84,0.0,23.12,0,3,66.67,Corporate,Furniture,Central
ML-18040,Michelle Lonsdale,7,6.37,0.8,-9.56,0,3,66.67,Corporate,Office Supplies,Central
ML-18040,Michelle Lonsdale,5,595.0,0.0,95.2,0,3,66.67,Corporate,Technology,West
ML-18040,Michelle Lonsdale,3,79.87,0.2,29.95,0,3,66.67,Corporate,Office Supplies,West
ML-18265,Muhammed Lee,3,10.27,0.2,1.16,0,2,422.0,Consumer,Office Supplies,South
ML-18265,Muhammed Lee,2,71.98,0.0,15.12,0,2,422.0,Consumer,Technology,West
ML-18265,Muhammed Lee,2,79.98,0.0,26.39,0,2,422.0,Consumer,Technology,West
MM-17260,Magdelene Morse,4,136.96,0.2,51.36,0,4,228.8,Consumer,Office Supplies,West
MM-17260,Magdelene Morse,2,631.78,0.1,140.4,0,4,228.8,Consumer,Furniture,East
MM-17260,Magdelene Morse,3,60.72,0.0,26.11,0,4,228.8,Consumer,Furniture,East
MM-17260,Magdelene Morse,2,147.57,0.2,-3.69,0,4,228.8,Consumer,Furniture,East
MM-17260,Magdelene Morse,3,26.55,0.0,13.01,0,4,228.8,Consumer,Office Supplies,East
MM-17260,Magdelene Morse,3,310.44,0.3,-48.78,0,4,228.8,Consumer,Furniture,East
MM-17920,Michael Moore,7,37.41,0.2,13.09,0,11,96.0,Consumer,Office Supplies,East
MM-17920,Michael Moore,2,3.44,0.7,-2.52,0,11,96.0,Consumer,Office Supplies,East
MM-17920,Michael Moore,2,13.36,0.0,6.41,0,11,96.0,Consumer,Office Supplies,South
MM-17920,Michael Moore,11,153.82,0.2,38.46,0,11,96.0,Consumer,Technology,Central
MM-17920,Michael Moore,4,1018.1,0.4,-373.3,0,11,96.0,Consumer,Furniture,East
MM-17920,Michael Moore,9,32.13,0.0,8.35,0,11,96.0,Consumer,Office Supplies,East
MM-17920,Michael Moore,1,2.88,0.0,0.81,0,11,96.0,Consumer,Office Supplies,East
MM-17920,Michael Moore,2,25.06,0.0,11.78,0,11,96.0,Consumer,Office Supplies,South
MM-17920,Michael Moore,3,1652.94,0.0,314.06,0,11,96.0,Consumer,Furniture,South
MM-17920,Michael Moore,2,581.96,0.0,104.75,0,11,96.0,Consumer,Furniture,Central
MM-17920,Michael Moore,1,29.98,0.0,8.09,0,11,96.0,Consumer,Furniture,Central
MM-17920,Michael Moore,2,129.3,0.0,6.46,0,11,96.0,Consumer,Office Supplies,West
MM-17920,Michael Moore,4,19.04,0.2,-1.43,0,11,96.0,Consumer,Technology,East
MM-17920,Michael Moore,2,36.67,0.2,11.46,0,11,96.0,Consumer,Office Supplies,West
MM-17920,Michael Moore,8,28.67,0.2,10.39,0,11,96.0,Consumer,Office Supplies,Central
MM-17920,Michael Moore,8,29.31,0.8,-74.75,0,11,96.0,Consumer,Office Supplies,Central
MM-18055,Michelle Moray,7,87.08,0.0,24.38,0,8,72.11,Consumer,Office Supplies,West
MM-18055,Michelle Moray,2,105.58,0.2,9.24,0,8,72.11,Consumer,Technology,West
MM-18055,Michelle Moray,6,217.44,0.0,91.32,0,8,72.11,Consumer,Technology,West
MM-18055,Michelle Moray,3,102.62,0.2,7.7,0,8,72.11,Consumer,Office Supplies,Central
MM-18055,Michelle Moray,2,359.77,0.3,-5.14,0,8,72.11,Consumer,Furniture,Central
MM-18055,Michelle Moray,3,13.39,0.2,3.18,0,8,72.11,Consumer,Office Supplies,Central
MM-18055,Michelle Moray,4,24.96,0.0,11.23,0,8,72.11,Consumer,Office Supplies,East
MM-18055,Michelle Moray,3,4.9,0.7,-3.43,0,8,72.11,Consumer,Office Supplies,West
MM-18055,Michelle Moray,6,145.76,0.7,-247.8,0,8,72.11,Consumer,Furniture,West
MM-18055,Michelle Moray,6,9.61,0.7,-7.37,0,8,72.11,Consumer,Office Supplies,West
MM-18055,Michelle Moray,4,81.08,0.0,22.7,0,8,72.11,Consumer,Office Supplies,West
MM-18055,Michelle Moray,2,6.56,0.0,1.9,0,8,72.11,Consumer,Office Supplies,East
MM-18055,Michelle Moray,3,7.83,0.0,3.6,0,8,72.11,Consumer,Office Supplies,East
MM-18055,Michelle Moray,2,41.9,0.0,8.8,0,8,72.11,Consumer,Technology,East
MM-18055,Michelle Moray,6,664.15,0.1,88.55,0,8,72.11,Consumer,Furniture,East
MM-18055,Michelle Moray,2,8.96,0.0,4.39,0,8,72.11,Consumer,Office Supplies,East
MM-18055,Michelle Moray,7,765.62,0.5,-566.56,0,8,72.11,Consumer,Furniture,Central
MM-18055,Michelle Moray,3,88.75,0.2,27.74,0,8,72.11,Consumer,Office Supplies,West
MM-18055,Michelle Moray,2,13.9,0.2,5.21,0,8,72.11,Consumer,Office Supplies,West
MM-18280,Muhammed MacIntyre,1,67.19,0.7,-51.52,0,9,123.18,Corporate,Office Supplies,South
MM-18280,Muhammed MacIntyre,2,22.37,0.2,1.68,0,9,123.18,Corporate,Office Supplies,Central
MM-18280,Muhammed MacIntyre,7,32.37,0.2,11.73,0,9,123.18,Corporate,Office Supplies,Central
MM-18280,Muhammed MacIntyre,2,207.98,0.2,36.4,0,9,123.18,Corporate,Technology,Central
MM-18280,Muhammed MacIntyre,3,61.44,0.0,16.59,0,9,123.18,Corporate,Office Supplies,West
MM-18280,Muhammed MacIntyre,2,3.76,0.0,1.8,0,9,123.18,Corporate,Office Supplies,South
MM-18280,Muhammed MacIntyre,2,196.78,0.2,-22.14,0,9,123.18,Corporate,Furniture,West
MM-18280,Muhammed MacIntyre,4,99.14,0.2,30.98,0,9,123.18,Corporate,Office Supplies,Central
MM-18280,Muhammed MacIntyre,3,14.13,0.0,0.71,0,9,123.18,Corporate,Office Supplies,East
MM-18280,Muhammed MacIntyre,3,19.44,0.0,9.33,0,9,123.18,Corporate,Office Supplies,East
MM-18280,Muhammed MacIntyre,2,9.82,0.0,3.24,0,9,123.18,Corporate,Furniture,East
MM-18280,Muhammed MacIntyre,1,40.99,0.0,20.09,0,9,123.18,Corporate,Office Supplies,East
MN-17935,Michael Nguyen,3,1.08,0.8,-1.73,0,6,153.22,Consumer,Office Supplies,Central
MN-17935,Michael Nguyen,2,7.96,0.8,-13.93,0,6,153.22,Consumer,Office Supplies,Central
MN-17935,Michael Nguyen,4,575.97,0.2,43.2,0,6,153.22,Consumer,Technology,Central
MN-17935,Michael Nguyen,2,10.37,0.2,3.63,0,6,153.22,Consumer,Office Supplies,Central
MN-17935,Michael Nguyen,4,15.23,0.2,5.52,0,6,153.22,Consumer,Office Supplies,East
MN-17935,Michael Nguyen,4,23.12,0.0,11.33,0,6,153.22,Consumer,Office Supplies,East
MN-17935,Michael Nguyen,3,8.9,0.2,3.34,0,6,153.22,Consumer,Office Supplies,South
MN-17935,Michael Nguyen,4,720.06,0.2,-63.01,0,6,153.22,Consumer,Office Supplies,South
MN-17935,Michael Nguyen,5,979.95,0.0,264.59,0,6,153.22,Consumer,Technology,East
MN-17935,Michael Nguyen,5,135.3,0.0,37.88,0,6,153.22,Consumer,Furniture,East
MO-17500,Mary O'Rourke,2,17.25,0.2,6.04,0,4,264.0,Consumer,Office Supplies,East
MO-17500,Mary O'Rourke,2,31.86,0.0,11.15,0,4,264.0,Consumer,Technology,East
MO-17500,Mary O'Rourke,3,722.35,0.2,90.29,0,4,264.0,Consumer,Furniture,East
MO-17500,Mary O'Rourke,7,59.75,0.2,19.42,0,4,264.0,Consumer,Office Supplies,Central
MO-17500,Mary O'Rourke,1,91.28,0.5,-67.54,0,4,264.0,Consumer,Furniture,Central
MO-17800,Meg O'Connel,5,32.4,0.0,15.55,0,8,73.1,Home Office,Office Supplies,West
MO-17800,Meg O'Connel,2,206.96,0.3,-32.52,0,8,73.1,Home Office,Furniture,Central
MO-17800,Meg O'Connel,4,22.0,0.0,5.5,0,8,73.1,Home Office,Technology,East
MO-17800,Meg O'Connel,3,254.35,0.2,0.0,0,8,73.1,Home Office,Furniture,East
MO-17800,Meg O'Connel,9,136.26,0.0,5.45,0,8,73.1,Home Office,Office Supplies,West
MO-17800,Meg O'Connel,3,23.98,0.6,-14.39,0,8,73.1,Home Office,Furniture,Central
MO-17800,Meg O'Connel,1,108.92,0.5,-71.89,0,8,73.1,Home Office,Furniture,Central
MO-17800,Meg O'Connel,8,36.35,0.2,11.36,0,8,73.1,Home Office,Office Supplies,Central
MO-17800,Meg O'Connel,7,35.56,0.0,12.09,0,8,73.1,Home Office,Furniture,East
MO-17800,Meg O'Connel,4,723.92,0.0,188.22,0,8,73.1,Home Office,Furniture,South
MO-17800,Meg O'Connel,3,106.32,0.0,49.97,0,8,73.1,Home Office,Office Supplies,South
MO-17950,Michael Oakman,2,32.19,0.8,-80.48,0,2,274.33,Consumer,Office Supplies,Central
MO-17950,Michael Oakman,7,50.12,0.2,-0.63,0,2,274.33,Consumer,Technology,Central
MO-17950,Michael Oakman,3,47.98,0.2,1.8,0,2,274.33,Consumer,Technology,Central
MO-17950,Michael Oakman,2,24.0,0.2,-2.7,0,2,274.33,Consumer,Technology,South
MP-17470,Mark Packer,5,335.72,0.2,113.31,0,7,50.15,Home Office,Office Supplies,Central
MP-17470,Mark Packer,7,251.94,0.2,88.18,0,7,50.15,Home Office,Technology,Central
MP-17470,Mark Packer,7,127.3,0.3,-9.09,0,7,50.15,Home Office,Furniture,Central
MP-17470,Mark Packer,2,16.22,0.2,5.88,0,7,50.15,Home Office,Office Supplies,East
MP-17470,Mark Packer,5,479.9,0.0,81.58,0,7,50.15,Home Office,Furniture,Central
MP-17470,Mark Packer,2,119.56,0.0,55.0,0,7,50.15,Home Office,Office Supplies,South
MP-17470,Mark Packer,5,140.75,0.0,42.22,0,7,50.15,Home Office,Office Supplies,South
MP-17470,Mark Packer,4,899.14,0.2,112.39,0,7,50.15,Home Office,Furniture,East
MP-17470,Mark Packer,6,71.76,0.0,20.09,0,7,50.15,Home Office,Technology,East
MP-17470,Mark Packer,8,51.84,0.0,24.88,0,7,50.15,Home Office,Office Supplies,East
MP-17470,Mark Packer,3,626.35,0.2,46.98,0,7,50.15,Home Office,Furniture,East
MP-17470,Mark Packer,5,19.9,0.0,6.57,0,7,50.15,Home Office,Office Supplies,East
MP-17470,Mark Packer,4,10.75,0.2,3.36,0,7,50.15,Home Office,Office Supplies,East
MP-17470,Mark Packer,14,54.99,0.2,8.94,0,7,50.15,Home Office,Furniture,East
MP-17965,Michael Paige,2,41.42,0.2,8.28,0,9,48.16,Corporate,Technology,Central
MP-17965,Michael Paige,4,244.77,0.2,24.48,0,9,48.16,Corporate,Technology,Central
MP-17965,Michael Paige,3,74.35,0.2,6.51,0,9,48.16,Corporate,Office Supplies,Central
MP-17965,Michael Paige,2,4.31,0.8,-6.9,0,9,48.16,Corporate,Office Supplies,Central
MP-17965,Michael Paige,1,56.69,0.3,-20.25,0,9,48.16,Corporate,Furniture,Central
MP-17965,Michael Paige,2,97.97,0.2,6.12,0,9,48.16,Corporate,Technology,Central
MP-17965,Michael Paige,3,7.87,0.2,0.89,0,9,48.16,Corporate,Office Supplies,Central
MP-17965,Michael Paige,3,15.55,0.2,5.44,0,9,48.16,Corporate,Office Supplies,Central
MP-17965,Michael Paige,1,1.48,0.8,-2.29,0,9,48.16,Corporate,Office Supplies,Central
MP-17965,Michael Paige,5,231.92,0.2,5.8,0,9,48.16,Corporate,Furniture,South
MP-17965,Michael Paige,5,26.9,0.0,13.18,0,9,48.16,Corporate,Office Supplies,East
MP-17965,Michael Paige,3,824.97,0.0,214.49,0,9,48.16,Corporate,Technology,East
MP-17965,Michael Paige,4,23.98,0.4,-15.58,0,9,48.16,Corporate,Technology,East
MP-17965,Michael Paige,3,1652.94,0.0,231.41,0,9,48.16,Corporate,Furniture,Central
MP-17965,Michael Paige,3,296.37,0.0,80.02,0,9,48.16,Corporate,Office Supplies,Central
MP-17965,Michael Paige,4,38.09,0.7,-27.93,0,9,48.16,Corporate,Office Supplies,South
MP-17965,Michael Paige,3,2.81,0.7,-1.97,0,9,48.16,Corporate,Office Supplies,South
MP-17965,Michael Paige,4,252.0,0.0,93.24,0,9,48.16,Corporate,Technology,East
MP-17965,Michael Paige,4,56.56,0.0,14.71,0,9,48.16,Corporate,Furniture,East
MP-17965,Michael Paige,3,32.7,0.0,8.5,0,9,48.16,Corporate,Office Supplies,East
MP-18175,Mike Pelletier,1,330.59,0.4,-143.25,0,9,75.39,Home Office,Furniture,East
MP-18175,Mike Pelletier,4,1117.92,0.0,55.9,0,9,75.39,Home Office,Office Supplies,East
MP-18175,Mike Pelletier,3,275.95,0.2,-37.94,0,9,75.39,Home Office,Furniture,East
MP-18175,Mike Pelletier,9,179.82,0.0,84.52,0,9,75.39,Home Office,Office Supplies,Central
MP-18175,Mike Pelletier,6,185.58,0.0,76.09,0,9,75.39,Home Office,Furniture,Central
MP-18175,Mike Pelletier,3,214.11,0.0,36.4,0,9,75.39,Home Office,Furniture,Central
MP-18175,Mike Pelletier,4,999.96,0.0,229.99,0,9,75.39,Home Office,Technology,Central
MP-18175,Mike Pelletier,3,653.55,0.0,111.1,0,9,75.39,Home Office,Furniture,Central
MP-18175,Mike Pelletier,3,14.83,0.7,-10.38,0,9,75.39,Home Office,Office Supplies,East
MP-18175,Mike Pelletier,2,3.54,0.2,0.31,0,9,75.39,Home Office,Office Supplies,Central
MP-18175,Mike Pelletier,3,564.19,0.5,-304.67,0,9,75.39,Home Office,Furniture,West
MP-18175,Mike Pelletier,2,87.17,0.2,8.72,0,9,75.39,Home Office,Office Supplies,West
MP-18175,Mike Pelletier,2,203.98,0.15,16.8,0,9,75.39,Home Office,Furniture,West
MP-18175,Mike Pelletier,5,39.92,0.2,13.47,0,9,75.39,Home Office,Office Supplies,West
MP-18175,Mike Pelletier,2,61.96,0.0,27.88,0,9,75.39,Home Office,Office Supplies,West
MP-18175,Mike Pelletier,4,19.94,0.2,7.23,0,9,75.39,Home Office,Office Supplies,West
MP-18175,Mike Pelletier,3,26.25,0.0,11.03,0,9,75.39,Home Office,Furniture,West
MP-18175,Mike Pelletier,14,64.96,0.2,22.74,0,9,75.39,Home Office,Office Supplies,West
MP-18175,Mike Pelletier,5,43.7,0.0,20.54,0,9,75.39,Home Office,Office Supplies,West
MR-17545,Mathew Reese,5,7.68,0.8,-11.52,0,4,217.8,Home Office,Office Supplies,Central
MR-17545,Mathew Reese,5,129.92,0.2,21.11,0,4,217.8,Home Office,Furniture,East
MR-17545,Mathew Reese,2,52.76,0.0,24.27,0,4,217.8,Home Office,Office Supplies,West
MR-17545,Mathew Reese,8,63.84,0.0,16.6,0,4,217.8,Home Office,Office Supplies,East
MR-17545,Mathew Reese,3,347.97,0.0,100.91,0,4,217.8,Home Office,Technology,East
MR-17545,Mathew Reese,6,37.01,0.2,11.56,0,4,217.8,Home Office,Office Supplies,East
MS-17365,Maribeth Schnelling,7,103.6,0.0,51.8,0,10,40.65,Consumer,Office Supplies,Central
MS-17365,Maribeth Schnelling,2,4.61,0.2,1.67,0,10,40.65,Consumer,Office Supplies,South
MS-17365,Maribeth Schnelling,6,245.88,0.0,68.85,0,10,40.65,Consumer,Office Supplies,Central
MS-17365,Maribeth Schnelling,3,36.63,0.0,9.89,0,10,40.65,Consumer,Office Supplies,Central
MS-17365,Maribeth Schnelling,2,22.58,0.0,5.87,0,10,40.65,Consumer,Office Supplies,Central
MS-17365,Maribeth Schnelling,3,12.39,0.0,5.82,0,10,40.65,Consumer,Office Supplies,Central
MS-17365,Maribeth Schnelling,2,11.21,0.8,-16.82,0,10,40.65,Consumer,Office Supplies,Central
MS-17365,Maribeth Schnelling,2,4.71,0.6,-1.88,0,10,40.65,Consumer,Furniture,Central
MS-17365,Maribeth Schnelling,5,180.98,0.8,-470.55,0,10,40.65,Consumer,Office Supplies,Central
MS-17365,Maribeth Schnelling,2,60.42,0.2,6.04,0,10,40.65,Consumer,Office Supplies,Central
MS-17365,Maribeth Schnelling,3,17.94,0.0,8.79,0,10,40.65,Consumer,Office Supplies,East
MS-17365,Maribeth Schnelling,7,384.17,0.1,29.88,0,10,40.65,Consumer,Furniture,East
MS-17365,Maribeth Schnelling,5,1799.75,0.0,539.92,0,10,40.65,Consumer,Technology,East
MS-17365,Maribeth Schnelling,7,106.23,0.2,37.18,0,10,40.65,Consumer,Office Supplies,West
MS-17365,Maribeth Schnelling,2,111.98,0.2,11.2,0,10,40.65,Consumer,Technology,West
MS-17365,Maribeth Schnelling,2,7.71,0.2,1.74,0,10,40.65,Consumer,Furniture,West
MS-17365,Maribeth Schnelling,2,90.48,0.0,23.52,0,10,40.65,Consumer,Technology,East
MS-17365,Maribeth Schnelling,3,10.78,0.2,3.37,0,10,40.65,Consumer,Office Supplies,West
MS-17365,Maribeth Schnelling,8,3406.66,0.15,160.31,0,10,40.65,Consumer,Furniture,West
MS-17365,Maribeth Schnelling,9,37.17,0.0,10.41,0,10,40.65,Consumer,Office Supplies,West
MS-17365,Maribeth Schnelling,2,64.96,0.0,19.49,0,10,40.65,Consumer,Office Supplies,West
MS-17365,Maribeth Schnelling,6,595.38,0.0,297.69,0,10,40.65,Consumer,Furniture,West
MS-17365,Maribeth Schnelling,2,5.78,0.0,2.72,0,10,40.65,Consumer,Office Supplies,West
MS-17365,Maribeth Schnelling,13,121.68,0.2,38.02,0,10,40.65,Consumer,Office Supplies,West
MS-17530,MaryBeth Skach,2,35.34,0.0,13.43,0,4,119.67,Consumer,Furniture,West
MS-17530,MaryBeth Skach,8,11.81,0.7,-8.66,0,4,119.67,Consumer,Office Supplies,East
MS-17530,MaryBeth Skach,2,9.59,0.4,-2.08,0,4,119.67,Consumer,Technology,East
MS-17530,MaryBeth Skach,2,301.96,0.0,45.29,0,4,119.67,Consumer,Furniture,South
MS-17530,MaryBeth Skach,1,6.68,0.0,3.21,0,4,119.67,Consumer,Office Supplies,West
MS-17530,MaryBeth Skach,3,8.34,0.0,2.25,0,4,119.67,Consumer,Office Supplies,West
MS-17530,MaryBeth Skach,3,101.94,0.0,30.58,0,4,119.67,Consumer,Furniture,West
MS-17710,Maurice Satty,2,40.48,0.0,14.57,0,6,68.86,Consumer,Furniture,West
MS-17710,Maurice Satty,1,5.47,0.0,2.35,0,6,68.86,Consumer,Furniture,Central
MS-17710,Maurice Satty,4,79.36,0.0,23.81,0,6,68.86,Consumer,Office Supplies,Central
MS-17710,Maurice Satty,5,491.55,0.0,240.86,0,6,68.86,Consumer,Office Supplies,South
MS-17710,Maurice Satty,2,7.38,0.0,3.39,0,6,68.86,Consumer,Office Supplies,South
MS-17710,Maurice Satty,3,26.98,0.4,4.05,0,6,68.86,Consumer,Technology,East
MS-17710,Maurice Satty,3,6.91,0.2,2.51,0,6,68.86,Consumer,Office Supplies,East
MS-17710,Maurice Satty,3,435.5,0.2,48.99,0,6,68.86,Consumer,Office Supplies,East
MS-17710,Maurice Satty,2,10.37,0.2,3.63,0,6,68.86,Consumer,Office Supplies,Central
MS-17710,Maurice Satty,5,388.43,0.3,-88.78,0,6,68.86,Consumer,Furniture,Central
MS-17710,Maurice Satty,3,14.35,0.2,5.2,0,6,68.86,Consumer,Office Supplies,Central
MS-17710,Maurice Satty,1,63.99,0.2,-7.2,0,6,68.86,Consumer,Technology,Central
MS-17710,Maurice Satty,5,6.27,0.7,-4.6,0,6,68.86,Consumer,Office Supplies,West
MS-17710,Maurice Satty,7,4.37,0.7,-3.35,0,6,68.86,Consumer,Office Supplies,West
MS-17710,Maurice Satty,2,31.98,0.2,2.0,0,6,68.86,Consumer,Technology,West
MS-17770,Maxwell Schwartz,3,21.84,0.0,10.92,0,9,64.11,Consumer,Office Supplies,South
MS-17770,Maxwell Schwartz,5,15.6,0.0,7.64,0,9,64.11,Consumer,Office Supplies,South
MS-17770,Maxwell Schwartz,4,76.78,0.7,-58.86,0,9,64.11,Consumer,Office Supplies,East
MS-17770,Maxwell Schwartz,2,9.18,0.2,1.15,0,9,64.11,Consumer,Office Supplies,East
MS-17770,Maxwell Schwartz,3,286.34,0.2,-64.43,0,9,64.11,Consumer,Office Supplies,East
MS-17770,Maxwell Schwartz,2,3.76,0.0,1.32,0,9,64.11,Consumer,Office Supplies,East
MS-17770,Maxwell Schwartz,1,45.99,0.0,13.34,0,9,64.11,Consumer,Technology,East
MS-17770,Maxwell Schwartz,3,535.41,0.0,160.62,0,9,64.11,Consumer,Office Supplies,East
MS-17770,Maxwell Schwartz,2,6.1,0.2,2.06,0,9,64.11,Consumer,Office Supplies,East
MS-17770,Maxwell Schwartz,7,45.36,0.0,21.77,0,9,64.11,Consumer,Office Supplies,East
MS-17770,Maxwell Schwartz,2,24.56,0.0,11.54,0,9,64.11,Consumer,Office Supplies,East
MS-17770,Maxwell Schwartz,3,837.6,0.2,62.82,0,9,64.11,Consumer,Technology,West
MS-17770,Maxwell Schwartz,5,135.9,0.0,63.87,0,9,64.11,Consumer,Office Supplies,West
MS-17770,Maxwell Schwartz,6,34.68,0.0,16.99,0,9,64.11,Consumer,Office Supplies,West
MS-17770,Maxwell Schwartz,6,532.7,0.2,-39.95,0,9,64.11,Consumer,Furniture,West
MS-17770,Maxwell Schwartz,5,43.1,0.0,11.21,0,9,64.11,Consumer,Office Supplies,West
MS-17770,Maxwell Schwartz,4,15.88,0.0,0.16,0,9,64.11,Consumer,Office Supplies,West
MS-17770,Maxwell Schwartz,7,279.94,0.2,48.99,0,9,64.11,Consumer,Technology,Central
MS-17770,Maxwell Schwartz,3,193.95,0.0,9.7,0,9,64.11,Consumer,Office Supplies,West
MS-17830,Melanie Seite,2,9.34,0.2,1.17,0,4,249.75,Consumer,Office Supplies,Central
MS-17830,Melanie Seite,3,31.2,0.2,9.75,0,4,249.75,Consumer,Technology,Central
MS-17830,Melanie Seite,3,10.51,0.2,3.68,0,4,249.75,Consumer,Office Supplies,East
MS-17830,Melanie Seite,4,79.92,0.0,28.77,0,4,249.75,Consumer,Furniture,West
MS-17830,Melanie Seite,2,239.37,0.3,-23.94,0,4,249.75,Consumer,Furniture,East
MS-17980,Michael Stewart,5,25.92,0.2,9.07,0,6,125.3,Corporate,Office Supplies,Central
MS-17980,Michael Stewart,6,21.31,0.2,7.19,0,6,125.3,Corporate,Office Supplies,Central
MS-17980,Michael Stewart,2,20.8,0.2,6.5,0,6,125.3,Corporate,Technology,Central
MS-17980,Michael Stewart,2,85.9,0.0,2.58,0,6,125.3,Corporate,Technology,East
MS-17980,Michael Stewart,3,27.22,0.2,9.87,0,6,125.3,Corporate,Office Supplies,Central
MS-17980,Michael Stewart,7,85.96,0.0,40.4,0,6,125.3,Corporate,Office Supplies,Central
MS-17980,Michael Stewart,10,239.96,0.3,-10.28,0,6,125.3,Corporate,Furniture,East
MS-17980,Michael Stewart,2,54.77,0.2,6.85,0,6,125.3,Corporate,Furniture,East
MS-17980,Michael Stewart,3,13.39,0.2,3.18,0,6,125.3,Corporate,Office Supplies,East
MS-17980,Michael Stewart,5,23.92,0.2,8.67,0,6,125.3,Corporate,Office Supplies,East
MS-17980,Michael Stewart,4,255.97,0.2,-28.8,0,6,125.3,Corporate,Technology,East
MT-17815,Meg Tillman,3,7.08,0.2,2.48,0,6,81.78,Consumer,Office Supplies,West
MT-17815,Meg Tillman,3,4.4,0.7,-3.52,0,6,81.78,Consumer,Office Supplies,West
MT-17815,Meg Tillman,2,5.76,0.0,2.82,0,6,81.78,Consumer,Office Supplies,West
MT-17815,Meg Tillman,1,7.89,0.0,0.32,0,6,81.78,Consumer,Office Supplies,South
MT-17815,Meg Tillman,5,65.5,0.0,32.1,0,6,81.78,Consumer,Office Supplies,South
MT-17815,Meg Tillman,8,2430.08,0.0,388.81,0,6,81.78,Consumer,Furniture,South
MT-17815,Meg Tillman,2,10.37,0.2,3.63,0,6,81.78,Consumer,Office Supplies,Central
MT-17815,Meg Tillman,4,23.68,0.2,7.4,0,6,81.78,Consumer,Office Supplies,Central
MT-17815,Meg Tillman,2,299.9,0.0,74.97,0,6,81.78,Consumer,Technology,East
MT-17815,Meg Tillman,1,35.48,0.0,0.0,0,6,81.78,Consumer,Office Supplies,East
MT-18070,Michelle Tran,8,33.79,0.2,10.56,0,4,98.9,Home Office,Office Supplies,Central
MT-18070,Michelle Tran,2,300.53,0.32,-97.23,0,4,98.9,Home Office,Furniture,Central
MT-18070,Michelle Tran,2,2.72,0.8,-4.36,0,4,98.9,Home Office,Office Supplies,Central
MT-18070,Michelle Tran,2,3.26,0.2,1.1,0,4,98.9,Home Office,Office Supplies,Central
MT-18070,Michelle Tran,4,3.59,0.8,-6.29,0,4,98.9,Home Office,Office Supplies,Central
MT-18070,Michelle Tran,5,32.4,0.0,15.55,0,4,98.9,Home Office,Office Supplies,Central
MT-18070,Michelle Tran,7,41.86,0.0,19.26,0,4,98.9,Home Office,Office Supplies,Central
MT-18070,Michelle Tran,2,77.56,0.0,35.68,0,4,98.9,Home Office,Office Supplies,Central
MT-18070,Michelle Tran,2,29.6,0.0,14.8,0,4,98.9,Home Office,Office Supplies,West
MT-18070,Michelle Tran,5,514.16,0.15,-30.24,0,4,98.9,Home Office,Furniture,West
MT-18070,Michelle Tran,5,279.96,0.2,17.5,0,4,98.9,Home Office,Technology,West
MV-17485,Mark Van Huff,2,19.36,0.0,9.29,0,9,100.93,Consumer,Office Supplies,West
MV-17485,Mark Van Huff,2,19.3,0.0,5.79,0,9,100.93,Consumer,Furniture,West
MV-17485,Mark Van Huff,5,83.7,0.0,3.35,0,9,100.93,Consumer,Office Supplies,West
MV-17485,Mark Van Huff,3,47.95,0.2,16.18,0,9,100.93,Consumer,Office Supplies,Central
MV-17485,Mark Van Huff,2,0.98,0.8,-1.48,0,9,100.93,Consumer,Office Supplies,Central
MV-17485,Mark Van Huff,9,75.38,0.6,-20.73,0,9,100.93,Consumer,Furniture,Central
MV-17485,Mark Van Huff,2,4.61,0.2,1.67,0,9,100.93,Consumer,Office Supplies,Central
MV-17485,Mark Van Huff,3,17.64,0.0,8.64,0,9,100.93,Consumer,Office Supplies,West
MV-17485,Mark Van Huff,3,17.04,0.2,5.54,0,9,100.93,Consumer,Office Supplies,West
MV-17485,Mark Van Huff,4,192.16,0.0,92.24,0,9,100.93,Consumer,Office Supplies,East
MV-17485,Mark Van Huff,3,359.97,0.0,79.19,0,9,100.93,Consumer,Furniture,South
MV-17485,Mark Van Huff,2,271.76,0.1,60.39,0,9,100.93,Consumer,Furniture,East
MV-17485,Mark Van Huff,2,20.72,0.7,-15.2,0,9,100.93,Consumer,Office Supplies,West
MV-17485,Mark Van Huff,8,415.87,0.2,-41.59,0,9,100.93,Consumer,Office Supplies,West
MV-17485,Mark Van Huff,2,13.59,0.6,-14.27,0,9,100.93,Consumer,Furniture,Central
MV-18190,Mike Vittorini,2,10.56,0.0,4.75,0,7,141.1,Consumer,Office Supplies,Central
MV-18190,Mike Vittorini,2,229.94,0.0,6.9,0,7,141.1,Consumer,Office Supplies,Central
MV-18190,Mike Vittorini,2,31.92,0.2,2.39,0,7,141.1,Consumer,Technology,Central
MV-18190,Mike Vittorini,2,39.92,0.2,12.97,0,7,141.1,Consumer,Office Supplies,West
MV-18190,Mike Vittorini,2,239.67,0.15,14.1,0,7,141.1,Consumer,Furniture,West
MV-18190,Mike Vittorini,6,22.5,0.0,10.8,0,7,141.1,Consumer,Office Supplies,West
MV-18190,Mike Vittorini,4,219.84,0.0,107.72,0,7,141.1,Consumer,Office Supplies,West
MV-18190,Mike Vittorini,2,12.96,0.0,6.35,0,7,141.1,Consumer,Office Supplies,East
MV-18190,Mike Vittorini,9,863.93,0.2,86.39,0,7,141.1,Consumer,Technology,South
MV-18190,Mike Vittorini,4,23.36,0.2,7.88,0,7,141.1,Consumer,Office Supplies,East
MV-18190,Mike Vittorini,2,39.98,0.0,13.59,0,7,141.1,Consumer,Technology,East
MW-18220,Mitch Webber,7,1007.94,0.2,75.6,0,7,92.77,Consumer,Technology,West
MW-18220,Mitch Webber,5,629.95,0.0,157.49,0,7,92.77,Consumer,Technology,East
MW-18220,Mitch Webber,2,631.78,0.1,140.4,0,7,92.77,Consumer,Furniture,East
MW-18220,Mitch Webber,2,801.57,0.2,-10.02,0,7,92.77,Consumer,Furniture,East
MW-18220,Mitch Webber,6,75.18,0.0,35.33,0,7,92.77,Consumer,Office Supplies,East
MW-18220,Mitch Webber,1,30.98,0.0,8.05,0,7,92.77,Consumer,Office Supplies,East
MW-18220,Mitch Webber,9,1349.91,0.0,661.46,0,7,92.77,Consumer,Technology,East
MW-18220,Mitch Webber,4,221.16,0.0,57.5,0,7,92.77,Consumer,Office Supplies,Central
MW-18220,Mitch Webber,3,281.97,0.0,78.95,0,7,92.77,Consumer,Technology,Central
MW-18220,Mitch Webber,3,34.8,0.2,2.17,0,7,92.77,Consumer,Technology,East
MW-18220,Mitch Webber,3,38.98,0.2,-2.44,0,7,92.77,Consumer,Office Supplies,East
MW-18220,Mitch Webber,1,166.24,0.0,24.94,0,7,92.77,Consumer,Technology,East
MW-18220,Mitch Webber,2,40.0,0.2,0.5,0,7,92.77,Consumer,Technology,East
MW-18220,Mitch Webber,3,31.44,0.0,8.49,0,7,92.77,Consumer,Office Supplies,West
MW-18235,Mitch Willingham,7,2715.93,0.0,1276.49,0,2,637.5,Corporate,Office Supplies,South
MW-18235,Mitch Willingham,3,617.97,0.0,173.03,0,2,637.5,Corporate,Technology,South
MW-18235,Mitch Willingham,3,1919.98,0.2,216.0,0,2,637.5,Corporate,Technology,West
MY-17380,Maribeth Yedwab,2,5.76,0.0,2.65,0,7,63.92,Corporate,Office Supplies,West
MY-17380,Maribeth Yedwab,2,22.62,0.7,-15.08,0,7,63.92,Corporate,Office Supplies,West
MY-17380,Maribeth Yedwab,2,14.95,0.7,-11.96,0,7,63.92,Corporate,Office Supplies,West
MY-17380,Maribeth Yedwab,2,801.57,0.2,50.1,0,7,63.92,Corporate,Furniture,West
MY-17380,Maribeth Yedwab,3,2.38,0.7,-1.9,0,7,63.92,Corporate,Office Supplies,West
MY-17380,Maribeth Yedwab,1,32.79,0.2,11.89,0,7,63.92,Corporate,Office Supplies,West
MY-17380,Maribeth Yedwab,3,196.78,0.2,14.76,0,7,63.92,Corporate,Technology,West
MY-17380,Maribeth Yedwab,6,479.94,0.0,52.79,0,7,63.92,Corporate,Technology,West
MY-17380,Maribeth Yedwab,3,63.31,0.2,20.58,0,7,63.92,Corporate,Office Supplies,Central
MY-17380,Maribeth Yedwab,13,547.3,0.0,175.14,0,7,63.92,Corporate,Furniture,East
MY-17380,Maribeth Yedwab,3,11.67,0.7,-7.78,0,7,63.92,Corporate,Office Supplies,South
MY-17380,Maribeth Yedwab,7,64.85,0.2,24.32,0,7,63.92,Corporate,Office Supplies,South
MY-17380,Maribeth Yedwab,2,10.37,0.2,3.63,0,7,63.92,Corporate,Office Supplies,Central
MY-18295,Muhammed Yedwab,2,20.86,0.0,9.39,0,11,63.55,Corporate,Office Supplies,East
MY-18295,Muhammed Yedwab,9,497.61,0.0,129.38,0,11,63.55,Corporate,Office Supplies,East
MY-18295,Muhammed Yedwab,2,5.34,0.0,1.5,0,11,63.55,Corporate,Office Supplies,East
MY-18295,Muhammed Yedwab,1,3.15,0.0,1.51,0,11,63.55,Corporate,Office Supplies,East
MY-18295,Muhammed Yedwab,5,1049.97,0.4,-209.99,0,11,63.55,Corporate,Technology,East
MY-18295,Muhammed Yedwab,3,611.06,0.3,-34.92,0,11,63.55,Corporate,Furniture,East
MY-18295,Muhammed Yedwab,5,528.43,0.3,-143.43,0,11,63.55,Corporate,Furniture,Central
MY-18295,Muhammed Yedwab,7,22.39,0.8,-35.82,0,11,63.55,Corporate,Office Supplies,Central
MY-18295,Muhammed Yedwab,1,12.99,0.0,0.26,0,11,63.55,Corporate,Technology,Central
MY-18295,Muhammed Yedwab,7,33.49,0.2,5.86,0,11,63.55,Corporate,Office Supplies,Central
MY-18295,Muhammed Yedwab,5,8.04,0.2,2.91,0,11,63.55,Corporate,Office Supplies,Central
MY-18295,Muhammed Yedwab,4,387.14,0.2,4.84,0,11,63.55,Corporate,Furniture,West
MY-18295,Muhammed Yedwab,4,7.92,0.0,3.56,0,11,63.55,Corporate,Office Supplies,East
MY-18295,Muhammed Yedwab,10,781.86,0.32,-137.98,0,11,63.55,Corporate,Furniture,Central
MY-18295,Muhammed Yedwab,9,30.82,0.2,9.63,0,11,63.55,Corporate,Office Supplies,Central
MY-18295,Muhammed Yedwab,2,2.2,0.7,-1.54,0,11,63.55,Corporate,Office Supplies,East
MY-18295,Muhammed Yedwab,3,9.4,0.7,-7.52,0,11,63.55,Corporate,Office Supplies,East
MY-18295,Muhammed Yedwab,3,8.9,0.2,3.34,0,11,63.55,Corporate,Office Supplies,Central
MY-18295,Muhammed Yedwab,2,100.8,0.2,21.42,0,11,63.55,Corporate,Technology,Central
MY-18295,Muhammed Yedwab,2,15.98,0.2,1.4,0,11,63.55,Corporate,Technology,South
MY-18295,Muhammed Yedwab,3,14.35,0.2,4.48,0,11,63.55,Corporate,Office Supplies,South
MZ-17335,Maria Zettner,1,5.0,0.0,2.4,0,4,150.6,Home Office,Office Supplies,West
MZ-17335,Maria Zettner,3,371.97,0.0,66.95,0,4,150.6,Home Office,Technology,West
MZ-17335,Maria Zettner,1,1.41,0.2,0.16,0,4,150.6,Home Office,Office Supplies,West
MZ-17335,Maria Zettner,2,169.57,0.2,0.0,0,4,150.6,Home Office,Furniture,West
MZ-17335,Maria Zettner,1,19.83,0.0,5.95,0,4,150.6,Home Office,Office Supplies,West
MZ-17335,Maria Zettner,3,25.83,0.0,9.56,0,4,150.6,Home Office,Furniture,West
MZ-17515,Mary Zewe,2,7.18,0.2,2.24,0,6,120.44,Corporate,Office Supplies,West
MZ-17515,Mary Zewe,1,22.98,0.0,6.89,0,6,120.44,Corporate,Office Supplies,West
MZ-17515,Mary Zewe,7,102.13,0.0,15.32,0,6,120.44,Corporate,Technology,West
MZ-17515,Mary Zewe,2,2033.58,0.2,762.59,0,6,120.44,Corporate,Office Supplies,West
MZ-17515,Mary Zewe,2,15.01,0.2,1.5,0,6,120.44,Corporate,Office Supplies,East
MZ-17515,Mary Zewe,7,14.28,0.0,6.71,0,6,120.44,Corporate,Office Supplies,West
MZ-17515,Mary Zewe,4,1.34,0.8,-2.15,0,6,120.44,Corporate,Office Supplies,Central
MZ-17515,Mary Zewe,4,8.27,0.8,-13.65,0,6,120.44,Corporate,Office Supplies,Central
MZ-17515,Mary Zewe,7,12.54,0.6,-9.09,0,6,120.44,Corporate,Furniture,Central
MZ-17515,Mary Zewe,3,347.58,0.0,17.38,0,6,120.44,Corporate,Office Supplies,East
NB-18580,Nicole Brennan,3,143.95,0.2,14.4,0,2,26.0,Corporate,Office Supplies,East
NB-18580,Nicole Brennan,4,129.92,0.0,10.39,0,2,26.0,Corporate,Furniture,South
NB-18655,Nona Balk,7,348.49,0.2,117.61,0,9,68.88,Corporate,Office Supplies,East
NB-18655,Nona Balk,4,172.74,0.2,-30.23,0,9,68.88,Corporate,Office Supplies,East
NB-18655,Nona Balk,5,77.24,0.2,7.72,0,9,68.88,Corporate,Office Supplies,East
NB-18655,Nona Balk,5,33.4,0.0,16.03,0,9,68.88,Corporate,Office Supplies,West
NB-18655,Nona Balk,4,210.84,0.0,103.31,0,9,68.88,Corporate,Office Supplies,West
NB-18655,Nona Balk,3,369.58,0.2,41.58,0,9,68.88,Corporate,Technology,Central
NB-18655,Nona Balk,4,15.71,0.2,5.7,0,9,68.88,Corporate,Office Supplies,Central
NB-18655,Nona Balk,4,383.44,0.45,-167.32,0,9,68.88,Corporate,Furniture,South
NB-18655,Nona Balk,1,142.18,0.4,-37.92,0,9,68.88,Corporate,Furniture,East
NB-18655,Nona Balk,7,56.78,0.2,20.58,0,9,68.88,Corporate,Office Supplies,South
NB-18655,Nona Balk,3,5.61,0.7,-3.92,0,9,68.88,Corporate,Office Supplies,South
NB-18655,Nona Balk,3,6.58,0.2,0.58,0,9,68.88,Corporate,Office Supplies,South
NB-18655,Nona Balk,6,92.52,0.0,24.98,0,9,68.88,Corporate,Office Supplies,Central
NB-18655,Nona Balk,1,37.76,0.0,10.57,0,9,68.88,Corporate,Office Supplies,Central
NB-18655,Nona Balk,2,7.38,0.0,3.47,0,9,68.88,Corporate,Office Supplies,Central
NB-18655,Nona Balk,2,5.82,0.0,2.74,0,9,68.88,Corporate,Furniture,Central
NB-18655,Nona Balk,3,6.54,0.0,2.16,0,9,68.88,Corporate,Office Supplies,East
NC-18340,Nat Carroll,2,129.3,0.0,6.46,0,5,71.69,Consumer,Office Supplies,Central
NC-18340,Nat Carroll,2,37.84,0.2,2.84,0,5,71.69,Consumer,Office Supplies,Central
NC-18340,Nat Carroll,6,5.47,0.2,1.85,0,5,71.69,Consumer,Office Supplies,Central
NC-18340,Nat Carroll,2,644.08,0.1,107.35,0,5,71.69,Consumer,Office Supplies,Central
NC-18340,Nat Carroll,2,5.84,0.0,2.63,0,5,71.69,Consumer,Office Supplies,Central
NC-18340,Nat Carroll,2,12.76,0.0,5.87,0,5,71.69,Consumer,Office Supplies,Central
NC-18340,Nat Carroll,1,10.95,0.0,0.44,0,5,71.69,Consumer,Technology,Central
NC-18340,Nat Carroll,2,599.98,0.0,209.99,0,5,71.69,Consumer,Technology,Central
NC-18340,Nat Carroll,4,17.22,0.2,6.03,0,5,71.69,Consumer,Office Supplies,East
NC-18340,Nat Carroll,2,11.56,0.0,5.66,0,5,71.69,Consumer,Office Supplies,East
NC-18340,Nat Carroll,4,88.4,0.0,11.49,0,5,71.69,Consumer,Technology,East
NC-18340,Nat Carroll,1,6.48,0.0,3.11,0,5,71.69,Consumer,Office Supplies,East
NC-18340,Nat Carroll,3,131.94,0.0,35.62,0,5,71.69,Consumer,Office Supplies,Central
NC-18340,Nat Carroll,4,25.92,0.0,8.29,0,5,71.69,Consumer,Office Supplies,Central
NC-18340,Nat Carroll,4,704.76,0.0,162.09,0,5,71.69,Consumer,Office Supplies,Central
NC-18340,Nat Carroll,3,7.41,0.0,3.48,0,5,71.69,Consumer,Office Supplies,Central
NC-18340,Nat Carroll,10,21.5,0.0,7.09,0,5,71.69,Consumer,Office Supplies,Central
NC-18415,Nathan Cano,3,40.18,0.2,14.56,0,6,99.69,Consumer,Office Supplies,East
NC-18415,Nathan Cano,3,10.9,0.2,3.95,0,6,99.69,Consumer,Office Supplies,East
NC-18415,Nathan Cano,1,4.98,0.8,-8.47,0,6,99.69,Consumer,Office Supplies,Central
NC-18415,Nathan Cano,3,115.44,0.0,30.01,0,6,99.69,Consumer,Office Supplies,West
NC-18415,Nathan Cano,2,12.96,0.0,6.22,0,6,99.69,Consumer,Office Supplies,Central
NC-18415,Nathan Cano,1,102.59,0.2,10.26,0,6,99.69,Consumer,Furniture,South
NC-18415,Nathan Cano,1,22.7,0.2,5.96,0,6,99.69,Consumer,Technology,South
NC-18415,Nathan Cano,3,93.02,0.2,33.72,0,6,99.69,Consumer,Office Supplies,South
NC-18415,Nathan Cano,2,12.77,0.2,1.44,0,6,99.69,Consumer,Office Supplies,South
NC-18415,Nathan Cano,4,35.01,0.2,13.13,0,6,99.69,Consumer,Office Supplies,South
NC-18415,Nathan Cano,1,39.15,0.2,14.68,0,6,99.69,Consumer,Office Supplies,South
NC-18415,Nathan Cano,3,191.06,0.3,-46.4,0,6,99.69,Consumer,Furniture,Central
NC-18415,Nathan Cano,5,13.04,0.2,3.91,0,6,99.69,Consumer,Office Supplies,Central
NC-18415,Nathan Cano,6,1525.19,0.8,-2287.78,0,6,99.69,Consumer,Office Supplies,Central
NC-18535,Nick Crebassa,6,604.75,0.2,60.48,0,7,89.29,Corporate,Technology,West
NC-18535,Nick Crebassa,5,40.7,0.0,11.8,0,7,89.29,Corporate,Office Supplies,West
NC-18535,Nick Crebassa,3,302.38,0.2,37.8,0,7,89.29,Corporate,Technology,West
NC-18535,Nick Crebassa,3,45.0,0.0,4.95,0,7,89.29,Corporate,Technology,West
NC-18535,Nick Crebassa,13,500.24,0.0,145.07,0,7,89.29,Corporate,Furniture,South
NC-18535,Nick Crebassa,2,20.12,0.0,9.26,0,7,89.29,Corporate,Office Supplies,South
NC-18535,Nick Crebassa,1,896.99,0.0,421.59,0,7,89.29,Corporate,Office Supplies,South
NC-18535,Nick Crebassa,2,58.42,0.2,16.79,0,7,89.29,Corporate,Technology,Central
NC-18535,Nick Crebassa,8,482.66,0.15,85.18,0,7,89.29,Corporate,Furniture,West
NC-18535,Nick Crebassa,2,4799.98,0.2,360.0,0,7,89.29,Corporate,Technology,West
NC-18535,Nick Crebassa,3,26.35,0.2,9.55,0,7,89.29,Corporate,Office Supplies,West
NC-18535,Nick Crebassa,5,419.4,0.2,146.79,0,7,89.29,Corporate,Office Supplies,West
NC-18535,Nick Crebassa,3,13.01,0.7,-9.97,0,7,89.29,Corporate,Office Supplies,West
NC-18535,Nick Crebassa,3,19.44,0.0,9.33,0,7,89.29,Corporate,Office Supplies,East
NC-18535,Nick Crebassa,5,12.3,0.0,6.15,0,7,89.29,Corporate,Office Supplies,East
NC-18625,Noah Childs,2,1.98,0.0,0.89,0,5,119.25,Corporate,Technology,Central
NC-18625,Noah Childs,2,75.88,0.0,35.66,0,5,119.25,Corporate,Office Supplies,Central
NC-18625,Noah Childs,3,8.86,0.2,2.99,0,5,119.25,Corporate,Office Supplies,Central
NC-18625,Noah Childs,3,158.38,0.2,13.86,0,5,119.25,Corporate,Technology,Central
NC-18625,Noah Childs,5,727.45,0.5,-465.57,0,5,119.25,Corporate,Furniture,West
NC-18625,Noah Childs,3,24.96,0.2,4.37,0,5,119.25,Corporate,Furniture,West
NC-18625,Noah Childs,4,37.9,0.7,-29.05,0,5,119.25,Corporate,Office Supplies,East
NC-18625,Noah Childs,2,65.58,0.2,23.77,0,5,119.25,Corporate,Office Supplies,East
NC-18625,Noah Childs,5,720.76,0.2,54.06,0,5,119.25,Corporate,Office Supplies,Central
ND-18370,Natalie DeCherney,6,545.94,0.0,87.35,0,9,83.53,Consumer,Furniture,South
ND-18370,Natalie DeCherney,5,443.92,0.2,-94.33,0,9,83.53,Consumer,Office Supplies,West
ND-18370,Natalie DeCherney,3,155.98,0.2,54.59,0,9,83.53,Consumer,Technology,West
ND-18370,Natalie DeCherney,2,11.81,0.2,4.28,0,9,83.53,Consumer,Office Supplies,East
ND-18370,Natalie DeCherney,9,1931.04,0.1,321.84,0,9,83.53,Consumer,Furniture,East
ND-18370,Natalie DeCherney,2,9.96,0.0,4.68,0,9,83.53,Consumer,Office Supplies,East
ND-18370,Natalie DeCherney,3,79.14,0.0,36.4,0,9,83.53,Consumer,Office Supplies,South
ND-18370,Natalie DeCherney,2,8.74,0.0,2.27,0,9,83.53,Consumer,Office Supplies,East
ND-18370,Natalie DeCherney,5,44.75,0.0,20.58,0,9,83.53,Consumer,Office Supplies,East
ND-18370,Natalie DeCherney,6,19.82,0.2,6.69,0,9,83.53,Consumer,Office Supplies,West
ND-18370,Natalie DeCherney,6,657.5,0.2,-131.5,0,9,83.53,Consumer,Technology,West
ND-18370,Natalie DeCherney,2,99.54,0.0,10.95,0,9,83.53,Consumer,Technology,West
ND-18370,Natalie DeCherney,4,199.96,0.0,85.98,0,9,83.53,Consumer,Technology,West
ND-18370,Natalie DeCherney,3,26.05,0.8,-44.28,0,9,83.53,Consumer,Office Supplies,Central
ND-18370,Natalie DeCherney,1,2.9,0.8,-4.78,0,9,83.53,Consumer,Office Supplies,Central
ND-18370,Natalie DeCherney,2,32.54,0.2,-7.73,0,9,83.53,Consumer,Office Supplies,Central
ND-18370,Natalie DeCherney,1,8.56,0.7,-6.56,0,9,83.53,Consumer,Office Supplies,West
ND-18370,Natalie DeCherney,1,47.99,0.2,7.2,0,9,83.53,Consumer,Technology,South
ND-18460,Neil Ducich,4,15.0,0.0,7.2,0,6,177.14,Corporate,Office Supplies,South
ND-18460,Neil Ducich,1,161.61,0.0,42.02,0,6,177.14,Corporate,Technology,South
ND-18460,Neil Ducich,5,144.95,0.0,42.04,0,6,177.14,Corporate,Technology,South
ND-18460,Neil Ducich,1,73.92,0.5,-45.83,0,6,177.14,Corporate,Furniture,West
ND-18460,Neil Ducich,6,38.88,0.0,18.66,0,6,177.14,Corporate,Office Supplies,South
ND-18460,Neil Ducich,4,26.16,0.0,12.82,0,6,177.14,Corporate,Office Supplies,South
ND-18460,Neil Ducich,8,1347.52,0.2,84.22,0,6,177.14,Corporate,Office Supplies,South
ND-18460,Neil Ducich,7,1085.42,0.0,282.21,0,6,177.14,Corporate,Office Supplies,East
NF-18385,Natalie Fritzler,3,234.45,0.0,103.16,0,7,103.0,Consumer,Technology,South
NF-18385,Natalie Fritzler,6,1256.22,0.0,75.37,0,7,103.0,Consumer,Furniture,South
NF-18385,Natalie Fritzler,2,17.46,0.0,8.21,0,7,103.0,Consumer,Office Supplies,South
NF-18385,Natalie Fritzler,6,2025.36,0.2,607.61,0,7,103.0,Consumer,Technology,East
NF-18385,Natalie Fritzler,2,1799.99,0.7,-2639.99,0,7,103.0,Consumer,Technology,East
NF-18385,Natalie Fritzler,2,101.99,0.4,-17.0,0,7,103.0,Consumer,Technology,East
NF-18385,Natalie Fritzler,7,262.86,0.2,69.0,0,7,103.0,Consumer,Furniture,East
NF-18385,Natalie Fritzler,1,2.07,0.8,-3.41,0,7,103.0,Consumer,Office Supplies,Central
NF-18385,Natalie Fritzler,8,83.84,0.2,30.39,0,7,103.0,Consumer,Office Supplies,Central
NF-18385,Natalie Fritzler,3,747.56,0.3,-96.11,0,7,103.0,Consumer,Furniture,Central
NF-18385,Natalie Fritzler,2,8.93,0.2,3.35,0,7,103.0,Consumer,Office Supplies,Central
NF-18385,Natalie Fritzler,3,242.35,0.2,15.15,0,7,103.0,Consumer,Furniture,South
NF-18385,Natalie Fritzler,4,866.4,0.0,225.26,0,7,103.0,Consumer,Furniture,South
NF-18385,Natalie Fritzler,3,673.34,0.3,-76.95,0,7,103.0,Consumer,Furniture,East
NF-18475,Neil Französisch,6,91.06,0.2,31.87,0,4,287.33,Home Office,Office Supplies,South
NF-18475,Neil Französisch,1,4.71,0.0,0.0,0,4,287.33,Home Office,Office Supplies,West
NF-18475,Neil Französisch,2,269.98,0.0,72.89,0,4,287.33,Home Office,Technology,Central
NF-18475,Neil Französisch,4,11.42,0.8,-18.84,0,4,287.33,Home Office,Office Supplies,Central
NF-18595,Nicole Fjeld,3,76.14,0.0,26.65,0,7,112.45,Home Office,Furniture,West
NF-18595,Nicole Fjeld,6,60.67,0.2,12.89,0,7,112.45,Home Office,Furniture,East
NF-18595,Nicole Fjeld,9,30.82,0.2,2.7,0,7,112.45,Home Office,Office Supplies,East
NF-18595,Nicole Fjeld,4,915.14,0.2,102.95,0,7,112.45,Home Office,Furniture,West
NF-18595,Nicole Fjeld,8,327.76,0.0,91.77,0,7,112.45,Home Office,Furniture,West
NF-18595,Nicole Fjeld,2,11.16,0.0,4.35,0,7,112.45,Home Office,Office Supplies,East
NF-18595,Nicole Fjeld,2,108.4,0.0,22.76,0,7,112.45,Home Office,Furniture,East
NF-18595,Nicole Fjeld,3,82.34,0.2,27.79,0,7,112.45,Home Office,Office Supplies,East
NF-18595,Nicole Fjeld,4,9.09,0.2,3.29,0,7,112.45,Home Office,Office Supplies,East
NF-18595,Nicole Fjeld,3,13.85,0.2,5.19,0,7,112.45,Home Office,Office Supplies,West
NF-18595,Nicole Fjeld,2,323.1,0.0,61.39,0,7,112.45,Home Office,Office Supplies,West
NF-18595,Nicole Fjeld,9,73.01,0.2,26.47,0,7,112.45,Home Office,Office Supplies,Central
NG-18355,Nat Gilpin,4,151.92,0.0,45.58,0,5,72.27,Corporate,Office Supplies,Central
NG-18355,Nat Gilpin,2,196.62,0.0,96.34,0,5,72.27,Corporate,Office Supplies,Central
NG-18355,Nat Gilpin,3,144.12,0.0,69.18,0,5,72.27,Corporate,Office Supplies,Central
NG-18355,Nat Gilpin,2,15.96,0.0,7.98,0,5,72.27,Corporate,Office Supplies,Central
NG-18355,Nat Gilpin,3,15.55,0.2,5.44,0,5,72.27,Corporate,Office Supplies,South
NG-18355,Nat Gilpin,4,15.71,0.2,2.55,0,5,72.27,Corporate,Furniture,South
NG-18355,Nat Gilpin,2,24.67,0.2,2.16,0,5,72.27,Corporate,Office Supplies,South
NG-18355,Nat Gilpin,1,55.97,0.2,-2.1,0,5,72.27,Corporate,Furniture,South
NG-18355,Nat Gilpin,3,579.51,0.0,81.13,0,5,72.27,Corporate,Office Supplies,East
NG-18355,Nat Gilpin,1,14.99,0.0,7.35,0,5,72.27,Corporate,Technology,East
NG-18355,Nat Gilpin,2,40.48,0.0,15.79,0,5,72.27,Corporate,Furniture,East
NG-18355,Nat Gilpin,2,9.94,0.0,3.08,0,5,72.27,Corporate,Furniture,East
NG-18355,Nat Gilpin,9,107.42,0.2,33.57,0,5,72.27,Corporate,Office Supplies,East
NG-18355,Nat Gilpin,1,37.91,0.0,10.99,0,5,72.27,Corporate,Technology,East
NG-18355,Nat Gilpin,3,88.02,0.0,27.29,0,5,72.27,Corporate,Furniture,East
NG-18355,Nat Gilpin,3,370.78,0.4,-92.7,0,5,72.27,Corporate,Technology,East
NG-18430,Nathan Gelder,1,2.62,0.2,0.43,0,5,135.5,Consumer,Office Supplies,East
NG-18430,Nathan Gelder,4,479.96,0.0,134.39,0,5,135.5,Consumer,Technology,Central
NG-18430,Nathan Gelder,6,19.82,0.2,6.44,0,5,135.5,Consumer,Office Supplies,Central
NG-18430,Nathan Gelder,2,37.94,0.0,18.21,0,5,135.5,Consumer,Office Supplies,West
NG-18430,Nathan Gelder,10,42.8,0.0,19.26,0,5,135.5,Consumer,Office Supplies,West
NG-18430,Nathan Gelder,3,33.63,0.0,10.09,0,5,135.5,Consumer,Office Supplies,West
NG-18430,Nathan Gelder,3,16.06,0.2,5.82,0,5,135.5,Consumer,Office Supplies,Central
NG-18430,Nathan Gelder,9,223.06,0.2,69.7,0,5,135.5,Consumer,Office Supplies,Central
NG-18430,Nathan Gelder,3,540.05,0.2,-47.25,0,5,135.5,Consumer,Office Supplies,Central
NH-18610,Nicole Hansen,1,3.42,0.2,1.07,0,7,121.0,Corporate,Office Supplies,East
NH-18610,Nicole Hansen,3,151.2,0.2,32.13,0,7,121.0,Corporate,Technology,East
NH-18610,Nicole Hansen,4,66.36,0.0,23.23,0,7,121.0,Corporate,Technology,South
NH-18610,Nicole Hansen,6,38.28,0.0,17.61,0,7,121.0,Corporate,Office Supplies,Central
NH-18610,Nicole Hansen,5,149.95,0.0,44.98,0,7,121.0,Corporate,Technology,Central
NH-18610,Nicole Hansen,4,15.94,0.2,5.18,0,7,121.0,Corporate,Office Supplies,Central
NH-18610,Nicole Hansen,7,1245.86,0.0,361.3,0,7,121.0,Corporate,Office Supplies,South
NH-18610,Nicole Hansen,2,273.96,0.0,71.23,0,7,121.0,Corporate,Furniture,Central
NH-18610,Nicole Hansen,3,306.9,0.0,79.79,0,7,121.0,Corporate,Furniture,Central
NH-18610,Nicole Hansen,8,385.6,0.0,111.82,0,7,121.0,Corporate,Office Supplies,West
NH-18610,Nicole Hansen,9,35.82,0.0,11.82,0,7,121.0,Corporate,Office Supplies,West
NK-18490,Neil Knudson,3,6.63,0.0,1.79,0,7,87.7,Home Office,Office Supplies,West
NK-18490,Neil Knudson,8,11.26,0.2,1.27,0,7,87.7,Home Office,Office Supplies,East
NK-18490,Neil Knudson,10,284.08,0.2,24.86,0,7,87.7,Home Office,Office Supplies,East
NK-18490,Neil Knudson,4,18.5,0.2,6.7,0,7,87.7,Home Office,Office Supplies,East
NK-18490,Neil Knudson,5,18.16,0.2,6.58,0,7,87.7,Home Office,Office Supplies,West
NK-18490,Neil Knudson,3,74.35,0.2,23.23,0,7,87.7,Home Office,Office Supplies,Central
NK-18490,Neil Knudson,6,31.08,0.0,15.23,0,7,87.7,Home Office,Office Supplies,West
NK-18490,Neil Knudson,2,7.3,0.0,2.19,0,7,87.7,Home Office,Office Supplies,West
NK-18490,Neil Knudson,1,0.99,0.0,0.44,0,7,87.7,Home Office,Technology,West
NK-18490,Neil Knudson,5,101.84,0.2,36.92,0,7,87.7,Home Office,Office Supplies,West
NK-18490,Neil Knudson,4,17.86,0.2,2.01,0,7,87.7,Home Office,Office Supplies,South
NL-18310,Nancy Lomonaco,2,73.58,0.2,8.28,0,4,122.0,Home Office,Technology,West
NL-18310,Nancy Lomonaco,1,40.78,0.2,4.59,0,4,122.0,Home Office,Furniture,West
NL-18310,Nancy Lomonaco,4,105.96,0.0,29.67,0,4,122.0,Home Office,Office Supplies,West
NL-18310,Nancy Lomonaco,6,38.88,0.0,18.66,0,4,122.0,Home Office,Office Supplies,West
NL-18310,Nancy Lomonaco,7,76.58,0.0,38.29,0,4,122.0,Home Office,Office Supplies,West
NL-18310,Nancy Lomonaco,5,8.8,0.0,4.22,0,4,122.0,Home Office,Office Supplies,West
NL-18310,Nancy Lomonaco,6,590.35,0.2,206.62,0,4,122.0,Home Office,Office Supplies,West
NL-18310,Nancy Lomonaco,3,5.58,0.0,0.17,0,4,122.0,Home Office,Office Supplies,West
NL-18310,Nancy Lomonaco,3,25.02,0.0,10.51,0,4,122.0,Home Office,Furniture,West
NL-18310,Nancy Lomonaco,7,452.55,0.0,22.63,0,4,122.0,Home Office,Office Supplies,West
NM-18445,Nathan Mautz,2,14.56,0.0,5.53,0,7,97.0,Home Office,Furniture,West
NM-18445,Nathan Mautz,1,99.59,0.2,2.49,0,7,97.0,Home Office,Furniture,West
NM-18445,Nathan Mautz,4,399.96,0.0,139.99,0,7,97.0,Home Office,Technology,West
NM-18445,Nathan Mautz,1,48.91,0.0,22.99,0,7,97.0,Home Office,Office Supplies,West
NM-18445,Nathan Mautz,1,135.88,0.1,24.16,0,7,97.0,Home Office,Furniture,East
NM-18445,Nathan Mautz,2,3991.98,0.0,1995.99,0,7,97.0,Home Office,Technology,East
NM-18445,Nathan Mautz,6,275.94,0.0,80.02,0,7,97.0,Home Office,Technology,East
NM-18445,Nathan Mautz,4,360.0,0.0,129.6,0,7,97.0,Home Office,Technology,East
NM-18445,Nathan Mautz,1,43.57,0.0,13.07,0,7,97.0,Home Office,Office Supplies,East
NM-18445,Nathan Mautz,5,850.5,0.1,245.7,0,7,97.0,Home Office,Office Supplies,Central
NM-18445,Nathan Mautz,9,75.33,0.0,19.59,0,7,97.0,Home Office,Furniture,Central
NM-18445,Nathan Mautz,3,21.24,0.0,8.07,0,7,97.0,Home Office,Office Supplies,Central
NM-18445,Nathan Mautz,2,127.96,0.0,60.14,0,7,97.0,Home Office,Office Supplies,Central
NM-18445,Nathan Mautz,3,13.92,0.2,4.35,0,7,97.0,Home Office,Office Supplies,East
NM-18520,Neoma Murray,5,26.4,0.0,11.88,0,10,42.86,Consumer,Office Supplies,West
NM-18520,Neoma Murray,6,41.88,0.0,0.84,0,10,42.86,Consumer,Office Supplies,West
NM-18520,Neoma Murray,2,15.08,0.8,-22.62,0,10,42.86,Consumer,Office Supplies,Central
NM-18520,Neoma Murray,3,24.29,0.6,-12.75,0,10,42.86,Consumer,Furniture,Central
NM-18520,Neoma Murray,4,6.69,0.6,-4.01,0,10,42.86,Consumer,Furniture,Central
NM-18520,Neoma Murray,3,23.08,0.6,-10.96,0,10,42.86,Consumer,Furniture,Central
NM-18520,Neoma Murray,5,25.92,0.2,9.07,0,10,42.86,Consumer,Office Supplies,Central
NM-18520,Neoma Murray,3,7.15,0.2,2.32,0,10,42.86,Consumer,Office Supplies,East
NM-18520,Neoma Murray,6,179.7,0.0,88.05,0,10,42.86,Consumer,Technology,East
NM-18520,Neoma Murray,4,15.71,0.2,5.7,0,10,42.86,Consumer,Office Supplies,West
NM-18520,Neoma Murray,3,22.92,0.0,11.23,0,10,42.86,Consumer,Office Supplies,West
NM-18520,Neoma Murray,5,1649.95,0.0,659.98,0,10,42.86,Consumer,Technology,West
NM-18520,Neoma Murray,6,111.9,0.0,51.47,0,10,42.86,Consumer,Furniture,West
NM-18520,Neoma Murray,3,5.55,0.7,-4.07,0,10,42.86,Consumer,Office Supplies,East
NM-18520,Neoma Murray,2,5.76,0.0,2.82,0,10,42.86,Consumer,Office Supplies,East
NP-18325,Naresj Patel,3,149.97,0.0,52.49,0,6,65.1,Consumer,Technology,West
NP-18325,Naresj Patel,1,104.01,0.0,14.56,0,6,65.1,Consumer,Furniture,South
NP-18325,Naresj Patel,1,284.82,0.0,74.05,0,6,65.1,Consumer,Technology,South
NP-18325,Naresj Patel,3,36.84,0.0,10.32,0,6,65.1,Consumer,Office Supplies,South
NP-18325,Naresj Patel,4,11.52,0.0,3.23,0,6,65.1,Consumer,Office Supplies,West
NP-18325,Naresj Patel,3,717.72,0.2,71.77,0,6,65.1,Consumer,Furniture,West
NP-18325,Naresj Patel,10,236.5,0.0,68.58,0,6,65.1,Consumer,Office Supplies,West
NP-18325,Naresj Patel,3,170.35,0.2,19.16,0,6,65.1,Consumer,Furniture,West
NP-18325,Naresj Patel,2,307.98,0.0,89.31,0,6,65.1,Consumer,Technology,East
NP-18325,Naresj Patel,9,382.81,0.4,-153.12,0,6,65.1,Consumer,Furniture,East
NP-18325,Naresj Patel,2,41.96,0.0,2.94,0,6,65.1,Consumer,Office Supplies,East
NP-18325,Naresj Patel,2,1217.57,0.2,456.59,0,6,65.1,Consumer,Office Supplies,East
NP-18325,Naresj Patel,3,47.04,0.0,18.35,0,6,65.1,Consumer,Furniture,East
NP-18325,Naresj Patel,2,6.16,0.0,2.96,0,6,65.1,Consumer,Furniture,East
NP-18325,Naresj Patel,5,979.95,0.0,274.39,0,6,65.1,Consumer,Technology,East
NP-18325,Naresj Patel,3,143.7,0.0,68.98,0,6,65.1,Consumer,Office Supplies,East
NP-18325,Naresj Patel,3,10.65,0.0,5.01,0,6,65.1,Consumer,Office Supplies,East
NP-18325,Naresj Patel,4,247.8,0.0,34.69,0,6,65.1,Consumer,Technology,East
NP-18325,Naresj Patel,9,120.15,0.0,33.64,0,6,65.1,Consumer,Office Supplies,West
NP-18325,Naresj Patel,2,219.18,0.2,19.18,0,6,65.1,Consumer,Technology,West
NP-18325,Naresj Patel,3,92.94,0.0,41.82,0,6,65.1,Consumer,Office Supplies,West
NP-18670,Nora Paige,9,538.92,0.0,80.84,0,5,108.78,Consumer,Technology,West
NP-18670,Nora Paige,1,55.99,0.2,3.5,0,5,108.78,Consumer,Technology,West
NP-18670,Nora Paige,2,14.62,0.0,6.87,0,5,108.78,Consumer,Office Supplies,Central
NP-18670,Nora Paige,7,944.93,0.0,236.23,0,5,108.78,Consumer,Technology,Central
NP-18670,Nora Paige,3,45.0,0.0,4.95,0,5,108.78,Consumer,Technology,East
NP-18670,Nora Paige,5,17.9,0.0,8.77,0,5,108.78,Consumer,Office Supplies,East
NP-18670,Nora Paige,2,40.48,0.0,17.41,0,5,108.78,Consumer,Furniture,East
NP-18670,Nora Paige,5,2154.9,0.0,129.29,0,5,108.78,Consumer,Furniture,East
NP-18670,Nora Paige,10,83.9,0.0,20.98,0,5,108.78,Consumer,Office Supplies,Central
NP-18670,Nora Paige,2,11.76,0.0,5.76,0,5,108.78,Consumer,Office Supplies,Central
NP-18685,Nora Pelletier,2,107.65,0.2,33.64,0,6,164.67,Home Office,Office Supplies,West
NP-18685,Nora Pelletier,3,14.73,0.0,4.86,0,6,164.67,Home Office,Furniture,West
NP-18685,Nora Pelletier,5,7.38,0.7,-5.41,0,6,164.67,Home Office,Office Supplies,South
NP-18685,Nora Pelletier,2,999.98,0.0,449.99,0,6,164.67,Home Office,Technology,Central
NP-18685,Nora Pelletier,2,63.97,0.2,19.99,0,6,164.67,Home Office,Office Supplies,East
NP-18685,Nora Pelletier,6,17.28,0.0,5.01,0,6,164.67,Home Office,Office Supplies,East
NP-18685,Nora Pelletier,3,17.71,0.2,6.42,0,6,164.67,Home Office,Office Supplies,East
NP-18700,Nora Preis,2,264.32,0.2,19.82,0,7,89.5,Consumer,Office Supplies,East
NP-18700,Nora Preis,6,764.69,0.2,95.59,0,7,89.5,Consumer,Furniture,West
NP-18700,Nora Preis,12,3610.85,0.2,135.41,0,7,89.5,Consumer,Furniture,West
NP-18700,Nora Preis,3,254.97,0.15,12.0,0,7,89.5,Consumer,Furniture,West
NP-18700,Nora Preis,1,132.16,0.2,9.91,0,7,89.5,Consumer,Office Supplies,Central
NP-18700,Nora Preis,6,17.9,0.8,-31.33,0,7,89.5,Consumer,Office Supplies,Central
NP-18700,Nora Preis,4,124.03,0.2,44.96,0,7,89.5,Consumer,Office Supplies,Central
NP-18700,Nora Preis,2,209.15,0.4,-66.23,0,7,89.5,Consumer,Furniture,East
NP-18700,Nora Preis,6,1591.02,0.0,286.38,0,7,89.5,Consumer,Office Supplies,East
NP-18700,Nora Preis,4,479.72,0.0,52.77,0,7,89.5,Consumer,Technology,West
NP-18700,Nora Preis,9,431.93,0.2,64.79,0,7,89.5,Consumer,Technology,West
NP-18700,Nora Preis,2,5.76,0.0,2.82,0,7,89.5,Consumer,Office Supplies,West
NP-18700,Nora Preis,6,16.68,0.0,4.34,0,7,89.5,Consumer,Office Supplies,West
NR-18550,Nick Radford,3,268.94,0.5,-209.77,0,5,91.0,Consumer,Furniture,Central
NR-18550,Nick Radford,3,182.94,0.0,85.98,0,5,91.0,Consumer,Office Supplies,West
NR-18550,Nick Radford,4,366.74,0.3,-110.02,0,5,91.0,Consumer,Furniture,Central
NR-18550,Nick Radford,1,120.98,0.0,12.1,0,5,91.0,Consumer,Furniture,East
NR-18550,Nick Radford,1,315.98,0.0,148.51,0,5,91.0,Consumer,Office Supplies,East
NR-18550,Nick Radford,3,4.55,0.7,-3.49,0,5,91.0,Consumer,Office Supplies,South
NR-18550,Nick Radford,2,5.2,0.2,0.58,0,5,91.0,Consumer,Office Supplies,South
NR-18550,Nick Radford,1,205.99,0.2,-2.57,0,5,91.0,Consumer,Technology,South
NR-18550,Nick Radford,3,15.55,0.2,5.44,0,5,91.0,Consumer,Office Supplies,South
NR-18550,Nick Radford,5,503.96,0.2,50.4,0,5,91.0,Consumer,Technology,South
NR-18550,Nick Radford,7,24.47,0.2,1.84,0,5,91.0,Consumer,Office Supplies,South
NR-18550,Nick Radford,2,241.57,0.2,0.0,0,5,91.0,Consumer,Furniture,South
NR-18550,Nick Radford,2,110.4,0.2,-4.14,0,5,91.0,Consumer,Technology,South
NS-18505,Neola Schneider,5,41.92,0.2,3.67,0,4,28.21,Consumer,Office Supplies,Central
NS-18505,Neola Schneider,3,297.58,0.2,-7.44,0,4,28.21,Consumer,Technology,Central
NS-18505,Neola Schneider,3,4.34,0.2,0.87,0,4,28.21,Consumer,Office Supplies,Central
NS-18505,Neola Schneider,2,94.99,0.2,-2.37,0,4,28.21,Consumer,Technology,Central
NS-18505,Neola Schneider,3,74.35,0.2,23.23,0,4,28.21,Consumer,Office Supplies,Central
NS-18505,Neola Schneider,3,14.04,0.2,1.58,0,4,28.21,Consumer,Office Supplies,Central
NS-18505,Neola Schneider,2,429.6,0.4,-93.08,0,4,28.21,Consumer,Technology,East
NS-18505,Neola Schneider,2,31.97,0.2,6.39,0,4,28.21,Consumer,Furniture,East
NS-18505,Neola Schneider,3,887.27,0.3,-63.38,0,4,28.21,Consumer,Furniture,East
NS-18505,Neola Schneider,4,21.7,0.2,7.05,0,4,28.21,Consumer,Office Supplies,East
NS-18505,Neola Schneider,1,1.44,0.2,0.5,0,4,28.21,Consumer,Office Supplies,West
NS-18505,Neola Schneider,13,61.78,0.2,20.85,0,4,28.21,Consumer,Office Supplies,West
NS-18505,Neola Schneider,2,241.96,0.0,60.49,0,4,28.21,Consumer,Office Supplies,West
NS-18505,Neola Schneider,4,108.61,0.2,9.5,0,4,28.21,Consumer,Furniture,West
NS-18505,Neola Schneider,2,264.32,0.2,19.82,0,4,28.21,Consumer,Office Supplies,Central
NS-18640,Noel Staavos,5,447.84,0.2,11.2,0,13,44.4,Corporate,Furniture,West
NS-18640,Noel Staavos,5,113.52,0.2,29.8,0,13,44.4,Corporate,Technology,Central
NS-18640,Noel Staavos,3,359.88,0.2,22.49,0,13,44.4,Corporate,Technology,Central
NS-18640,Noel Staavos,1,3.3,0.2,1.12,0,13,44.4,Corporate,Office Supplies,West
NS-18640,Noel Staavos,9,77.58,0.0,20.17,0,13,44.4,Corporate,Office Supplies,East
NS-18640,Noel Staavos,3,239.97,0.0,86.39,0,13,44.4,Corporate,Technology,West
NS-18640,Noel Staavos,6,16.02,0.0,6.09,0,13,44.4,Corporate,Furniture,West
NS-18640,Noel Staavos,11,31.5,0.2,11.81,0,13,44.4,Corporate,Office Supplies,South
NS-18640,Noel Staavos,1,5.04,0.2,1.64,0,13,44.4,Corporate,Office Supplies,South
NS-18640,Noel Staavos,7,39.88,0.7,-29.24,0,13,44.4,Corporate,Office Supplies,South
NS-18640,Noel Staavos,1,4.71,0.2,1.41,0,13,44.4,Corporate,Furniture,South
NS-18640,Noel Staavos,2,73.78,0.6,-77.47,0,13,44.4,Corporate,Furniture,Central
NS-18640,Noel Staavos,5,64.96,0.2,-4.06,0,13,44.4,Corporate,Office Supplies,East
NS-18640,Noel Staavos,2,13.52,0.2,1.69,0,13,44.4,Corporate,Office Supplies,East
NS-18640,Noel Staavos,5,458.43,0.3,-137.53,0,13,44.4,Corporate,Furniture,East
NS-18640,Noel Staavos,4,387.14,0.2,24.2,0,13,44.4,Corporate,Office Supplies,East
NS-18640,Noel Staavos,3,328.59,0.4,-147.87,0,13,44.4,Corporate,Furniture,East
NS-18640,Noel Staavos,5,60.35,0.0,19.92,0,13,44.4,Corporate,Furniture,East
NS-18640,Noel Staavos,4,35.52,0.0,9.95,0,13,44.4,Corporate,Office Supplies,East
NS-18640,Noel Staavos,7,11.2,0.0,4.82,0,13,44.4,Corporate,Office Supplies,East
NS-18640,Noel Staavos,2,13.49,0.2,4.38,0,13,44.4,Corporate,Office Supplies,West
NS-18640,Noel Staavos,1,11.42,0.2,3.85,0,13,44.4,Corporate,Office Supplies,West
NS-18640,Noel Staavos,3,79.14,0.0,36.4,0,13,44.4,Corporate,Office Supplies,West
NS-18640,Noel Staavos,4,20.74,0.2,7.26,0,13,44.4,Corporate,Office Supplies,South
NS-18640,Noel Staavos,5,8.84,0.2,2.98,0,13,44.4,Corporate,Office Supplies,Central
NS-18640,Noel Staavos,9,58.46,0.8,-146.16,0,13,44.4,Corporate,Office Supplies,Central
NW-18400,Natalie Webber,4,24.9,0.2,8.4,0,7,53.14,Consumer,Office Supplies,East
NW-18400,Natalie Webber,1,3.98,0.2,0.65,0,7,53.14,Consumer,Furniture,East
NW-18400,Natalie Webber,4,95.97,0.2,28.79,0,7,53.14,Consumer,Technology,East
NW-18400,Natalie Webber,3,206.99,0.7,-172.49,0,7,53.14,Consumer,Technology,East
NW-18400,Natalie Webber,2,44.42,0.2,3.89,0,7,53.14,Consumer,Office Supplies,East
NW-18400,Natalie Webber,2,9.01,0.7,-7.2,0,7,53.14,Consumer,Office Supplies,East
NW-18400,Natalie Webber,3,15.55,0.2,5.44,0,7,53.14,Consumer,Office Supplies,West
NW-18400,Natalie Webber,5,669.08,0.2,-167.27,0,7,53.14,Consumer,Office Supplies,West
NW-18400,Natalie Webber,4,438.34,0.2,-87.67,0,7,53.14,Consumer,Technology,West
NW-18400,Natalie Webber,3,79.44,0.0,30.19,0,7,53.14,Consumer,Furniture,East
NW-18400,Natalie Webber,3,357.93,0.0,7.16,0,7,53.14,Consumer,Office Supplies,East
NW-18400,Natalie Webber,2,127.76,0.1,21.29,0,7,53.14,Consumer,Furniture,East
NW-18400,Natalie Webber,7,2799.94,0.2,1014.98,0,7,53.14,Consumer,Technology,East
NW-18400,Natalie Webber,3,19.44,0.0,9.33,0,7,53.14,Consumer,Office Supplies,East
NW-18400,Natalie Webber,2,801.96,0.0,200.49,0,7,53.14,Consumer,Furniture,South
NW-18400,Natalie Webber,3,59.97,0.0,0.0,0,7,53.14,Consumer,Technology,South
NW-18400,Natalie Webber,7,1056.86,0.0,306.49,0,7,53.14,Consumer,Furniture,South
NW-18400,Natalie Webber,2,141.96,0.0,41.17,0,7,53.14,Consumer,Furniture,West
NW-18400,Natalie Webber,4,66.05,0.2,23.12,0,7,53.14,Consumer,Office Supplies,West
NW-18400,Natalie Webber,7,4.16,0.7,-3.46,0,7,53.14,Consumer,Office Supplies,West
NW-18400,Natalie Webber,3,179.99,0.7,-251.99,0,7,53.14,Consumer,Technology,West
NW-18400,Natalie Webber,4,30.32,0.0,11.82,0,7,53.14,Consumer,Office Supplies,Central
NZ-18565,Nick Zandusky,5,26.7,0.0,12.55,0,9,61.11,Home Office,Office Supplies,Central
NZ-18565,Nick Zandusky,2,21.2,0.0,9.12,0,9,61.11,Home Office,Technology,Central
NZ-18565,Nick Zandusky,2,838.38,0.0,226.36,0,9,61.11,Home Office,Office Supplies,Central
NZ-18565,Nick Zandusky,3,544.01,0.2,40.8,0,9,61.11,Home Office,Furniture,West
NZ-18565,Nick Zandusky,3,59.94,0.0,28.17,0,9,61.11,Home Office,Office Supplies,West
NZ-18565,Nick Zandusky,4,23.92,0.0,11.72,0,9,61.11,Home Office,Office Supplies,West
NZ-18565,Nick Zandusky,1,4.28,0.0,1.93,0,9,61.11,Home Office,Office Supplies,West
NZ-18565,Nick Zandusky,1,2.5,0.2,0.9,0,9,61.11,Home Office,Office Supplies,West
NZ-18565,Nick Zandusky,6,44.86,0.7,-35.88,0,9,61.11,Home Office,Office Supplies,West
NZ-18565,Nick Zandusky,3,22.43,0.7,-17.94,0,9,61.11,Home Office,Office Supplies,East
NZ-18565,Nick Zandusky,5,37.52,0.2,3.75,0,9,61.11,Home Office,Office Supplies,East
NZ-18565,Nick Zandusky,7,19.1,0.2,6.68,0,9,61.11,Home Office,Office Supplies,East
NZ-18565,Nick Zandusky,8,18.5,0.2,6.24,0,9,61.11,Home Office,Office Supplies,East
NZ-18565,Nick Zandusky,2,255.98,0.2,54.4,0,9,61.11,Home Office,Technology,East
NZ-18565,Nick Zandusky,3,86.97,0.5,-48.7,0,9,61.11,Home Office,Furniture,East
NZ-18565,Nick Zandusky,5,23.24,0.2,7.55,0,9,61.11,Home Office,Office Supplies,West
NZ-18565,Nick Zandusky,9,151.06,0.2,7.55,0,9,61.11,Home Office,Office Supplies,Central
NZ-18565,Nick Zandusky,2,41.96,0.0,2.94,0,9,61.11,Home Office,Furniture,West
NZ-18565,Nick Zandusky,4,227.84,0.0,66.07,0,9,61.11,Home Office,Office Supplies,West
NZ-18565,Nick Zandusky,2,37.94,0.0,18.21,0,9,61.11,Home Office,Office Supplies,West
ON-18715,Odella Nelson,5,79.4,0.2,5.96,0,9,56.71,Corporate,Office Supplies,West
ON-18715,Odella Nelson,3,8.38,0.2,2.72,0,9,56.71,Corporate,Office Supplies,South
ON-18715,Odella Nelson,5,58.24,0.2,5.1,0,9,56.71,Corporate,Office Supplies,South
ON-18715,Odella Nelson,3,60.72,0.0,23.68,0,9,56.71,Corporate,Furniture,East
ON-18715,Odella Nelson,3,146.82,0.0,73.41,0,9,56.71,Corporate,Office Supplies,East
ON-18715,Odella Nelson,8,239.84,0.0,64.76,0,9,56.71,Corporate,Furniture,East
ON-18715,Odella Nelson,6,15.66,0.0,7.2,0,9,56.71,Corporate,Office Supplies,East
ON-18715,Odella Nelson,5,33.28,0.8,-49.92,0,9,56.71,Corporate,Office Supplies,Central
ON-18715,Odella Nelson,3,14.09,0.2,4.93,0,9,56.71,Corporate,Office Supplies,Central
ON-18715,Odella Nelson,5,50.8,0.0,13.21,0,9,56.71,Corporate,Office Supplies,West
ON-18715,Odella Nelson,2,6.85,0.2,0.6,0,9,56.71,Corporate,Office Supplies,East
ON-18715,Odella Nelson,2,159.98,0.2,14.0,0,9,56.71,Corporate,Technology,West
ON-18715,Odella Nelson,2,45.98,0.0,19.77,0,9,56.71,Corporate,Technology,Central
ON-18715,Odella Nelson,2,17.46,0.0,8.21,0,9,56.71,Corporate,Office Supplies,Central
ON-18715,Odella Nelson,4,630.02,0.4,-199.51,0,9,56.71,Corporate,Furniture,South
OT-18730,Olvera Toch,2,180.96,0.0,81.43,0,5,102.22,Consumer,Office Supplies,Central
OT-18730,Olvera Toch,2,20.7,0.0,9.94,0,5,102.22,Consumer,Office Supplies,West
OT-18730,Olvera Toch,4,1335.68,0.2,-217.05,0,5,102.22,Consumer,Furniture,West
OT-18730,Olvera Toch,5,32.4,0.0,15.55,0,5,102.22,Consumer,Office Supplies,West
OT-18730,Olvera Toch,5,177.45,0.5,-78.08,0,5,102.22,Consumer,Furniture,East
OT-18730,Olvera Toch,6,1369.76,0.7,-913.18,0,5,102.22,Consumer,Office Supplies,East
OT-18730,Olvera Toch,3,9.48,0.2,0.71,0,5,102.22,Consumer,Office Supplies,East
OT-18730,Olvera Toch,12,83.76,0.0,1.68,0,5,102.22,Consumer,Office Supplies,West
OT-18730,Olvera Toch,5,356.85,0.0,60.66,0,5,102.22,Consumer,Furniture,South
OT-18730,Olvera Toch,7,251.58,0.0,113.21,0,5,102.22,Consumer,Office Supplies,South
PA-19060,Pete Armstrong,3,91.68,0.0,45.84,0,6,203.33,Home Office,Office Supplies,Central
PA-19060,Pete Armstrong,1,10.16,0.0,2.64,0,6,203.33,Home Office,Office Supplies,Central
PA-19060,Pete Armstrong,6,101.88,0.0,50.94,0,6,203.33,Home Office,Office Supplies,Central
PA-19060,Pete Armstrong,5,339.96,0.2,67.99,0,6,203.33,Home Office,Technology,Central
PA-19060,Pete Armstrong,4,67.14,0.2,25.18,0,6,203.33,Home Office,Office Supplies,West
PA-19060,Pete Armstrong,4,3.74,0.7,-2.62,0,6,203.33,Home Office,Office Supplies,South
PA-19060,Pete Armstrong,4,114.85,0.2,35.89,0,6,203.33,Home Office,Office Supplies,Central
PB-18805,Patrick Bzostek,9,24.19,0.2,7.56,0,3,82.89,Home Office,Office Supplies,West
PB-18805,Patrick Bzostek,2,45.68,0.0,21.01,0,3,82.89,Home Office,Office Supplies,West
PB-18805,Patrick Bzostek,9,60.12,0.0,28.86,0,3,82.89,Home Office,Office Supplies,West
PB-18805,Patrick Bzostek,5,41.72,0.2,13.04,0,3,82.89,Home Office,Office Supplies,West
PB-18805,Patrick Bzostek,8,71.6,0.0,32.94,0,3,82.89,Home Office,Office Supplies,West
PB-18805,Patrick Bzostek,5,83.92,0.2,29.37,0,3,82.89,Home Office,Office Supplies,West
PB-18805,Patrick Bzostek,5,199.9,0.0,39.98,0,3,82.89,Home Office,Furniture,West
PB-18805,Patrick Bzostek,3,31.18,0.2,-7.01,0,3,82.89,Home Office,Technology,West
PB-18805,Patrick Bzostek,6,172.75,0.2,60.46,0,3,82.89,Home Office,Office Supplies,West
PB-18805,Patrick Bzostek,2,9.3,0.2,3.02,0,3,82.89,Home Office,Office Supplies,West
PB-19105,Peter Bühler,9,604.66,0.2,204.07,0,4,271.0,Consumer,Office Supplies,Central
PB-19105,Peter Bühler,1,11.99,0.2,0.9,0,4,271.0,Consumer,Technology,Central
PB-19105,Peter Bühler,2,12.96,0.0,6.22,0,4,271.0,Consumer,Office Supplies,South
PB-19105,Peter Bühler,3,17.94,0.0,6.46,0,4,271.0,Consumer,Office Supplies,South
PB-19105,Peter Bühler,3,40.78,0.2,0.51,0,4,271.0,Consumer,Technology,East
PB-19150,Philip Brown,5,55.92,0.2,6.29,0,8,116.8,Consumer,Office Supplies,West
PB-19150,Philip Brown,2,25.06,0.0,11.78,0,8,116.8,Consumer,Office Supplies,East
PB-19150,Philip Brown,7,47.99,0.2,3.6,0,8,116.8,Consumer,Office Supplies,West
PB-19150,Philip Brown,4,102.24,0.2,-16.61,0,8,116.8,Consumer,Technology,West
PB-19150,Philip Brown,3,23.47,0.2,7.63,0,8,116.8,Consumer,Office Supplies,South
PB-19150,Philip Brown,3,70.01,0.2,24.5,0,8,116.8,Consumer,Office Supplies,West
PB-19150,Philip Brown,4,77.6,0.0,38.02,0,8,116.8,Consumer,Furniture,West
PB-19150,Philip Brown,9,464.85,0.0,92.97,0,8,116.8,Consumer,Furniture,West
PB-19150,Philip Brown,2,6.21,0.2,2.17,0,8,116.8,Consumer,Office Supplies,East
PB-19150,Philip Brown,5,383.8,0.2,38.38,0,8,116.8,Consumer,Furniture,West
PB-19150,Philip Brown,10,199.8,0.0,71.93,0,8,116.8,Consumer,Furniture,West
PB-19210,Phillip Breyer,3,62.81,0.2,21.2,0,2,445.0,Corporate,Office Supplies,East
PB-19210,Phillip Breyer,7,69.93,0.0,0.7,0,2,445.0,Corporate,Technology,Central
PC-18745,Pamela Coakley,7,1573.49,0.2,196.69,0,4,273.25,Corporate,Furniture,East
PC-18745,Pamela Coakley,7,155.82,0.0,42.07,0,4,273.25,Corporate,Office Supplies,West
PC-18745,Pamela Coakley,3,70.01,0.2,24.5,0,4,273.25,Corporate,Office Supplies,West
PC-18745,Pamela Coakley,3,31.56,0.0,10.41,0,4,273.25,Corporate,Furniture,East
PC-18745,Pamela Coakley,2,1.19,0.7,-0.99,0,4,273.25,Corporate,Office Supplies,West
PC-19000,Pauline Chand,8,49.79,0.2,-11.83,0,2,240.0,Home Office,Office Supplies,West
PC-19000,Pauline Chand,4,6.72,0.0,3.36,0,2,240.0,Home Office,Office Supplies,West
PC-19000,Pauline Chand,6,1004.98,0.2,-175.87,0,2,240.0,Home Office,Furniture,West
PF-19120,Peter Fuller,3,9.42,0.0,4.24,0,4,27.78,Consumer,Office Supplies,South
PF-19120,Peter Fuller,2,6.56,0.0,1.9,0,4,27.78,Consumer,Office Supplies,South
PF-19120,Peter Fuller,2,24.56,0.0,11.54,0,4,27.78,Consumer,Office Supplies,South
PF-19120,Peter Fuller,8,463.25,0.8,-1181.28,0,4,27.78,Consumer,Office Supplies,Central
PF-19120,Peter Fuller,6,383.95,0.2,47.99,0,4,27.78,Consumer,Technology,Central
PF-19120,Peter Fuller,2,9.57,0.2,2.99,0,4,27.78,Consumer,Office Supplies,West
PF-19120,Peter Fuller,2,82.37,0.2,-19.56,0,4,27.78,Consumer,Office Supplies,West
PF-19120,Peter Fuller,6,364.7,0.2,-36.47,0,4,27.78,Consumer,Furniture,West
PF-19120,Peter Fuller,4,40.26,0.2,11.07,0,4,27.78,Consumer,Furniture,West
PF-19120,Peter Fuller,5,14.9,0.0,1.04,0,4,27.78,Consumer,Office Supplies,East
PF-19120,Peter Fuller,7,87.71,0.0,41.22,0,4,27.78,Consumer,Office Supplies,East
PF-19120,Peter Fuller,2,199.76,0.1,8.88,0,4,27.78,Consumer,Furniture,East
PF-19120,Peter Fuller,4,94.6,0.0,27.43,0,4,27.78,Consumer,Office Supplies,East
PF-19120,Peter Fuller,6,4228.7,0.2,158.58,0,4,27.78,Consumer,Furniture,East
PF-19120,Peter Fuller,5,2003.92,0.2,-25.05,0,4,27.78,Consumer,Furniture,East
PF-19120,Peter Fuller,3,209.97,0.0,58.79,0,4,27.78,Consumer,Technology,East
PF-19120,Peter Fuller,2,659.9,0.0,217.77,0,4,27.78,Consumer,Technology,East
PF-19120,Peter Fuller,2,110.96,0.0,53.26,0,4,27.78,Consumer,Office Supplies,East
PF-19120,Peter Fuller,4,67.8,0.0,1.36,0,4,27.78,Consumer,Technology,East
PF-19165,Philip Fox,6,617.7,0.5,-407.68,0,6,111.22,Consumer,Furniture,Central
PF-19165,Philip Fox,3,32.94,0.0,9.22,0,6,111.22,Consumer,Office Supplies,West
PF-19165,Philip Fox,5,114.2,0.0,52.53,0,6,111.22,Consumer,Office Supplies,West
PF-19165,Philip Fox,1,3.08,0.0,1.48,0,6,111.22,Consumer,Office Supplies,West
PF-19165,Philip Fox,2,50.0,0.0,12.0,0,6,111.22,Consumer,Technology,East
PF-19165,Philip Fox,3,35.97,0.0,9.71,0,6,111.22,Consumer,Office Supplies,South
PF-19165,Philip Fox,7,1266.86,0.0,291.38,0,6,111.22,Consumer,Furniture,South
PF-19165,Philip Fox,3,479.97,0.0,177.59,0,6,111.22,Consumer,Technology,West
PF-19165,Philip Fox,3,155.25,0.0,46.58,0,6,111.22,Consumer,Furniture,West
PF-19165,Philip Fox,1,14.03,0.0,4.07,0,6,111.22,Consumer,Office Supplies,West
PF-19225,Phillip Flathmann,1,135.95,0.0,39.43,0,5,48.67,Consumer,Technology,South
PF-19225,Phillip Flathmann,2,217.58,0.2,-29.92,0,5,48.67,Consumer,Furniture,West
PF-19225,Phillip Flathmann,5,82.95,0.0,29.03,0,5,48.67,Consumer,Technology,West
PF-19225,Phillip Flathmann,7,87.71,0.0,41.22,0,5,48.67,Consumer,Office Supplies,West
PF-19225,Phillip Flathmann,4,1101.48,0.0,429.58,0,5,48.67,Consumer,Office Supplies,West
PF-19225,Phillip Flathmann,3,11.23,0.2,3.93,0,5,48.67,Consumer,Office Supplies,West
PF-19225,Phillip Flathmann,3,6.57,0.0,1.77,0,5,48.67,Consumer,Office Supplies,West
PF-19225,Phillip Flathmann,4,80.96,0.0,34.81,0,5,48.67,Consumer,Furniture,West
PF-19225,Phillip Flathmann,2,455.71,0.2,34.18,0,5,48.67,Consumer,Technology,West
PF-19225,Phillip Flathmann,1,25.98,0.0,7.27,0,5,48.67,Consumer,Office Supplies,West
PG-18820,Patrick Gardner,4,67.8,0.0,4.07,0,13,51.8,Consumer,Technology,West
PG-18820,Patrick Gardner,3,167.97,0.0,40.31,0,13,51.8,Consumer,Technology,West
PG-18820,Patrick Gardner,2,35.98,0.0,10.07,0,13,51.8,Consumer,Technology,Central
PG-18820,Patrick Gardner,2,19.57,0.8,-52.83,0,13,51.8,Consumer,Office Supplies,Central
PG-18820,Patrick Gardner,4,310.39,0.8,-512.15,0,13,51.8,Consumer,Office Supplies,Central
PG-18820,Patrick Gardner,3,29.97,0.0,0.3,0,13,51.8,Consumer,Technology,South
PG-18820,Patrick Gardner,3,398.35,0.2,124.48,0,13,51.8,Consumer,Office Supplies,East
PG-18820,Patrick Gardner,4,8.72,0.0,3.58,0,13,51.8,Consumer,Office Supplies,East
PG-18820,Patrick Gardner,3,9.7,0.7,-7.11,0,13,51.8,Consumer,Office Supplies,West
PG-18820,Patrick Gardner,4,17.92,0.0,8.6,0,13,51.8,Consumer,Office Supplies,South
PG-18820,Patrick Gardner,6,468.9,0.0,206.32,0,13,51.8,Consumer,Technology,East
PG-18820,Patrick Gardner,2,72.48,0.0,30.44,0,13,51.8,Consumer,Technology,East
PG-18820,Patrick Gardner,3,10.95,0.0,3.28,0,13,51.8,Consumer,Office Supplies,East
PG-18820,Patrick Gardner,3,191.82,0.0,61.38,0,13,51.8,Consumer,Furniture,East
PG-18820,Patrick Gardner,3,47.95,0.2,13.79,0,13,51.8,Consumer,Furniture,South
PG-18820,Patrick Gardner,5,37.42,0.7,-29.94,0,13,51.8,Consumer,Office Supplies,South
PG-18820,Patrick Gardner,2,63.97,0.2,0.0,0,13,51.8,Consumer,Furniture,South
PG-18820,Patrick Gardner,3,165.05,0.2,41.26,0,13,51.8,Consumer,Furniture,South
PG-18820,Patrick Gardner,5,595.0,0.0,95.2,0,13,51.8,Consumer,Technology,West
PG-18820,Patrick Gardner,7,35.0,0.0,16.8,0,13,51.8,Consumer,Office Supplies,West
PG-18820,Patrick Gardner,1,72.78,0.2,0.0,0,13,51.8,Consumer,Furniture,West
PG-18820,Patrick Gardner,2,97.84,0.0,25.44,0,13,51.8,Consumer,Office Supplies,West
PG-18820,Patrick Gardner,1,51.75,0.0,15.52,0,13,51.8,Consumer,Furniture,West
PG-18820,Patrick Gardner,2,46.67,0.2,16.34,0,13,51.8,Consumer,Office Supplies,West
PG-18820,Patrick Gardner,2,35.18,0.2,12.31,0,13,51.8,Consumer,Technology,Central
PG-18820,Patrick Gardner,4,27.76,0.0,9.99,0,13,51.8,Consumer,Office Supplies,West
PG-18895,Paul Gonzalez,2,58.11,0.2,7.26,0,9,79.5,Consumer,Technology,Central
PG-18895,Paul Gonzalez,1,100.79,0.2,6.3,0,9,79.5,Consumer,Technology,Central
PG-18895,Paul Gonzalez,4,66.11,0.6,-84.29,0,9,79.5,Consumer,Furniture,Central
PG-18895,Paul Gonzalez,2,479.98,0.2,60.0,0,9,79.5,Consumer,Technology,East
PG-18895,Paul Gonzalez,4,12.6,0.0,6.05,0,9,79.5,Consumer,Office Supplies,East
PG-18895,Paul Gonzalez,5,204.85,0.0,53.26,0,9,79.5,Consumer,Office Supplies,West
PG-18895,Paul Gonzalez,2,135.98,0.2,17.0,0,9,79.5,Consumer,Technology,West
PG-18895,Paul Gonzalez,5,16.4,0.0,7.05,0,9,79.5,Consumer,Office Supplies,West
PG-18895,Paul Gonzalez,2,92.96,0.2,31.37,0,9,79.5,Consumer,Office Supplies,West
PG-18895,Paul Gonzalez,6,7.56,0.0,0.3,0,9,79.5,Consumer,Office Supplies,East
PG-18895,Paul Gonzalez,3,31.56,0.0,10.41,0,9,79.5,Consumer,Furniture,West
PG-18895,Paul Gonzalez,7,181.86,0.0,50.92,0,9,79.5,Consumer,Office Supplies,South
PG-18895,Paul Gonzalez,5,32.4,0.0,15.55,0,9,79.5,Consumer,Office Supplies,South
PG-18895,Paul Gonzalez,4,503.96,0.0,125.99,0,9,79.5,Consumer,Technology,South
PG-18895,Paul Gonzalez,1,19.99,0.0,6.8,0,9,79.5,Consumer,Technology,Central
PG-18895,Paul Gonzalez,2,6.16,0.0,2.96,0,9,79.5,Consumer,Office Supplies,Central
PG-18895,Paul Gonzalez,6,35.88,0.0,17.58,0,9,79.5,Consumer,Office Supplies,West
PH-18790,Patricia Hirasaki,3,683.95,0.2,42.75,0,1,0.0,Home Office,Furniture,South
PH-18790,Patricia Hirasaki,3,45.7,0.2,5.14,0,1,0.0,Home Office,Furniture,South
PJ-18835,Patrick Jones,6,57.41,0.2,5.74,0,8,106.08,Corporate,Technology,West
PJ-18835,Patrick Jones,4,27.6,0.0,2.21,0,8,106.08,Corporate,Technology,West
PJ-18835,Patrick Jones,2,37.6,0.0,2.26,0,8,106.08,Corporate,Technology,East
PJ-18835,Patrick Jones,2,59.9,0.0,23.96,0,8,106.08,Corporate,Technology,East
PJ-18835,Patrick Jones,5,37.0,0.0,16.65,0,8,106.08,Corporate,Office Supplies,East
PJ-18835,Patrick Jones,2,33.96,0.0,16.98,0,8,106.08,Corporate,Office Supplies,South
PJ-18835,Patrick Jones,3,826.11,0.0,322.18,0,8,106.08,Corporate,Office Supplies,South
PJ-18835,Patrick Jones,3,14.35,0.2,5.2,0,8,106.08,Corporate,Office Supplies,South
PJ-18835,Patrick Jones,2,9.25,0.2,3.35,0,8,106.08,Corporate,Office Supplies,Central
PJ-18835,Patrick Jones,6,38.02,0.2,13.78,0,8,106.08,Corporate,Office Supplies,Central
PJ-18835,Patrick Jones,5,26.4,0.0,11.88,0,8,106.08,Corporate,Office Supplies,South
PJ-18835,Patrick Jones,4,11.76,0.0,3.18,0,8,106.08,Corporate,Office Supplies,West
PJ-18835,Patrick Jones,2,40.74,0.2,14.77,0,8,106.08,Corporate,Office Supplies,West
PJ-19015,Pauline Johnson,2,8.96,0.0,2.78,0,7,136.56,Consumer,Furniture,South
PJ-19015,Pauline Johnson,2,3.33,0.2,1.21,0,7,136.56,Consumer,Office Supplies,East
PJ-19015,Pauline Johnson,1,135.99,0.0,36.72,0,7,136.56,Consumer,Technology,East
PJ-19015,Pauline Johnson,1,7.38,0.0,2.14,0,7,136.56,Consumer,Furniture,East
PJ-19015,Pauline Johnson,5,89.95,0.0,43.18,0,7,136.56,Consumer,Technology,East
PJ-19015,Pauline Johnson,1,146.04,0.2,-12.78,0,7,136.56,Consumer,Furniture,West
PJ-19015,Pauline Johnson,2,18.28,0.0,6.22,0,7,136.56,Consumer,Furniture,West
PJ-19015,Pauline Johnson,7,1399.93,0.0,601.97,0,7,136.56,Consumer,Technology,West
PJ-19015,Pauline Johnson,1,4.46,0.2,0.33,0,7,136.56,Consumer,Office Supplies,South
PJ-19015,Pauline Johnson,3,9.91,0.2,1.24,0,7,136.56,Consumer,Office Supplies,East
PK-18910,Paul Knutson,6,18.9,0.0,9.07,0,2,441.5,Home Office,Office Supplies,West
PK-18910,Paul Knutson,5,1141.47,0.7,-760.98,0,2,441.5,Home Office,Office Supplies,East
PK-18910,Paul Knutson,3,280.78,0.4,-46.8,0,2,441.5,Home Office,Technology,East
PK-19075,Pete Kriz,6,665.88,0.0,13.32,0,12,47.33,Consumer,Office Supplies,Central
PK-19075,Pete Kriz,4,35.17,0.2,8.35,0,12,47.33,Consumer,Technology,South
PK-19075,Pete Kriz,7,123.09,0.2,40.0,0,12,47.33,Consumer,Office Supplies,South
PK-19075,Pete Kriz,3,10.86,0.0,5.1,0,12,47.33,Consumer,Office Supplies,West
PK-19075,Pete Kriz,1,12.22,0.0,3.67,0,12,47.33,Consumer,Furniture,Central
PK-19075,Pete Kriz,3,194.94,0.0,23.39,0,12,47.33,Consumer,Office Supplies,Central
PK-19075,Pete Kriz,3,70.95,0.0,20.58,0,12,47.33,Consumer,Office Supplies,Central
PK-19075,Pete Kriz,4,91.36,0.0,42.03,0,12,47.33,Consumer,Office Supplies,Central
PK-19075,Pete Kriz,3,242.94,0.0,29.15,0,12,47.33,Consumer,Furniture,Central
PK-19075,Pete Kriz,7,22.05,0.0,10.58,0,12,47.33,Consumer,Office Supplies,Central
PK-19075,Pete Kriz,2,155.37,0.3,-13.32,0,12,47.33,Consumer,Furniture,East
PK-19075,Pete Kriz,2,14.62,0.0,6.73,0,12,47.33,Consumer,Office Supplies,East
PK-19075,Pete Kriz,2,5.76,0.0,2.82,0,12,47.33,Consumer,Office Supplies,East
PK-19075,Pete Kriz,6,21.48,0.0,10.53,0,12,47.33,Consumer,Office Supplies,East
PK-19075,Pete Kriz,4,396.92,0.0,198.46,0,12,47.33,Consumer,Furniture,East
PK-19075,Pete Kriz,1,17.15,0.0,4.63,0,12,47.33,Consumer,Office Supplies,East
PK-19075,Pete Kriz,2,23.12,0.2,7.8,0,12,47.33,Consumer,Office Supplies,East
PK-19075,Pete Kriz,5,563.92,0.2,7.05,0,12,47.33,Consumer,Furniture,West
PK-19075,Pete Kriz,2,25.06,0.0,11.78,0,12,47.33,Consumer,Office Supplies,Central
PK-19075,Pete Kriz,7,32.09,0.2,11.23,0,12,47.33,Consumer,Office Supplies,East
PK-19075,Pete Kriz,6,4305.55,0.2,1453.12,0,12,47.33,Consumer,Office Supplies,East
PK-19075,Pete Kriz,6,13.34,0.2,4.34,0,12,47.33,Consumer,Office Supplies,West
PK-19075,Pete Kriz,8,1478.27,0.2,92.39,0,12,47.33,Consumer,Furniture,West
PK-19075,Pete Kriz,7,100.94,0.0,33.31,0,12,47.33,Consumer,Office Supplies,East
PK-19075,Pete Kriz,6,23.88,0.0,11.22,0,12,47.33,Consumer,Office Supplies,South
PL-18925,Paul Lucas,3,44.4,0.0,22.2,0,5,162.86,Home Office,Office Supplies,West
PL-18925,Paul Lucas,5,21.4,0.0,9.63,0,5,162.86,Home Office,Office Supplies,West
PL-18925,Paul Lucas,3,83.98,0.2,-13.65,0,5,162.86,Home Office,Technology,East
PL-18925,Paul Lucas,5,16.52,0.2,2.06,0,5,162.86,Home Office,Office Supplies,Central
PL-18925,Paul Lucas,3,10.33,0.7,-7.58,0,5,162.86,Home Office,Office Supplies,East
PL-18925,Paul Lucas,5,31.16,0.7,-23.89,0,5,162.86,Home Office,Office Supplies,East
PL-18925,Paul Lucas,2,8.93,0.2,0.67,0,5,162.86,Home Office,Office Supplies,East
PL-18925,Paul Lucas,3,22.77,0.0,9.79,0,5,162.86,Home Office,Furniture,West
PM-18940,Paul MacIntyre,4,46.8,0.0,21.06,0,3,316.67,Consumer,Office Supplies,Central
PM-18940,Paul MacIntyre,1,102.44,0.3,-13.17,0,3,316.67,Consumer,Furniture,Central
PM-18940,Paul MacIntyre,4,199.3,0.3,-8.54,0,3,316.67,Consumer,Furniture,Central
PM-18940,Paul MacIntyre,7,1056.86,0.0,158.53,0,3,316.67,Consumer,Furniture,South
PM-19135,Peter McVee,5,29.9,0.0,14.65,0,4,115.17,Home Office,Office Supplies,East
PM-19135,Peter McVee,9,2249.91,0.0,517.48,0,4,115.17,Home Office,Technology,East
PM-19135,Peter McVee,4,1053.16,0.3,-105.32,0,4,115.17,Home Office,Furniture,East
PM-19135,Peter McVee,6,60.14,0.2,20.3,0,4,115.17,Home Office,Office Supplies,Central
PM-19135,Peter McVee,5,31.4,0.0,10.05,0,4,115.17,Home Office,Furniture,Central
PM-19135,Peter McVee,3,191.98,0.2,38.4,0,4,115.17,Home Office,Technology,South
PM-19135,Peter McVee,4,499.17,0.2,31.2,0,4,115.17,Home Office,Technology,South
PN-18775,Parhena Norris,3,19.15,0.2,6.46,0,8,70.5,Home Office,Office Supplies,West
PN-18775,Parhena Norris,2,59.48,0.0,8.92,0,8,70.5,Home Office,Office Supplies,East
PN-18775,Parhena Norris,1,6.69,0.0,3.08,0,8,70.5,Home Office,Office Supplies,East
PN-18775,Parhena Norris,4,25.92,0.0,12.44,0,8,70.5,Home Office,Office Supplies,South
PN-18775,Parhena Norris,3,563.94,0.0,112.79,0,8,70.5,Home Office,Furniture,Central
PN-18775,Parhena Norris,4,387.14,0.2,-14.52,0,8,70.5,Home Office,Furniture,South
PN-18775,Parhena Norris,2,45.41,0.2,11.92,0,8,70.5,Home Office,Technology,South
PN-18775,Parhena Norris,3,77.95,0.2,-11.69,0,8,70.5,Home Office,Furniture,South
PN-18775,Parhena Norris,1,3.0,0.2,1.05,0,8,70.5,Home Office,Office Supplies,South
PN-18775,Parhena Norris,9,42.05,0.2,5.26,0,8,70.5,Home Office,Office Supplies,South
PN-18775,Parhena Norris,5,67.92,0.2,6.79,0,8,70.5,Home Office,Office Supplies,South
PN-18775,Parhena Norris,7,96.53,0.0,40.54,0,8,70.5,Home Office,Furniture,East
PN-18775,Parhena Norris,3,71.98,0.2,9.0,0,8,70.5,Home Office,Technology,South
PO-18850,Patrick O'Brill,3,88.78,0.2,7.77,0,11,54.76,Consumer,Technology,Central
PO-18850,Patrick O'Brill,4,105.52,0.0,48.54,0,11,54.76,Consumer,Office Supplies,South
PO-18850,Patrick O'Brill,1,12.18,0.2,4.41,0,11,54.76,Consumer,Office Supplies,West
PO-18850,Patrick O'Brill,3,37.32,0.0,10.45,0,11,54.76,Consumer,Office Supplies,West
PO-18850,Patrick O'Brill,2,35.06,0.0,10.52,0,11,54.76,Consumer,Office Supplies,West
PO-18850,Patrick O'Brill,3,614.0,0.32,-18.06,0,11,54.76,Consumer,Furniture,Central
PO-18850,Patrick O'Brill,3,290.9,0.4,-67.88,0,11,54.76,Consumer,Technology,East
PO-18850,Patrick O'Brill,2,54.22,0.2,3.39,0,11,54.76,Consumer,Office Supplies,East
PO-18850,Patrick O'Brill,4,786.74,0.3,-258.5,0,11,54.76,Consumer,Furniture,East
PO-18850,Patrick O'Brill,10,100.24,0.2,33.83,0,11,54.76,Consumer,Office Supplies,East
PO-18850,Patrick O'Brill,6,37.76,0.7,-27.69,0,11,54.76,Consumer,Office Supplies,East
PO-18850,Patrick O'Brill,1,3.0,0.2,1.05,0,11,54.76,Consumer,Office Supplies,South
PO-18850,Patrick O'Brill,3,122.14,0.2,-13.74,0,11,54.76,Consumer,Furniture,West
PO-18850,Patrick O'Brill,13,4367.9,0.2,327.59,0,11,54.76,Consumer,Technology,South
PO-18850,Patrick O'Brill,2,49.57,0.2,15.49,0,11,54.76,Consumer,Office Supplies,South
PO-18850,Patrick O'Brill,6,161.38,0.2,12.1,0,11,54.76,Consumer,Office Supplies,South
PO-18850,Patrick O'Brill,2,2.78,0.2,0.42,0,11,54.76,Consumer,Furniture,South
PO-18850,Patrick O'Brill,5,8.72,0.2,2.94,0,11,54.76,Consumer,Office Supplies,South
PO-18850,Patrick O'Brill,3,15.55,0.2,5.44,0,11,54.76,Consumer,Office Supplies,South
PO-18850,Patrick O'Brill,5,17.92,0.2,1.12,0,11,54.76,Consumer,Office Supplies,South
PO-18850,Patrick O'Brill,5,517.41,0.3,-81.31,0,11,54.76,Consumer,Furniture,Central
PO-18850,Patrick O'Brill,5,44.75,0.0,20.58,0,11,54.76,Consumer,Office Supplies,Central
PO-18865,Patrick O'Donnell,2,330.4,0.0,85.9,0,7,114.83,Consumer,Office Supplies,West
PO-18865,Patrick O'Donnell,6,604.75,0.2,37.8,0,7,114.83,Consumer,Technology,West
PO-18865,Patrick O'Donnell,4,211.96,0.0,8.48,0,7,114.83,Consumer,Office Supplies,Central
PO-18865,Patrick O'Donnell,3,14.82,0.0,6.22,0,7,114.83,Consumer,Furniture,East
PO-18865,Patrick O'Donnell,3,191.82,0.0,61.38,0,7,114.83,Consumer,Furniture,East
PO-18865,Patrick O'Donnell,2,301.96,0.0,33.22,0,7,114.83,Consumer,Furniture,South
PO-18865,Patrick O'Donnell,6,125.88,0.0,60.42,0,7,114.83,Consumer,Office Supplies,Central
PO-18865,Patrick O'Donnell,2,79.78,0.0,29.52,0,7,114.83,Consumer,Technology,Central
PO-18865,Patrick O'Donnell,9,133.2,0.0,66.6,0,7,114.83,Consumer,Office Supplies,Central
PO-18865,Patrick O'Donnell,3,31.8,0.0,13.67,0,7,114.83,Consumer,Technology,East
PO-18865,Patrick O'Donnell,4,323.14,0.2,12.12,0,7,114.83,Consumer,Furniture,East
PO-18865,Patrick O'Donnell,7,90.93,0.0,2.73,0,7,114.83,Consumer,Technology,East
PO-18865,Patrick O'Donnell,3,52.78,0.2,19.79,0,7,114.83,Consumer,Office Supplies,East
PO-19180,Philisse Overcash,2,11.96,0.0,3.11,0,9,41.88,Home Office,Office Supplies,East
PO-19180,Philisse Overcash,2,138.0,0.0,34.5,0,9,41.88,Home Office,Technology,East
PO-19180,Philisse Overcash,2,715.64,0.0,178.91,0,9,41.88,Home Office,Office Supplies,Central
PO-19180,Philisse Overcash,3,795.51,0.0,143.19,0,9,41.88,Home Office,Office Supplies,Central
PO-19180,Philisse Overcash,1,549.99,0.0,275.0,0,9,41.88,Home Office,Technology,Central
PO-19180,Philisse Overcash,3,74.76,0.0,34.39,0,9,41.88,Home Office,Office Supplies,Central
PO-19180,Philisse Overcash,3,29.22,0.0,12.86,0,9,41.88,Home Office,Furniture,Central
PO-19180,Philisse Overcash,5,523.25,0.0,141.28,0,9,41.88,Home Office,Office Supplies,East
PO-19180,Philisse Overcash,3,1007.98,0.3,43.2,0,9,41.88,Home Office,Technology,Central
PO-19180,Philisse Overcash,7,313.49,0.2,113.64,0,9,41.88,Home Office,Office Supplies,Central
PO-19180,Philisse Overcash,3,146.95,0.2,9.18,0,9,41.88,Home Office,Technology,West
PO-19180,Philisse Overcash,4,83.14,0.2,5.2,0,9,41.88,Home Office,Furniture,West
PO-19180,Philisse Overcash,2,19.54,0.0,7.23,0,9,41.88,Home Office,Furniture,West
PO-19180,Philisse Overcash,6,13.78,0.8,-22.04,0,9,41.88,Home Office,Office Supplies,Central
PO-19180,Philisse Overcash,3,10.27,0.2,3.21,0,9,41.88,Home Office,Office Supplies,Central
PO-19180,Philisse Overcash,3,20.34,0.0,9.36,0,9,41.88,Home Office,Office Supplies,West
PO-19180,Philisse Overcash,8,39.28,0.0,19.25,0,9,41.88,Home Office,Office Supplies,West
PO-19180,Philisse Overcash,5,399.95,0.0,143.98,0,9,41.88,Home Office,Technology,Central
PO-19195,Phillina Ober,3,11.78,0.2,4.27,0,5,152.22,Home Office,Office Supplies,Central
PO-19195,Phillina Ober,3,272.74,0.2,-64.77,0,5,152.22,Home Office,Office Supplies,Central
PO-19195,Phillina Ober,2,3.54,0.8,-5.49,0,5,152.22,Home Office,Office Supplies,Central
PO-19195,Phillina Ober,4,63.96,0.0,19.83,0,5,152.22,Home Office,Technology,East
PO-19195,Phillina Ober,3,14.46,0.0,7.09,0,5,152.22,Home Office,Office Supplies,East
PO-19195,Phillina Ober,2,104.98,0.0,52.49,0,5,152.22,Home Office,Technology,East
PO-19195,Phillina Ober,4,344.37,0.3,-93.47,0,5,152.22,Home Office,Furniture,East
PO-19195,Phillina Ober,1,4.3,0.2,1.56,0,5,152.22,Home Office,Office Supplies,West
PO-19195,Phillina Ober,7,160.93,0.0,3.22,0,5,152.22,Home Office,Technology,East
PO-19195,Phillina Ober,3,75.79,0.2,25.58,0,5,152.22,Home Office,Office Supplies,East
PP-18955,Paul Prost,3,8.64,0.0,2.51,0,10,34.09,Home Office,Office Supplies,East
PP-18955,Paul Prost,3,149.97,0.0,52.49,0,10,34.09,Home Office,Technology,East
PP-18955,Paul Prost,2,172.76,0.1,13.44,0,10,34.09,Home Office,Furniture,East
PP-18955,Paul Prost,2,3.52,0.0,1.69,0,10,34.09,Home Office,Office Supplies,East
PP-18955,Paul Prost,2,6.16,0.0,2.96,0,10,34.09,Home Office,Furniture,West
PP-18955,Paul Prost,9,2348.82,0.0,399.3,0,10,34.09,Home Office,Furniture,West
PP-18955,Paul Prost,2,5.9,0.2,1.99,0,10,34.09,Home Office,Office Supplies,East
PP-18955,Paul Prost,2,301.96,0.0,60.39,0,10,34.09,Home Office,Furniture,East
PP-18955,Paul Prost,3,15.24,0.0,5.18,0,10,34.09,Home Office,Furniture,West
PP-18955,Paul Prost,1,80.98,0.0,1.62,0,10,34.09,Home Office,Office Supplies,South
PP-18955,Paul Prost,9,348.84,0.0,170.93,0,10,34.09,Home Office,Office Supplies,South
PP-18955,Paul Prost,5,9.45,0.0,0.19,0,10,34.09,Home Office,Office Supplies,South
PP-18955,Paul Prost,3,18.84,0.0,7.16,0,10,34.09,Home Office,Furniture,South
PP-18955,Paul Prost,2,239.98,0.0,52.8,0,10,34.09,Home Office,Furniture,South
PP-18955,Paul Prost,2,167.96,0.0,78.94,0,10,34.09,Home Office,Office Supplies,South
PP-18955,Paul Prost,3,104.85,0.0,28.31,0,10,34.09,Home Office,Technology,South
PP-18955,Paul Prost,3,484.83,0.0,126.06,0,10,34.09,Home Office,Technology,South
PP-18955,Paul Prost,3,122.97,0.0,60.26,0,10,34.09,Home Office,Office Supplies,South
PP-18955,Paul Prost,3,154.44,0.0,1.54,0,10,34.09,Home Office,Office Supplies,South
PP-18955,Paul Prost,7,342.37,0.0,160.91,0,10,34.09,Home Office,Office Supplies,South
PP-18955,Paul Prost,4,9.22,0.2,3.34,0,10,34.09,Home Office,Office Supplies,East
PP-18955,Paul Prost,7,41.96,0.4,-9.79,0,10,34.09,Home Office,Technology,East
PP-18955,Paul Prost,2,89.57,0.2,32.47,0,10,34.09,Home Office,Office Supplies,East
PP-18955,Paul Prost,3,22.25,0.2,7.51,0,10,34.09,Home Office,Office Supplies,East
PP-18955,Paul Prost,4,334.88,0.2,29.3,0,10,34.09,Home Office,Office Supplies,East
PP-18955,Paul Prost,7,148.29,0.2,29.66,0,10,34.09,Home Office,Furniture,East
PP-18955,Paul Prost,1,4.62,0.2,1.68,0,10,34.09,Home Office,Office Supplies,East
PP-18955,Paul Prost,7,178.92,0.2,-29.07,0,10,34.09,Home Office,Technology,East
PP-18955,Paul Prost,7,69.89,0.7,-46.59,0,10,34.09,Home Office,Office Supplies,East
PP-18955,Paul Prost,7,706.86,0.0,197.92,0,10,34.09,Home Office,Office Supplies,Central
PP-18955,Paul Prost,5,114.95,0.0,2.3,0,10,34.09,Home Office,Technology,Central
PP-18955,Paul Prost,7,43.19,0.0,20.73,0,10,34.09,Home Office,Office Supplies,Central
PP-18955,Paul Prost,5,383.96,0.2,38.4,0,10,34.09,Home Office,Technology,South
PP-18955,Paul Prost,3,15.57,0.7,-11.42,0,10,34.09,Home Office,Office Supplies,South
PR-18880,Patrick Ryan,2,31.98,0.2,2.0,0,5,106.91,Consumer,Furniture,South
PR-18880,Patrick Ryan,2,67.36,0.2,10.1,0,5,106.91,Consumer,Furniture,South
PR-18880,Patrick Ryan,3,54.53,0.2,14.31,0,5,106.91,Consumer,Furniture,South
PR-18880,Patrick Ryan,3,158.38,0.2,13.86,0,5,106.91,Consumer,Technology,Central
PR-18880,Patrick Ryan,4,17.12,0.0,4.96,0,5,106.91,Consumer,Office Supplies,West
PR-18880,Patrick Ryan,4,431.97,0.2,37.8,0,5,106.91,Consumer,Technology,West
PR-18880,Patrick Ryan,4,129.92,0.0,10.39,0,5,106.91,Consumer,Furniture,West
PR-18880,Patrick Ryan,3,568.73,0.2,28.44,0,5,106.91,Consumer,Furniture,West
PR-18880,Patrick Ryan,9,117.14,0.2,42.46,0,5,106.91,Consumer,Office Supplies,West
PR-18880,Patrick Ryan,3,203.52,0.0,54.95,0,5,106.91,Consumer,Office Supplies,West
PR-18880,Patrick Ryan,5,51.75,0.0,24.84,0,5,106.91,Consumer,Office Supplies,West
PR-18880,Patrick Ryan,1,7.78,0.0,3.5,0,5,106.91,Consumer,Office Supplies,West
PS-18760,Pamela Stobb,2,36.54,0.2,11.88,0,6,59.35,Consumer,Office Supplies,Central
PS-18760,Pamela Stobb,1,105.69,0.3,-28.69,0,6,59.35,Consumer,Furniture,Central
PS-18760,Pamela Stobb,2,399.54,0.4,-79.91,0,6,59.35,Consumer,Technology,Central
PS-18760,Pamela Stobb,5,104.93,0.3,-4.5,0,6,59.35,Consumer,Furniture,Central
PS-18760,Pamela Stobb,1,11.21,0.0,3.36,0,6,59.35,Consumer,Office Supplies,East
PS-18760,Pamela Stobb,5,354.9,0.0,88.73,0,6,59.35,Consumer,Furniture,East
PS-18760,Pamela Stobb,3,17.94,0.0,8.79,0,6,59.35,Consumer,Office Supplies,East
PS-18760,Pamela Stobb,4,51.8,0.0,23.31,0,6,59.35,Consumer,Office Supplies,East
PS-18760,Pamela Stobb,1,18.97,0.0,9.11,0,6,59.35,Consumer,Office Supplies,West
PS-18760,Pamela Stobb,3,28.14,0.0,13.51,0,6,59.35,Consumer,Office Supplies,West
PS-18760,Pamela Stobb,2,7.38,0.0,3.47,0,6,59.35,Consumer,Office Supplies,West
PS-18760,Pamela Stobb,5,10.9,0.0,3.6,0,6,59.35,Consumer,Office Supplies,West
PS-18760,Pamela Stobb,11,274.89,0.0,46.73,0,6,59.35,Consumer,Technology,West
PS-18760,Pamela Stobb,8,23.04,0.0,11.29,0,6,59.35,Consumer,Office Supplies,West
PS-18760,Pamela Stobb,3,218.35,0.2,-19.11,0,6,59.35,Consumer,Furniture,West
PS-18760,Pamela Stobb,2,3.88,0.7,-2.59,0,6,59.35,Consumer,Office Supplies,East
PS-18760,Pamela Stobb,1,12.59,0.7,-18.04,0,6,59.35,Consumer,Technology,East
PS-18760,Pamela Stobb,2,113.37,0.3,-29.15,0,6,59.35,Consumer,Furniture,East
PS-18760,Pamela Stobb,4,18.31,0.7,-12.21,0,6,59.35,Consumer,Office Supplies,East
PS-18760,Pamela Stobb,8,127.94,0.2,4.8,0,6,59.35,Consumer,Furniture,East
PS-18760,Pamela Stobb,2,241.17,0.7,-168.82,0,6,59.35,Consumer,Technology,East
PS-18970,Paul Stevenson,2,106.96,0.0,31.02,0,8,107.17,Home Office,Office Supplies,West
PS-18970,Paul Stevenson,4,187.76,0.0,76.98,0,8,107.17,Home Office,Furniture,West
PS-18970,Paul Stevenson,5,213.12,0.3,-15.22,0,8,107.17,Home Office,Furniture,Central
PS-18970,Paul Stevenson,7,191.97,0.2,16.8,0,8,107.17,Home Office,Furniture,West
PS-18970,Paul Stevenson,2,17.48,0.0,8.22,0,8,107.17,Home Office,Office Supplies,South
PS-18970,Paul Stevenson,2,71.88,0.0,32.35,0,8,107.17,Home Office,Office Supplies,South
PS-18970,Paul Stevenson,5,8.0,0.0,3.44,0,8,107.17,Home Office,Office Supplies,East
PS-18970,Paul Stevenson,6,30.58,0.2,10.32,0,8,107.17,Home Office,Office Supplies,West
PS-18970,Paul Stevenson,7,13.02,0.0,0.39,0,8,107.17,Home Office,Office Supplies,West
PS-18970,Paul Stevenson,3,22.14,0.0,6.42,0,8,107.17,Home Office,Furniture,West
PS-18970,Paul Stevenson,4,359.32,0.0,7.19,0,8,107.17,Home Office,Office Supplies,West
PS-18970,Paul Stevenson,1,19.98,0.0,8.59,0,8,107.17,Home Office,Furniture,East
PS-18970,Paul Stevenson,4,36.44,0.0,12.03,0,8,107.17,Home Office,Office Supplies,Central
PS-19045,Penelope Sewall,2,122.48,0.0,0.0,0,7,72.5,Home Office,Office Supplies,South
PS-19045,Penelope Sewall,7,2244.48,0.0,493.79,0,7,72.5,Home Office,Furniture,South
PS-19045,Penelope Sewall,3,62.31,0.0,29.29,0,7,72.5,Home Office,Office Supplies,South
PS-19045,Penelope Sewall,2,455.1,0.0,100.12,0,7,72.5,Home Office,Furniture,South
PS-19045,Penelope Sewall,4,79.36,0.0,20.63,0,7,72.5,Home Office,Office Supplies,Central
PS-19045,Penelope Sewall,2,8.26,0.0,3.88,0,7,72.5,Home Office,Office Supplies,East
PS-19045,Penelope Sewall,2,29.84,0.0,13.43,0,7,72.5,Home Office,Office Supplies,East
PS-19045,Penelope Sewall,2,67.98,0.0,14.96,0,7,72.5,Home Office,Technology,East
PS-19045,Penelope Sewall,2,12.9,0.0,6.32,0,7,72.5,Home Office,Office Supplies,West
PS-19045,Penelope Sewall,7,348.21,0.2,30.47,0,7,72.5,Home Office,Office Supplies,South
PS-19045,Penelope Sewall,7,35.78,0.7,-28.63,0,7,72.5,Home Office,Office Supplies,South
PS-19045,Penelope Sewall,1,16.98,0.0,8.49,0,7,72.5,Home Office,Office Supplies,East
PS-19045,Penelope Sewall,6,3359.95,0.2,1049.98,0,7,72.5,Home Office,Technology,West
PT-19090,Pete Takahito,5,5.18,0.8,-8.03,0,4,189.0,Consumer,Office Supplies,Central
PT-19090,Pete Takahito,3,93.46,0.2,-17.52,0,4,189.0,Consumer,Office Supplies,Central
PT-19090,Pete Takahito,2,2.11,0.8,-3.38,0,4,189.0,Consumer,Office Supplies,Central
PT-19090,Pete Takahito,2,4.77,0.2,-0.77,0,4,189.0,Consumer,Office Supplies,South
PT-19090,Pete Takahito,1,6.67,0.2,2.5,0,4,189.0,Consumer,Office Supplies,South
PT-19090,Pete Takahito,2,4.45,0.2,1.11,0,4,189.0,Consumer,Office Supplies,South
PT-19090,Pete Takahito,4,43.94,0.2,6.04,0,4,189.0,Consumer,Furniture,South
PV-18985,Paul Van Hugh,3,512.36,0.3,-14.64,0,5,98.17,Home Office,Furniture,Central
PV-18985,Paul Van Hugh,2,3.49,0.2,0.57,0,5,98.17,Home Office,Office Supplies,Central
PV-18985,Paul Van Hugh,7,22.29,0.2,3.9,0,5,98.17,Home Office,Office Supplies,Central
PV-18985,Paul Van Hugh,3,16.03,0.2,5.61,0,5,98.17,Home Office,Office Supplies,Central
PV-18985,Paul Van Hugh,9,490.32,0.0,137.29,0,5,98.17,Home Office,Office Supplies,Central
PV-18985,Paul Van Hugh,4,7.04,0.0,2.04,0,5,98.17,Home Office,Office Supplies,West
PV-18985,Paul Van Hugh,3,8.73,0.0,4.1,0,5,98.17,Home Office,Furniture,West
PV-18985,Paul Van Hugh,1,29.29,0.0,9.67,0,5,98.17,Home Office,Technology,West
PV-18985,Paul Van Hugh,3,8.64,0.0,2.51,0,5,98.17,Home Office,Office Supplies,West
PV-18985,Paul Van Hugh,4,63.88,0.0,24.91,0,5,98.17,Home Office,Technology,East
PV-18985,Paul Van Hugh,1,26.72,0.0,11.76,0,5,98.17,Home Office,Furniture,East
PV-18985,Paul Van Hugh,5,112.12,0.2,42.04,0,5,98.17,Home Office,Office Supplies,West
PV-18985,Paul Van Hugh,7,1575.14,0.0,204.77,0,5,98.17,Home Office,Office Supplies,West
PW-19030,Pauline Webber,5,232.88,0.2,17.47,0,10,106.5,Corporate,Furniture,West
PW-19030,Pauline Webber,1,90.88,0.1,15.15,0,10,106.5,Corporate,Furniture,East
PW-19030,Pauline Webber,2,5.76,0.0,1.67,0,10,106.5,Corporate,Office Supplies,West
PW-19030,Pauline Webber,7,1091.93,0.0,272.98,0,10,106.5,Corporate,Technology,East
PW-19030,Pauline Webber,2,111.96,0.0,54.86,0,10,106.5,Corporate,Office Supplies,East
PW-19030,Pauline Webber,8,115.84,0.0,54.44,0,10,106.5,Corporate,Office Supplies,Central
PW-19030,Pauline Webber,3,197.97,0.0,53.45,0,10,106.5,Corporate,Technology,East
PW-19030,Pauline Webber,1,64.38,0.2,8.05,0,10,106.5,Corporate,Office Supplies,South
PW-19030,Pauline Webber,3,19.44,0.0,9.33,0,10,106.5,Corporate,Office Supplies,West
PW-19030,Pauline Webber,3,126.3,0.0,40.42,0,10,106.5,Corporate,Furniture,West
PW-19030,Pauline Webber,5,1287.45,0.0,244.62,0,10,106.5,Corporate,Technology,West
PW-19030,Pauline Webber,2,13.76,0.0,6.33,0,10,106.5,Corporate,Office Supplies,South
PW-19030,Pauline Webber,6,96.36,0.0,25.05,0,10,106.5,Corporate,Office Supplies,East
PW-19240,Pierre Wener,2,145.98,0.5,-99.27,0,7,61.27,Consumer,Furniture,West
PW-19240,Pierre Wener,4,35.81,0.2,12.53,0,7,61.27,Consumer,Office Supplies,West
PW-19240,Pierre Wener,2,2541.98,0.0,1270.99,0,7,61.27,Consumer,Office Supplies,East
PW-19240,Pierre Wener,2,408.42,0.3,-5.83,0,7,61.27,Consumer,Furniture,Central
PW-19240,Pierre Wener,2,307.98,0.0,89.31,0,7,61.27,Consumer,Technology,East
PW-19240,Pierre Wener,6,44.1,0.0,20.73,0,7,61.27,Consumer,Office Supplies,East
PW-19240,Pierre Wener,4,13.12,0.0,5.64,0,7,61.27,Consumer,Office Supplies,East
PW-19240,Pierre Wener,2,16.56,0.0,7.78,0,7,61.27,Consumer,Office Supplies,East
PW-19240,Pierre Wener,6,38.88,0.0,18.66,0,7,61.27,Consumer,Office Supplies,East
PW-19240,Pierre Wener,3,359.5,0.15,-29.61,0,7,61.27,Consumer,Furniture,West
PW-19240,Pierre Wener,3,2.21,0.7,-1.48,0,7,61.27,Consumer,Office Supplies,South
PW-19240,Pierre Wener,3,7.87,0.2,0.89,0,7,61.27,Consumer,Office Supplies,East
QJ-19255,Quincy Jones,6,126.62,0.2,41.15,0,9,113.25,Corporate,Office Supplies,East
QJ-19255,Quincy Jones,4,138.56,0.0,66.51,0,9,113.25,Corporate,Office Supplies,Central
QJ-19255,Quincy Jones,5,65.52,0.1,12.38,0,9,113.25,Corporate,Office Supplies,Central
QJ-19255,Quincy Jones,1,4.95,0.0,1.34,0,9,113.25,Corporate,Technology,East
QJ-19255,Quincy Jones,5,4404.9,0.0,1013.13,0,9,113.25,Corporate,Furniture,East
QJ-19255,Quincy Jones,4,13.57,0.2,3.22,0,9,113.25,Corporate,Office Supplies,Central
QJ-19255,Quincy Jones,7,232.96,0.0,116.48,0,9,113.25,Corporate,Office Supplies,South
QJ-19255,Quincy Jones,6,66.54,0.0,32.6,0,9,113.25,Corporate,Office Supplies,South
QJ-19255,Quincy Jones,3,43.26,0.0,14.28,0,9,113.25,Corporate,Office Supplies,South
QJ-19255,Quincy Jones,5,114.95,0.0,2.3,0,9,113.25,Corporate,Technology,Central
QJ-19255,Quincy Jones,5,677.58,0.4,-158.1,0,9,113.25,Corporate,Technology,East
QJ-19255,Quincy Jones,3,13.9,0.7,-9.26,0,9,113.25,Corporate,Office Supplies,East
QJ-19255,Quincy Jones,7,205.03,0.0,67.66,0,9,113.25,Corporate,Technology,East
RA-19285,Ralph Arnett,1,2.92,0.2,0.36,0,9,69.25,Consumer,Office Supplies,Central
RA-19285,Ralph Arnett,4,11.36,0.0,5.57,0,9,69.25,Consumer,Office Supplies,Central
RA-19285,Ralph Arnett,7,55.94,0.2,-13.29,0,9,69.25,Consumer,Technology,South
RA-19285,Ralph Arnett,2,10.69,0.2,2.27,0,9,69.25,Consumer,Office Supplies,South
RA-19285,Ralph Arnett,2,11.82,0.2,1.03,0,9,69.25,Consumer,Technology,South
RA-19285,Ralph Arnett,5,1199.96,0.2,224.99,0,9,69.25,Consumer,Technology,West
RA-19285,Ralph Arnett,3,12.6,0.0,6.17,0,9,69.25,Consumer,Office Supplies,West
RA-19285,Ralph Arnett,3,17.94,0.0,8.07,0,9,69.25,Consumer,Office Supplies,West
RA-19285,Ralph Arnett,5,3.98,0.8,-6.57,0,9,69.25,Consumer,Office Supplies,Central
RA-19285,Ralph Arnett,7,248.57,0.0,67.11,0,9,69.25,Consumer,Office Supplies,East
RA-19285,Ralph Arnett,1,22.23,0.0,9.78,0,9,69.25,Consumer,Furniture,East
RA-19285,Ralph Arnett,2,487.98,0.2,152.49,0,9,69.25,Consumer,Office Supplies,West
RA-19285,Ralph Arnett,1,5.56,0.2,1.74,0,9,69.25,Consumer,Technology,West
RA-19285,Ralph Arnett,5,217.85,0.0,65.35,0,9,69.25,Consumer,Office Supplies,West
RA-19285,Ralph Arnett,3,37.39,0.2,2.34,0,9,69.25,Consumer,Office Supplies,East
RA-19285,Ralph Arnett,5,79.12,0.2,13.85,0,9,69.25,Consumer,Furniture,East
RA-19285,Ralph Arnett,2,191.98,0.2,4.8,0,9,69.25,Consumer,Furniture,East
RA-19885,Ruben Ausman,8,1215.92,0.0,316.14,0,7,94.21,Corporate,Furniture,South
RA-19885,Ruben Ausman,3,16.23,0.0,7.95,0,7,94.21,Corporate,Office Supplies,South
RA-19885,Ruben Ausman,5,319.9,0.0,156.75,0,7,94.21,Corporate,Office Supplies,South
RA-19885,Ruben Ausman,2,11.36,0.0,5.34,0,7,94.21,Corporate,Office Supplies,South
RA-19885,Ruben Ausman,3,675.12,0.0,290.3,0,7,94.21,Corporate,Office Supplies,South
RA-19885,Ruben Ausman,2,4.61,0.2,1.67,0,7,94.21,Corporate,Office Supplies,South
RA-19885,Ruben Ausman,2,77.88,0.0,3.89,0,7,94.21,Corporate,Office Supplies,West
RA-19885,Ruben Ausman,6,71.88,0.0,33.06,0,7,94.21,Corporate,Office Supplies,West
RA-19885,Ruben Ausman,3,9.24,0.0,2.96,0,7,94.21,Corporate,Furniture,West
RA-19885,Ruben Ausman,6,35.88,0.0,16.15,0,7,94.21,Corporate,Office Supplies,West
RA-19885,Ruben Ausman,3,17.04,0.2,5.54,0,7,94.21,Corporate,Office Supplies,West
RA-19885,Ruben Ausman,3,931.18,0.2,314.27,0,7,94.21,Corporate,Office Supplies,West
RA-19885,Ruben Ausman,1,159.99,0.0,54.4,0,7,94.21,Corporate,Technology,West
RA-19885,Ruben Ausman,1,79.99,0.0,28.8,0,7,94.21,Corporate,Technology,South
RA-19885,Ruben Ausman,5,206.1,0.0,55.65,0,7,94.21,Corporate,Technology,South
RA-19915,Russell Applegate,4,5.25,0.2,1.64,0,9,60.33,Consumer,Office Supplies,Central
RA-19915,Russell Applegate,1,48.94,0.0,24.47,0,9,60.33,Consumer,Office Supplies,East
RA-19915,Russell Applegate,3,43.18,0.2,4.32,0,9,60.33,Consumer,Office Supplies,West
RA-19915,Russell Applegate,4,1983.97,0.2,248.0,0,9,60.33,Consumer,Technology,West
RA-19915,Russell Applegate,3,8.65,0.8,-20.33,0,9,60.33,Consumer,Office Supplies,Central
RA-19915,Russell Applegate,3,23.83,0.2,2.68,0,9,60.33,Consumer,Office Supplies,Central
RA-19915,Russell Applegate,4,12.18,0.8,-18.87,0,9,60.33,Consumer,Office Supplies,Central
RA-19915,Russell Applegate,5,2.88,0.8,-4.46,0,9,60.33,Consumer,Office Supplies,Central
RA-19915,Russell Applegate,4,384.94,0.3,-126.48,0,9,60.33,Consumer,Furniture,Central
RA-19915,Russell Applegate,2,153.58,0.2,13.44,0,9,60.33,Consumer,Technology,Central
RA-19915,Russell Applegate,5,913.43,0.3,-52.2,0,9,60.33,Consumer,Furniture,Central
RA-19915,Russell Applegate,7,63.77,0.0,28.7,0,9,60.33,Consumer,Office Supplies,Central
RA-19915,Russell Applegate,3,50.97,0.0,13.25,0,9,60.33,Consumer,Technology,Central
RA-19915,Russell Applegate,2,96.08,0.0,46.12,0,9,60.33,Consumer,Office Supplies,Central
RA-19915,Russell Applegate,5,118.25,0.0,34.29,0,9,60.33,Consumer,Office Supplies,South
RA-19915,Russell Applegate,3,368.97,0.0,81.17,0,9,60.33,Consumer,Furniture,South
RA-19915,Russell Applegate,3,200.06,0.2,12.5,0,9,60.33,Consumer,Office Supplies,Central
RA-19915,Russell Applegate,5,21.38,0.8,-33.14,0,9,60.33,Consumer,Office Supplies,Central
RA-19915,Russell Applegate,4,6.74,0.8,-11.46,0,9,60.33,Consumer,Office Supplies,Central
RA-19915,Russell Applegate,2,46.67,0.2,16.34,0,9,60.33,Consumer,Office Supplies,West
RA-19915,Russell Applegate,1,119.83,0.15,-12.69,0,9,60.33,Consumer,Furniture,West
RA-19915,Russell Applegate,2,119.98,0.0,57.59,0,9,60.33,Consumer,Technology,West
RA-19945,Ryan Akin,2,29.81,0.2,10.81,0,5,144.75,Consumer,Office Supplies,South
RA-19945,Ryan Akin,4,505.18,0.7,-336.78,0,5,144.75,Consumer,Office Supplies,South
RA-19945,Ryan Akin,3,174.06,0.45,-110.76,0,5,144.75,Consumer,Furniture,South
RA-19945,Ryan Akin,3,484.65,0.0,92.08,0,5,144.75,Consumer,Office Supplies,West
RA-19945,Ryan Akin,2,25.49,0.2,4.46,0,5,144.75,Consumer,Technology,East
RA-19945,Ryan Akin,3,146.35,0.2,-32.93,0,5,144.75,Consumer,Office Supplies,West
RA-19945,Ryan Akin,2,16.19,0.6,-8.5,0,5,144.75,Consumer,Furniture,Central
RA-19945,Ryan Akin,2,251.01,0.3,-68.13,0,5,144.75,Consumer,Furniture,Central
RA-19945,Ryan Akin,6,54.19,0.2,4.06,0,5,144.75,Consumer,Office Supplies,Central
RB-19330,Randy Bradley,2,12.45,0.2,3.89,0,2,214.2,Consumer,Office Supplies,East
RB-19330,Randy Bradley,5,657.93,0.3,-93.99,0,2,214.2,Consumer,Furniture,East
RB-19330,Randy Bradley,3,9.76,0.8,-15.13,0,2,214.2,Consumer,Office Supplies,Central
RB-19330,Randy Bradley,1,13.72,0.2,1.2,0,2,214.2,Consumer,Office Supplies,Central
RB-19330,Randy Bradley,1,55.2,0.2,-2.07,0,2,214.2,Consumer,Technology,Central
RB-19330,Randy Bradley,4,259.14,0.2,-58.31,0,2,214.2,Consumer,Office Supplies,Central
RB-19360,Raymond Buch,3,59.52,0.0,15.48,0,6,31.88,Consumer,Office Supplies,East
RB-19360,Raymond Buch,3,161.94,0.0,9.72,0,6,31.88,Consumer,Office Supplies,East
RB-19360,Raymond Buch,6,263.88,0.0,71.25,0,6,31.88,Consumer,Office Supplies,East
RB-19360,Raymond Buch,3,30.48,0.0,7.92,0,6,31.88,Consumer,Office Supplies,East
RB-19360,Raymond Buch,3,9.84,0.0,2.85,0,6,31.88,Consumer,Office Supplies,East
RB-19360,Raymond Buch,4,35.12,0.0,9.13,0,6,31.88,Consumer,Technology,East
RB-19360,Raymond Buch,3,11.28,0.7,-8.65,0,6,31.88,Consumer,Office Supplies,South
RB-19360,Raymond Buch,2,4.45,0.2,0.33,0,6,31.88,Consumer,Office Supplies,South
RB-19360,Raymond Buch,3,44.76,0.2,14.55,0,6,31.88,Consumer,Furniture,South
RB-19360,Raymond Buch,3,110.38,0.2,12.42,0,6,31.88,Consumer,Technology,West
RB-19360,Raymond Buch,7,151.62,0.0,50.03,0,6,31.88,Consumer,Office Supplies,West
RB-19360,Raymond Buch,4,30.8,0.0,10.16,0,6,31.88,Consumer,Furniture,West
RB-19360,Raymond Buch,2,32.48,0.0,4.87,0,6,31.88,Consumer,Office Supplies,West
RB-19360,Raymond Buch,3,20.04,0.0,9.62,0,6,31.88,Consumer,Office Supplies,West
RB-19360,Raymond Buch,4,13999.96,0.0,6719.98,0,6,31.88,Consumer,Technology,West
RB-19360,Raymond Buch,7,20.23,0.0,9.51,0,6,31.88,Consumer,Office Supplies,Central
RB-19360,Raymond Buch,5,119.96,0.2,35.99,0,6,31.88,Consumer,Technology,East
RB-19360,Raymond Buch,6,10.61,0.2,0.93,0,6,31.88,Consumer,Office Supplies,East
RB-19435,Richard Bierner,3,7.98,0.0,2.07,0,8,91.4,Consumer,Office Supplies,West
RB-19435,Richard Bierner,2,101.99,0.7,-71.4,0,8,91.4,Consumer,Technology,East
RB-19435,Richard Bierner,2,18.26,0.7,-13.39,0,8,91.4,Consumer,Office Supplies,East
RB-19435,Richard Bierner,7,111.79,0.0,43.6,0,8,91.4,Consumer,Technology,Central
RB-19435,Richard Bierner,5,539.92,0.2,47.24,0,8,91.4,Consumer,Technology,West
RB-19435,Richard Bierner,4,725.34,0.2,54.4,0,8,91.4,Consumer,Furniture,West
RB-19435,Richard Bierner,3,7.44,0.0,2.6,0,8,91.4,Consumer,Office Supplies,West
RB-19435,Richard Bierner,6,212.64,0.0,99.94,0,8,91.4,Consumer,Office Supplies,West
RB-19435,Richard Bierner,3,9.87,0.0,4.54,0,8,91.4,Consumer,Office Supplies,West
RB-19435,Richard Bierner,3,53.25,0.0,20.77,0,8,91.4,Consumer,Technology,West
RB-19435,Richard Bierner,3,19.92,0.0,9.56,0,8,91.4,Consumer,Furniture,West
RB-19435,Richard Bierner,4,32.78,0.8,-85.24,0,8,91.4,Consumer,Office Supplies,Central
RB-19435,Richard Bierner,7,22.96,0.0,6.66,0,8,91.4,Consumer,Office Supplies,South
RB-19435,Richard Bierner,5,40.2,0.0,18.09,0,8,91.4,Consumer,Office Supplies,East
RB-19435,Richard Bierner,2,735.98,0.0,331.19,0,8,91.4,Consumer,Office Supplies,East
RB-19435,Richard Bierner,7,22.75,0.0,6.6,0,8,91.4,Consumer,Office Supplies,East
RB-19465,Rick Bensley,2,574.91,0.3,156.05,0,12,62.64,Home Office,Technology,Central
RB-19465,Rick Bensley,2,8.45,0.2,2.64,0,12,62.64,Home Office,Office Supplies,Central
RB-19465,Rick Bensley,5,429.9,0.0,111.77,0,12,62.64,Home Office,Furniture,Central
RB-19465,Rick Bensley,2,32.06,0.0,15.39,0,12,62.64,Home Office,Office Supplies,Central
RB-19465,Rick Bensley,2,161.96,0.0,45.35,0,12,62.64,Home Office,Furniture,Central
RB-19465,Rick Bensley,2,19.86,0.0,5.76,0,12,62.64,Home Office,Office Supplies,Central
RB-19465,Rick Bensley,5,199.75,0.0,87.89,0,12,62.64,Home Office,Technology,East
RB-19465,Rick Bensley,4,93.25,0.2,31.47,0,12,62.64,Home Office,Office Supplies,South
RB-19465,Rick Bensley,3,177.48,0.2,19.97,0,12,62.64,Home Office,Technology,South
RB-19465,Rick Bensley,5,1049.2,0.0,272.79,0,12,62.64,Home Office,Furniture,West
RB-19465,Rick Bensley,4,15.42,0.2,5.01,0,12,62.64,Home Office,Office Supplies,West
RB-19465,Rick Bensley,5,25.4,0.0,8.64,0,12,62.64,Home Office,Furniture,West
RB-19465,Rick Bensley,3,177.48,0.2,19.97,0,12,62.64,Home Office,Technology,West
RB-19465,Rick Bensley,3,71.98,0.2,9.0,0,12,62.64,Home Office,Technology,West
RB-19465,Rick Bensley,9,815.29,0.4,-339.71,0,12,62.64,Home Office,Furniture,East
RB-19465,Rick Bensley,7,64.62,0.2,22.62,0,12,62.64,Home Office,Office Supplies,Central
RB-19465,Rick Bensley,3,95.98,0.2,-10.8,0,12,62.64,Home Office,Technology,Central
RB-19465,Rick Bensley,3,1.79,0.8,-3.04,0,12,62.64,Home Office,Office Supplies,Central
RB-19465,Rick Bensley,2,487.96,0.0,146.39,0,12,62.64,Home Office,Furniture,Central
RB-19465,Rick Bensley,5,24.55,0.0,12.03,0,12,62.64,Home Office,Office Supplies,East
RB-19465,Rick Bensley,2,13.36,0.0,6.41,0,12,62.64,Home Office,Office Supplies,West
RB-19465,Rick Bensley,5,158.9,0.0,7.94,0,12,62.64,Home Office,Office Supplies,West
RB-19465,Rick Bensley,2,15.92,0.0,7.0,0,12,62.64,Home Office,Furniture,Central
RB-19570,Rob Beeghly,2,30.34,0.6,-31.86,0,5,73.25,Consumer,Furniture,Central
RB-19570,Rob Beeghly,4,198.74,0.3,0.0,0,5,73.25,Consumer,Furniture,Central
RB-19570,Rob Beeghly,5,21.4,0.0,10.06,0,5,73.25,Consumer,Office Supplies,West
RB-19570,Rob Beeghly,7,48.66,0.2,15.82,0,5,73.25,Consumer,Office Supplies,West
RB-19570,Rob Beeghly,1,21.74,0.2,7.34,0,5,73.25,Consumer,Office Supplies,South
RB-19570,Rob Beeghly,5,7.92,0.2,0.69,0,5,73.25,Consumer,Technology,South
RB-19570,Rob Beeghly,3,61.44,0.0,16.59,0,5,73.25,Consumer,Office Supplies,Central
RB-19570,Rob Beeghly,5,38.9,0.0,17.5,0,5,73.25,Consumer,Office Supplies,Central
RB-19570,Rob Beeghly,3,99.39,0.0,40.75,0,5,73.25,Consumer,Technology,Central
RB-19645,Robert Barroso,2,49.57,0.2,17.35,0,5,96.17,Corporate,Office Supplies,West
RB-19645,Robert Barroso,2,8.29,0.2,2.69,0,5,96.17,Corporate,Office Supplies,West
RB-19645,Robert Barroso,2,9.96,0.0,4.88,0,5,96.17,Corporate,Office Supplies,South
RB-19645,Robert Barroso,8,55.94,0.2,18.88,0,5,96.17,Corporate,Office Supplies,South
RB-19645,Robert Barroso,8,18.43,0.2,5.99,0,5,96.17,Corporate,Office Supplies,South
RB-19645,Robert Barroso,5,20.32,0.2,3.56,0,5,96.17,Corporate,Furniture,South
RB-19645,Robert Barroso,2,58.58,0.0,19.33,0,5,96.17,Corporate,Technology,West
RB-19705,Roger Barcio,4,16.52,0.0,7.6,0,4,134.5,Home Office,Office Supplies,East
RB-19705,Roger Barcio,3,275.06,0.3,-90.38,0,4,134.5,Home Office,Furniture,Central
RB-19705,Roger Barcio,3,1079.85,0.0,323.95,0,4,134.5,Home Office,Technology,East
RB-19705,Roger Barcio,1,70.98,0.0,3.55,0,4,134.5,Home Office,Office Supplies,East
RB-19705,Roger Barcio,5,29.95,0.0,8.69,0,4,134.5,Home Office,Office Supplies,East
RB-19705,Roger Barcio,5,589.41,0.1,-6.55,0,4,134.5,Home Office,Furniture,East
RB-19705,Roger Barcio,1,5.68,0.7,-3.79,0,4,134.5,Home Office,Office Supplies,West
RB-19795,Ross Baird,2,15.28,0.0,7.49,0,8,74.94,Home Office,Office Supplies,Central
RB-19795,Ross Baird,4,25.18,0.7,-18.46,0,8,74.94,Home Office,Office Supplies,East
RB-19795,Ross Baird,2,189.59,0.7,-145.35,0,8,74.94,Home Office,Office Supplies,South
RB-19795,Ross Baird,7,408.74,0.2,76.64,0,8,74.94,Home Office,Technology,South
RB-19795,Ross Baird,5,291.96,0.2,54.74,0,8,74.94,Home Office,Technology,South
RB-19795,Ross Baird,2,4.77,0.2,-0.77,0,8,74.94,Home Office,Office Supplies,South
RB-19795,Ross Baird,7,22.05,0.0,10.58,0,8,74.94,Home Office,Office Supplies,West
RB-19795,Ross Baird,5,99.9,0.0,46.95,0,8,74.94,Home Office,Office Supplies,West
RB-19795,Ross Baird,3,27.88,0.7,-20.45,0,8,74.94,Home Office,Office Supplies,South
RB-19795,Ross Baird,3,540.05,0.2,-47.25,0,8,74.94,Home Office,Office Supplies,South
RB-19795,Ross Baird,8,255.68,0.2,76.7,0,8,74.94,Home Office,Technology,South
RB-19795,Ross Baird,8,58.48,0.0,27.49,0,8,74.94,Home Office,Office Supplies,West
RB-19795,Ross Baird,2,63.82,0.2,13.56,0,8,74.94,Home Office,Technology,West
RB-19795,Ross Baird,7,516.49,0.2,-12.91,0,8,74.94,Home Office,Furniture,East
RB-19795,Ross Baird,6,1007.23,0.2,75.54,0,8,74.94,Home Office,Furniture,East
RB-19795,Ross Baird,12,2065.32,0.4,-619.6,0,8,74.94,Home Office,Furniture,East
RB-19795,Ross Baird,3,15.55,0.2,5.44,0,8,74.94,Home Office,Office Supplies,East
RB-19795,Ross Baird,6,25.34,0.2,7.92,0,8,74.94,Home Office,Office Supplies,East
RC-19825,Roy Collins,2,24.56,0.0,6.88,0,6,83.56,Consumer,Office Supplies,South
RC-19825,Roy Collins,1,181.8,0.3,-15.58,0,6,83.56,Consumer,Furniture,East
RC-19825,Roy Collins,4,328.22,0.2,28.72,0,6,83.56,Consumer,Technology,Central
RC-19825,Roy Collins,7,46.76,0.0,22.44,0,6,83.56,Consumer,Office Supplies,West
RC-19825,Roy Collins,3,17.71,0.2,6.42,0,6,83.56,Consumer,Office Supplies,West
RC-19825,Roy Collins,2,21.78,0.0,5.66,0,6,83.56,Consumer,Office Supplies,West
RC-19825,Roy Collins,3,161.94,0.0,9.72,0,6,83.56,Consumer,Office Supplies,West
RC-19825,Roy Collins,2,161.57,0.2,-8.08,0,6,83.56,Consumer,Furniture,West
RC-19825,Roy Collins,3,10.74,0.0,5.26,0,6,83.56,Consumer,Office Supplies,South
RC-19825,Roy Collins,2,11.33,0.2,2.55,0,6,83.56,Consumer,Office Supplies,West
RC-19960,Ryan Crowe,14,40.1,0.2,14.53,0,6,111.3,Consumer,Office Supplies,East
RC-19960,Ryan Crowe,2,4.72,0.2,1.65,0,6,111.3,Consumer,Office Supplies,East
RC-19960,Ryan Crowe,3,23.98,0.2,7.49,0,6,111.3,Consumer,Office Supplies,East
RC-19960,Ryan Crowe,6,130.46,0.2,44.03,0,6,111.3,Consumer,Office Supplies,East
RC-19960,Ryan Crowe,3,53.42,0.2,4.67,0,6,111.3,Consumer,Office Supplies,West
RC-19960,Ryan Crowe,1,275.49,0.5,-170.8,0,6,111.3,Consumer,Furniture,West
RC-19960,Ryan Crowe,2,99.57,0.2,33.6,0,6,111.3,Consumer,Office Supplies,Central
RC-19960,Ryan Crowe,7,35.56,0.0,16.71,0,6,111.3,Consumer,Office Supplies,Central
RC-19960,Ryan Crowe,2,97.98,0.0,27.43,0,6,111.3,Consumer,Technology,Central
RC-19960,Ryan Crowe,3,89.97,0.0,25.19,0,6,111.3,Consumer,Technology,East
RC-19960,Ryan Crowe,1,34.5,0.2,6.04,0,6,111.3,Consumer,Furniture,South
RD-19480,Rick Duston,2,68.48,0.2,25.68,0,8,87.79,Consumer,Office Supplies,East
RD-19480,Rick Duston,6,1676.88,0.0,83.84,0,8,87.79,Consumer,Office Supplies,East
RD-19480,Rick Duston,4,201.57,0.2,22.68,0,8,87.79,Consumer,Technology,West
RD-19480,Rick Duston,2,8.1,0.2,2.73,0,8,87.79,Consumer,Office Supplies,West
RD-19480,Rick Duston,3,128.4,0.0,64.2,0,8,87.79,Consumer,Office Supplies,Central
RD-19480,Rick Duston,3,17.31,0.0,5.19,0,8,87.79,Consumer,Furniture,Central
RD-19480,Rick Duston,2,8.29,0.2,3.0,0,8,87.79,Consumer,Office Supplies,West
RD-19480,Rick Duston,9,1123.13,0.2,70.2,0,8,87.79,Consumer,Technology,West
RD-19480,Rick Duston,5,64.9,0.0,18.82,0,8,87.79,Consumer,Office Supplies,West
RD-19480,Rick Duston,3,218.35,0.2,0.0,0,8,87.79,Consumer,Furniture,West
RD-19480,Rick Duston,5,529.9,0.0,105.98,0,8,87.79,Consumer,Furniture,West
RD-19480,Rick Duston,10,99.3,0.0,41.71,0,8,87.79,Consumer,Office Supplies,West
RD-19480,Rick Duston,2,108.96,0.0,30.51,0,8,87.79,Consumer,Office Supplies,West
RD-19480,Rick Duston,1,2.69,0.2,0.84,0,8,87.79,Consumer,Office Supplies,West
RD-19480,Rick Duston,3,16.68,0.2,5.21,0,8,87.79,Consumer,Technology,Central
RD-19585,Rob Dowd,3,15.84,0.0,7.13,0,10,66.0,Consumer,Office Supplies,South
RD-19585,Rob Dowd,7,1049.93,0.0,293.98,0,10,66.0,Consumer,Technology,South
RD-19585,Rob Dowd,5,154.9,0.0,40.27,0,10,66.0,Consumer,Office Supplies,South
RD-19585,Rob Dowd,3,36.84,0.0,17.31,0,10,66.0,Consumer,Office Supplies,West
RD-19585,Rob Dowd,7,87.71,0.0,41.22,0,10,66.0,Consumer,Office Supplies,West
RD-19585,Rob Dowd,1,79.99,0.0,28.8,0,10,66.0,Consumer,Technology,East
RD-19585,Rob Dowd,1,10.67,0.0,4.91,0,10,66.0,Consumer,Office Supplies,South
RD-19585,Rob Dowd,3,36.63,0.0,9.89,0,10,66.0,Consumer,Office Supplies,South
RD-19585,Rob Dowd,5,24.1,0.0,9.16,0,10,66.0,Consumer,Furniture,South
RD-19585,Rob Dowd,7,33.11,0.0,12.91,0,10,66.0,Consumer,Furniture,South
RD-19585,Rob Dowd,4,263.96,0.0,76.55,0,10,66.0,Consumer,Technology,Central
RD-19585,Rob Dowd,3,494.38,0.2,49.44,0,10,66.0,Consumer,Technology,West
RD-19585,Rob Dowd,5,29.2,0.2,9.85,0,10,66.0,Consumer,Office Supplies,West
RD-19585,Rob Dowd,5,248.85,0.0,27.37,0,10,66.0,Consumer,Technology,West
RD-19585,Rob Dowd,1,36.24,0.0,15.22,0,10,66.0,Consumer,Technology,West
RD-19585,Rob Dowd,3,49.44,0.0,24.23,0,10,66.0,Consumer,Office Supplies,Central
RD-19585,Rob Dowd,2,5.22,0.0,2.4,0,10,66.0,Consumer,Office Supplies,East
RD-19585,Rob Dowd,4,167.97,0.2,62.99,0,10,66.0,Consumer,Technology,Central
RD-19585,Rob Dowd,4,87.92,0.0,0.88,0,10,66.0,Consumer,Office Supplies,West
RD-19660,Robert Dilbeck,3,40.74,0.0,0.41,0,5,219.75,Home Office,Office Supplies,West
RD-19660,Robert Dilbeck,8,454.27,0.2,-73.82,0,5,219.75,Home Office,Furniture,West
RD-19660,Robert Dilbeck,4,697.16,0.0,146.4,0,5,219.75,Home Office,Furniture,Central
RD-19660,Robert Dilbeck,5,16.52,0.2,5.37,0,5,219.75,Home Office,Office Supplies,East
RD-19660,Robert Dilbeck,3,1577.94,0.0,757.41,0,5,219.75,Home Office,Office Supplies,Central
RD-19720,Roger Demir,6,89.71,0.2,30.28,0,10,65.16,Consumer,Office Supplies,West
RD-19720,Roger Demir,3,22.83,0.0,10.73,0,10,65.16,Consumer,Office Supplies,West
RD-19720,Roger Demir,3,4.46,0.2,-0.95,0,10,65.16,Consumer,Office Supplies,West
RD-19720,Roger Demir,5,9.35,0.7,-6.54,0,10,65.16,Consumer,Office Supplies,West
RD-19720,Roger Demir,7,34.86,0.0,16.04,0,10,65.16,Consumer,Office Supplies,East
RD-19720,Roger Demir,6,89.34,0.0,24.12,0,10,65.16,Consumer,Furniture,East
RD-19720,Roger Demir,6,50.88,0.2,14.63,0,10,65.16,Consumer,Technology,South
RD-19720,Roger Demir,2,27.31,0.2,9.22,0,10,65.16,Consumer,Office Supplies,South
RD-19720,Roger Demir,2,11.96,0.0,5.86,0,10,65.16,Consumer,Office Supplies,West
RD-19720,Roger Demir,1,38.43,0.2,13.45,0,10,65.16,Consumer,Office Supplies,Central
RD-19720,Roger Demir,2,21.57,0.2,1.62,0,10,65.16,Consumer,Office Supplies,Central
RD-19720,Roger Demir,3,81.58,0.2,2.04,0,10,65.16,Consumer,Technology,Central
RD-19720,Roger Demir,3,268.7,0.2,6.72,0,10,65.16,Consumer,Furniture,West
RD-19720,Roger Demir,8,21.92,0.0,5.92,0,10,65.16,Consumer,Office Supplies,West
RD-19720,Roger Demir,3,48.72,0.0,7.31,0,10,65.16,Consumer,Office Supplies,West
RD-19720,Roger Demir,2,205.67,0.15,-12.1,0,10,65.16,Consumer,Furniture,West
RD-19720,Roger Demir,2,238.0,0.0,38.08,0,10,65.16,Consumer,Technology,East
RD-19720,Roger Demir,2,61.96,0.0,27.88,0,10,65.16,Consumer,Office Supplies,East
RD-19720,Roger Demir,5,81.4,0.0,21.16,0,10,65.16,Consumer,Office Supplies,Central
RD-19720,Roger Demir,7,11.09,0.7,-8.13,0,10,65.16,Consumer,Office Supplies,East
RD-19810,Ross DeVincentis,2,10.37,0.2,3.63,0,8,76.4,Home Office,Office Supplies,South
RD-19810,Ross DeVincentis,3,11.95,0.2,4.03,0,8,76.4,Home Office,Office Supplies,South
RD-19810,Ross DeVincentis,3,146.82,0.0,73.41,0,8,76.4,Home Office,Office Supplies,West
RD-19810,Ross DeVincentis,5,32.4,0.0,15.55,0,8,76.4,Home Office,Office Supplies,East
RD-19810,Ross DeVincentis,8,8.61,0.8,-13.34,0,8,76.4,Home Office,Office Supplies,Central
RD-19810,Ross DeVincentis,5,159.56,0.2,33.91,0,8,76.4,Home Office,Technology,Central
RD-19810,Ross DeVincentis,6,17.18,0.2,6.23,0,8,76.4,Home Office,Office Supplies,East
RD-19810,Ross DeVincentis,1,5.18,0.2,1.81,0,8,76.4,Home Office,Office Supplies,Central
RD-19810,Ross DeVincentis,2,65.58,0.2,23.77,0,8,76.4,Home Office,Office Supplies,Central
RD-19810,Ross DeVincentis,1,22.2,0.6,-26.08,0,8,76.4,Home Office,Furniture,Central
RD-19810,Ross DeVincentis,5,419.4,0.2,146.79,0,8,76.4,Home Office,Office Supplies,Central
RD-19810,Ross DeVincentis,7,105.98,0.0,4.24,0,8,76.4,Home Office,Office Supplies,South
RD-19810,Ross DeVincentis,2,35.06,0.0,10.52,0,8,76.4,Home Office,Office Supplies,South
RD-19810,Ross DeVincentis,1,33.94,0.0,9.16,0,8,76.4,Home Office,Furniture,South
RD-19810,Ross DeVincentis,8,30.0,0.0,14.4,0,8,76.4,Home Office,Office Supplies,South
RD-19810,Ross DeVincentis,4,33.38,0.2,10.43,0,8,76.4,Home Office,Office Supplies,East
RD-19900,Ruben Dartt,2,26.7,0.0,7.48,0,9,62.55,Consumer,Office Supplies,Central
RD-19900,Ruben Dartt,5,40.2,0.0,18.09,0,9,62.55,Consumer,Office Supplies,Central
RD-19900,Ruben Dartt,3,13.89,0.0,4.58,0,9,62.55,Consumer,Office Supplies,Central
RD-19900,Ruben Dartt,6,689.82,0.0,20.69,0,9,62.55,Consumer,Office Supplies,Central
RD-19900,Ruben Dartt,8,601.54,0.2,60.15,0,9,62.55,Consumer,Technology,West
RD-19900,Ruben Dartt,1,10.99,0.0,4.29,0,9,62.55,Consumer,Technology,West
RD-19900,Ruben Dartt,2,39.88,0.0,11.17,0,9,62.55,Consumer,Furniture,West
RD-19900,Ruben Dartt,8,62.24,0.0,28.01,0,9,62.55,Consumer,Office Supplies,West
RD-19900,Ruben Dartt,5,53.2,0.0,14.9,0,9,62.55,Consumer,Furniture,West
RD-19900,Ruben Dartt,8,39.84,0.0,18.33,0,9,62.55,Consumer,Office Supplies,West
RD-19900,Ruben Dartt,1,47.5,0.2,-1.19,0,9,62.55,Consumer,Technology,East
RD-19900,Ruben Dartt,2,15.98,0.2,1.2,0,9,62.55,Consumer,Technology,West
RD-19900,Ruben Dartt,1,20.24,0.0,7.89,0,9,62.55,Consumer,Furniture,West
RD-19900,Ruben Dartt,4,93.68,0.0,25.29,0,9,62.55,Consumer,Office Supplies,West
RD-19900,Ruben Dartt,3,21.93,0.0,10.31,0,9,62.55,Consumer,Office Supplies,West
RD-19900,Ruben Dartt,7,862.34,0.2,97.01,0,9,62.55,Consumer,Technology,West
RD-19900,Ruben Dartt,1,19.98,0.0,9.39,0,9,62.55,Consumer,Office Supplies,West
RD-19900,Ruben Dartt,3,127.95,0.0,21.75,0,9,62.55,Consumer,Furniture,Central
RD-19900,Ruben Dartt,5,28.4,0.0,13.35,0,9,62.55,Consumer,Office Supplies,West
RD-19900,Ruben Dartt,3,37.68,0.2,2.36,0,9,62.55,Consumer,Office Supplies,West
RD-19900,Ruben Dartt,7,279.94,0.2,80.48,0,9,62.55,Consumer,Technology,West
RD-19930,Russell D'Ascenzo,3,4.34,0.2,0.87,0,4,126.89,Consumer,Office Supplies,Central
RD-19930,Russell D'Ascenzo,3,31.78,0.6,-19.07,0,4,126.89,Consumer,Furniture,Central
RD-19930,Russell D'Ascenzo,2,4.93,0.2,1.72,0,4,126.89,Consumer,Office Supplies,Central
RD-19930,Russell D'Ascenzo,3,1.79,0.8,-3.04,0,4,126.89,Consumer,Office Supplies,Central
RD-19930,Russell D'Ascenzo,4,15.07,0.2,-3.77,0,4,126.89,Consumer,Office Supplies,Central
RD-19930,Russell D'Ascenzo,5,623.96,0.2,39.0,0,4,126.89,Consumer,Technology,West
RD-19930,Russell D'Ascenzo,2,10.37,0.2,3.63,0,4,126.89,Consumer,Office Supplies,Central
RD-19930,Russell D'Ascenzo,3,95.74,0.2,20.34,0,4,126.89,Consumer,Technology,Central
RD-19930,Russell D'Ascenzo,6,55.58,0.2,20.84,0,4,126.89,Consumer,Office Supplies,Central
RD-19930,Russell D'Ascenzo,2,127.39,0.3,-25.48,0,4,126.89,Consumer,Furniture,Central
RE-19405,Ricardo Emerson,5,48.36,0.2,6.04,0,1,0.0,Consumer,Office Supplies,East
RE-19450,Richard Eichhorn,4,15.94,0.2,5.18,0,5,125.5,Consumer,Office Supplies,Central
RE-19450,Richard Eichhorn,7,61.54,0.6,-40.0,0,5,125.5,Consumer,Furniture,Central
RE-19450,Richard Eichhorn,3,132.7,0.2,9.95,0,5,125.5,Consumer,Office Supplies,Central
RE-19450,Richard Eichhorn,7,104.23,0.0,28.14,0,5,125.5,Consumer,Furniture,West
RE-19450,Richard Eichhorn,3,70.26,0.0,18.97,0,5,125.5,Consumer,Office Supplies,West
RE-19450,Richard Eichhorn,4,195.64,0.0,91.95,0,5,125.5,Consumer,Office Supplies,Central
RE-19450,Richard Eichhorn,2,239.9,0.0,71.97,0,5,125.5,Consumer,Technology,Central
RE-19450,Richard Eichhorn,9,29.61,0.0,13.32,0,5,125.5,Consumer,Office Supplies,East
RE-19450,Richard Eichhorn,8,26.88,0.2,9.74,0,5,125.5,Consumer,Office Supplies,Central
RF-19345,Randy Ferguson,4,33.28,0.0,9.32,0,8,62.0,Corporate,Office Supplies,East
RF-19345,Randy Ferguson,9,38.52,0.0,11.94,0,8,62.0,Corporate,Office Supplies,East
RF-19345,Randy Ferguson,7,139.86,0.0,60.14,0,8,62.0,Corporate,Furniture,East
RF-19345,Randy Ferguson,1,33.55,0.2,12.58,0,8,62.0,Corporate,Office Supplies,East
RF-19345,Randy Ferguson,9,6.64,0.7,-4.43,0,8,62.0,Corporate,Office Supplies,South
RF-19345,Randy Ferguson,3,87.96,0.2,7.7,0,8,62.0,Corporate,Furniture,West
RF-19345,Randy Ferguson,2,5.21,0.7,-4.17,0,8,62.0,Corporate,Office Supplies,West
RF-19345,Randy Ferguson,3,27.42,0.0,9.32,0,8,62.0,Corporate,Furniture,South
RF-19345,Randy Ferguson,1,165.98,0.0,74.69,0,8,62.0,Corporate,Office Supplies,South
RF-19345,Randy Ferguson,3,75.0,0.0,18.0,0,8,62.0,Corporate,Technology,South
RF-19345,Randy Ferguson,4,10.08,0.2,3.53,0,8,62.0,Corporate,Office Supplies,South
RF-19345,Randy Ferguson,3,182.67,0.0,52.97,0,8,62.0,Corporate,Furniture,South
RF-19345,Randy Ferguson,6,101.7,0.0,6.1,0,8,62.0,Corporate,Technology,South
RF-19345,Randy Ferguson,3,1126.02,0.0,56.3,0,8,62.0,Corporate,Office Supplies,South
RF-19345,Randy Ferguson,6,1263.3,0.0,315.82,0,8,62.0,Corporate,Office Supplies,South
RF-19345,Randy Ferguson,3,11.95,0.2,3.88,0,8,62.0,Corporate,Office Supplies,Central
RF-19735,Roland Fjeld,3,62.91,0.0,22.65,0,7,88.69,Consumer,Technology,South
RF-19735,Roland Fjeld,3,21.93,0.0,10.31,0,7,88.69,Consumer,Office Supplies,East
RF-19735,Roland Fjeld,4,519.96,0.0,176.79,0,7,88.69,Consumer,Technology,West
RF-19735,Roland Fjeld,3,359.98,0.2,36.0,0,7,88.69,Consumer,Technology,Central
RF-19735,Roland Fjeld,3,10.23,0.0,4.91,0,7,88.69,Consumer,Office Supplies,West
RF-19735,Roland Fjeld,5,154.9,0.0,69.7,0,7,88.69,Consumer,Office Supplies,West
RF-19735,Roland Fjeld,2,33.48,0.0,16.41,0,7,88.69,Consumer,Office Supplies,Central
RF-19735,Roland Fjeld,3,461.97,0.0,133.97,0,7,88.69,Consumer,Technology,Central
RF-19735,Roland Fjeld,2,137.62,0.0,60.55,0,7,88.69,Consumer,Office Supplies,Central
RF-19735,Roland Fjeld,3,302.67,0.0,72.64,0,7,88.69,Consumer,Furniture,Central
RF-19735,Roland Fjeld,3,58.05,0.0,26.7,0,7,88.69,Consumer,Office Supplies,Central
RF-19735,Roland Fjeld,11,157.74,0.0,56.79,0,7,88.69,Consumer,Furniture,Central
RF-19735,Roland Fjeld,7,56.98,0.0,22.79,0,7,88.69,Consumer,Office Supplies,Central
RF-19735,Roland Fjeld,1,2.88,0.0,1.41,0,7,88.69,Consumer,Office Supplies,Central
RF-19840,Roy Französisch,4,49.63,0.2,4.96,0,8,113.8,Consumer,Office Supplies,Central
RF-19840,Roy Französisch,3,40.05,0.0,11.21,0,8,113.8,Consumer,Office Supplies,South
RF-19840,Roy Französisch,2,6.36,0.0,0.06,0,8,113.8,Consumer,Office Supplies,East
RF-19840,Roy Französisch,4,203.92,0.0,55.06,0,8,113.8,Consumer,Office Supplies,South
RF-19840,Roy Französisch,4,29.56,0.0,7.98,0,8,113.8,Consumer,Technology,South
RF-19840,Roy Französisch,4,22.32,0.0,10.71,0,8,113.8,Consumer,Office Supplies,South
RF-19840,Roy Französisch,7,103.6,0.0,51.8,0,8,113.8,Consumer,Office Supplies,South
RF-19840,Roy Französisch,6,383.64,0.0,122.76,0,8,113.8,Consumer,Furniture,West
RF-19840,Roy Französisch,3,56.52,0.0,15.83,0,8,113.8,Consumer,Office Supplies,West
RF-19840,Roy Französisch,5,13.71,0.7,-10.05,0,8,113.8,Consumer,Office Supplies,East
RF-19840,Roy Französisch,3,35.91,0.0,9.7,0,8,113.8,Consumer,Office Supplies,East
RH-19495,Rick Hansen,4,25.92,0.0,12.44,0,5,170.43,Consumer,Office Supplies,East
RH-19495,Rick Hansen,4,45.92,0.0,22.5,0,5,170.43,Consumer,Office Supplies,East
RH-19495,Rick Hansen,7,2309.65,0.0,762.18,0,5,170.43,Consumer,Technology,East
RH-19495,Rick Hansen,7,1090.78,0.4,-290.88,0,5,170.43,Consumer,Furniture,East
RH-19495,Rick Hansen,3,19.44,0.0,9.33,0,5,170.43,Consumer,Office Supplies,East
RH-19495,Rick Hansen,4,20.74,0.2,7.26,0,5,170.43,Consumer,Office Supplies,South
RH-19495,Rick Hansen,7,20.16,0.0,9.88,0,5,170.43,Consumer,Office Supplies,Central
RH-19495,Rick Hansen,2,88.77,0.2,31.07,0,5,170.43,Consumer,Office Supplies,West
RH-19510,Rick Huthwaite,2,273.96,0.0,10.96,0,6,61.18,Home Office,Technology,Central
RH-19510,Rick Huthwaite,5,555.96,0.2,41.7,0,6,61.18,Home Office,Technology,West
RH-19510,Rick Huthwaite,1,15.51,0.0,4.34,0,6,61.18,Home Office,Office Supplies,West
RH-19510,Rick Huthwaite,3,146.82,0.0,73.41,0,6,61.18,Home Office,Office Supplies,West
RH-19510,Rick Huthwaite,2,12.96,0.0,6.22,0,6,61.18,Home Office,Office Supplies,West
RH-19510,Rick Huthwaite,3,26.85,0.0,5.1,0,6,61.18,Home Office,Technology,West
RH-19510,Rick Huthwaite,3,3357.6,0.2,377.73,0,6,61.18,Home Office,Technology,West
RH-19510,Rick Huthwaite,5,44.4,0.0,12.43,0,6,61.18,Home Office,Office Supplies,West
RH-19510,Rick Huthwaite,9,1606.23,0.0,481.87,0,6,61.18,Home Office,Office Supplies,East
RH-19510,Rick Huthwaite,3,17.04,0.0,7.67,0,6,61.18,Home Office,Office Supplies,East
RH-19510,Rick Huthwaite,3,49.53,0.0,23.77,0,6,61.18,Home Office,Office Supplies,East
RH-19510,Rick Huthwaite,4,872.32,0.0,244.25,0,6,61.18,Home Office,Furniture,East
RH-19555,Ritsa Hightower,3,8.23,0.7,-6.03,0,2,119.0,Consumer,Office Supplies,South
RH-19555,Ritsa Hightower,5,704.76,0.2,26.43,0,2,119.0,Consumer,Office Supplies,South
RH-19555,Ritsa Hightower,3,27.4,0.7,-20.09,0,2,119.0,Consumer,Office Supplies,South
RH-19600,Rob Haberlin,2,408.42,0.3,-5.83,0,3,37.8,Consumer,Furniture,Central
RH-19600,Rob Haberlin,6,382.12,0.3,-92.8,0,3,37.8,Consumer,Furniture,Central
RH-19600,Rob Haberlin,5,68.6,0.2,6.0,0,3,37.8,Consumer,Office Supplies,Central
RH-19600,Rob Haberlin,3,435.5,0.2,48.99,0,3,37.8,Consumer,Office Supplies,Central
RH-19600,Rob Haberlin,2,11.17,0.2,3.77,0,3,37.8,Consumer,Office Supplies,Central
RH-19600,Rob Haberlin,3,44.43,0.0,18.66,0,3,37.8,Consumer,Office Supplies,South
RH-19600,Rob Haberlin,5,226.2,0.0,58.81,0,3,37.8,Consumer,Technology,South
RH-19600,Rob Haberlin,3,186.54,0.0,41.04,0,3,37.8,Consumer,Furniture,South
RH-19600,Rob Haberlin,7,265.86,0.0,79.76,0,3,37.8,Consumer,Office Supplies,South
RH-19600,Rob Haberlin,5,27.9,0.0,6.97,0,3,37.8,Consumer,Office Supplies,South
RH-19600,Rob Haberlin,2,29.0,0.0,7.25,0,3,37.8,Consumer,Technology,South
RK-19300,Ralph Kennedy,1,34.76,0.0,9.73,0,3,110.71,Consumer,Office Supplies,Central
RK-19300,Ralph Kennedy,5,831.2,0.0,124.68,0,3,110.71,Consumer,Technology,Central
RK-19300,Ralph Kennedy,5,26.4,0.0,11.88,0,3,110.71,Consumer,Office Supplies,Central
RK-19300,Ralph Kennedy,7,106.75,0.0,49.1,0,3,110.71,Consumer,Office Supplies,Central
RK-19300,Ralph Kennedy,2,97.82,0.0,45.98,0,3,110.71,Consumer,Office Supplies,Central
RK-19300,Ralph Kennedy,5,141.4,0.0,38.18,0,3,110.71,Consumer,Office Supplies,Central
RK-19300,Ralph Kennedy,1,209.67,0.4,-13.98,0,3,110.71,Consumer,Furniture,East
RK-19300,Ralph Kennedy,3,12.19,0.2,4.11,0,3,110.71,Consumer,Office Supplies,East
RL-19615,Rob Lucas,9,26.46,0.0,11.91,0,8,43.48,Consumer,Office Supplies,West
RL-19615,Rob Lucas,4,49.12,0.0,23.09,0,8,43.48,Consumer,Office Supplies,West
RL-19615,Rob Lucas,3,15.0,0.0,7.2,0,8,43.48,Consumer,Office Supplies,West
RL-19615,Rob Lucas,9,383.61,0.3,-5.48,0,8,43.48,Consumer,Furniture,Central
RL-19615,Rob Lucas,2,148.48,0.2,16.7,0,8,43.48,Consumer,Technology,Central
RL-19615,Rob Lucas,7,537.54,0.2,53.75,0,8,43.48,Consumer,Technology,Central
RL-19615,Rob Lucas,2,1.93,0.8,-2.99,0,8,43.48,Consumer,Office Supplies,Central
RL-19615,Rob Lucas,3,6.91,0.2,0.69,0,8,43.48,Consumer,Office Supplies,Central
RL-19615,Rob Lucas,1,7.76,0.6,-2.13,0,8,43.48,Consumer,Furniture,Central
RL-19615,Rob Lucas,4,659.17,0.2,49.44,0,8,43.48,Consumer,Technology,Central
RL-19615,Rob Lucas,5,979.95,0.0,274.39,0,8,43.48,Consumer,Technology,South
RL-19615,Rob Lucas,5,22.75,0.0,11.38,0,8,43.48,Consumer,Office Supplies,South
RL-19615,Rob Lucas,5,29.24,0.2,9.87,0,8,43.48,Consumer,Office Supplies,Central
RL-19615,Rob Lucas,2,35.17,0.2,-8.35,0,8,43.48,Consumer,Office Supplies,Central
RL-19615,Rob Lucas,3,1362.9,0.3,-19.47,0,8,43.48,Consumer,Technology,Central
RL-19615,Rob Lucas,7,344.98,0.15,28.41,0,8,43.48,Consumer,Furniture,West
RL-19615,Rob Lucas,7,49.56,0.0,18.83,0,8,43.48,Consumer,Office Supplies,West
RL-19615,Rob Lucas,3,87.21,0.5,-45.35,0,8,43.48,Consumer,Furniture,East
RL-19615,Rob Lucas,3,15.55,0.2,5.44,0,8,43.48,Consumer,Office Supplies,East
RL-19615,Rob Lucas,2,683.99,0.4,-114.0,0,8,43.48,Consumer,Technology,East
RL-19615,Rob Lucas,3,13.39,0.2,1.0,0,8,43.48,Consumer,Office Supplies,East
RL-19615,Rob Lucas,3,16.78,0.2,4.82,0,8,43.48,Consumer,Technology,East
RL-19615,Rob Lucas,2,527.92,0.2,85.79,0,8,43.48,Consumer,Technology,East
RL-19615,Rob Lucas,7,229.54,0.2,83.21,0,8,43.48,Consumer,Office Supplies,South
RM-19375,Raymond Messe,2,46.86,0.2,7.62,0,6,123.0,Consumer,Technology,Central
RM-19375,Raymond Messe,5,21.4,0.0,6.21,0,6,123.0,Consumer,Office Supplies,East
RM-19375,Raymond Messe,3,177.48,0.2,19.97,0,6,123.0,Consumer,Technology,South
RM-19375,Raymond Messe,5,354.9,0.0,88.73,0,6,123.0,Consumer,Furniture,South
RM-19375,Raymond Messe,5,215.65,0.0,73.32,0,6,123.0,Consumer,Furniture,West
RM-19375,Raymond Messe,4,79.92,0.0,37.56,0,6,123.0,Consumer,Office Supplies,East
RM-19375,Raymond Messe,1,12.28,0.0,5.77,0,6,123.0,Consumer,Office Supplies,East
RM-19375,Raymond Messe,3,542.94,0.0,152.02,0,6,123.0,Consumer,Office Supplies,East
RM-19375,Raymond Messe,1,2.04,0.0,0.96,0,6,123.0,Consumer,Office Supplies,East
RM-19675,Robert Marley,2,11.36,0.0,5.23,0,5,113.6,Home Office,Office Supplies,East
RM-19675,Robert Marley,2,69.26,0.1,14.62,0,5,113.6,Home Office,Furniture,East
RM-19675,Robert Marley,4,503.96,0.0,131.03,0,5,113.6,Home Office,Technology,South
RM-19675,Robert Marley,5,149.95,0.0,41.99,0,5,113.6,Home Office,Technology,South
RM-19675,Robert Marley,2,29.0,0.0,7.25,0,5,113.6,Home Office,Technology,South
RM-19675,Robert Marley,2,311.98,0.0,93.59,0,5,113.6,Home Office,Technology,East
RM-19675,Robert Marley,5,22.45,0.0,10.33,0,5,113.6,Home Office,Office Supplies,East
RM-19675,Robert Marley,5,1640.7,0.0,459.4,0,5,113.6,Home Office,Office Supplies,West
RM-19675,Robert Marley,3,270.0,0.0,97.2,0,5,113.6,Home Office,Technology,West
RM-19675,Robert Marley,6,2879.95,0.2,1007.98,0,5,113.6,Home Office,Technology,West
RM-19675,Robert Marley,3,90.48,0.2,33.93,0,5,113.6,Home Office,Office Supplies,West
RM-19750,Roland Murray,1,26.38,0.0,12.13,0,1,0.0,Consumer,Office Supplies,East
RM-19750,Roland Murray,3,71.97,0.0,16.55,0,1,0.0,Consumer,Furniture,East
RO-19780,Rose O'Brian,3,14.59,0.2,4.92,0,7,84.36,Consumer,Office Supplies,West
RO-19780,Rose O'Brian,7,1598.06,0.7,-1065.37,0,7,84.36,Consumer,Office Supplies,South
RO-19780,Rose O'Brian,4,36.96,0.2,12.01,0,7,84.36,Consumer,Office Supplies,South
RO-19780,Rose O'Brian,6,173.94,0.0,50.44,0,7,84.36,Consumer,Technology,South
RO-19780,Rose O'Brian,3,189.88,0.4,-94.94,0,7,84.36,Consumer,Furniture,South
RO-19780,Rose O'Brian,1,29.74,0.0,4.46,0,7,84.36,Consumer,Office Supplies,West
RO-19780,Rose O'Brian,2,520.46,0.3,-14.87,0,7,84.36,Consumer,Furniture,Central
RO-19780,Rose O'Brian,3,11.42,0.2,3.71,0,7,84.36,Consumer,Office Supplies,Central
RO-19780,Rose O'Brian,5,299.96,0.2,37.49,0,7,84.36,Consumer,Technology,Central
RO-19780,Rose O'Brian,5,67.84,0.8,-179.78,0,7,84.36,Consumer,Office Supplies,Central
RO-19780,Rose O'Brian,5,853.93,0.3,-24.4,0,7,84.36,Consumer,Furniture,Central
RO-19780,Rose O'Brian,4,18.69,0.2,3.74,0,7,84.36,Consumer,Office Supplies,Central
RP-19270,Rachel Payne,1,2.99,0.2,1.12,0,4,61.09,Corporate,Office Supplies,West
RP-19270,Rachel Payne,6,20.06,0.2,7.02,0,4,61.09,Corporate,Office Supplies,West
RP-19270,Rachel Payne,3,146.73,0.0,68.96,0,4,61.09,Corporate,Office Supplies,West
RP-19270,Rachel Payne,5,18.75,0.0,9.0,0,4,61.09,Corporate,Office Supplies,West
RP-19270,Rachel Payne,3,117.58,0.2,11.76,0,4,61.09,Corporate,Technology,West
RP-19270,Rachel Payne,3,35.52,0.2,13.32,0,4,61.09,Corporate,Office Supplies,Central
RP-19270,Rachel Payne,5,6.23,0.8,-9.66,0,4,61.09,Corporate,Office Supplies,Central
RP-19270,Rachel Payne,2,56.7,0.2,19.14,0,4,61.09,Corporate,Office Supplies,Central
RP-19270,Rachel Payne,3,369.2,0.32,-114.02,0,4,61.09,Corporate,Furniture,Central
RP-19270,Rachel Payne,2,12.96,0.0,6.22,0,4,61.09,Corporate,Office Supplies,West
RP-19270,Rachel Payne,4,134.48,0.0,34.96,0,4,61.09,Corporate,Office Supplies,West
RP-19270,Rachel Payne,10,33.44,0.2,11.7,0,4,61.09,Corporate,Office Supplies,West
RP-19390,Resi Pölking,3,116.28,0.0,56.98,0,12,53.46,Consumer,Office Supplies,East
RP-19390,Resi Pölking,5,5.7,0.0,2.68,0,12,53.46,Consumer,Office Supplies,West
RP-19390,Resi Pölking,3,14.19,0.0,5.53,0,12,53.46,Consumer,Furniture,West
RP-19390,Resi Pölking,2,7.3,0.0,2.19,0,12,53.46,Consumer,Office Supplies,West
RP-19390,Resi Pölking,2,199.98,0.0,75.99,0,12,53.46,Consumer,Technology,West
RP-19390,Resi Pölking,4,144.96,0.0,60.88,0,12,53.46,Consumer,Technology,West
RP-19390,Resi Pölking,2,118.0,0.0,20.06,0,12,53.46,Consumer,Technology,West
RP-19390,Resi Pölking,1,48.94,0.0,24.47,0,12,53.46,Consumer,Office Supplies,West
RP-19390,Resi Pölking,2,22.66,0.0,9.74,0,12,53.46,Consumer,Office Supplies,West
RP-19390,Resi Pölking,3,11.64,0.0,3.38,0,12,53.46,Consumer,Office Supplies,East
RP-19390,Resi Pölking,8,2807.84,0.0,673.88,0,12,53.46,Consumer,Furniture,Central
RP-19390,Resi Pölking,4,46.64,0.0,12.59,0,12,53.46,Consumer,Office Supplies,Central
RP-19390,Resi Pölking,5,30.36,0.2,8.73,0,12,53.46,Consumer,Furniture,East
RP-19390,Resi Pölking,6,946.76,0.7,-694.29,0,12,53.46,Consumer,Office Supplies,West
RP-19390,Resi Pölking,2,3.55,0.2,0.44,0,12,53.46,Consumer,Office Supplies,East
RP-19390,Resi Pölking,4,25.92,0.0,12.44,0,12,53.46,Consumer,Office Supplies,East
RP-19390,Resi Pölking,2,22.58,0.0,5.87,0,12,53.46,Consumer,Office Supplies,East
RP-19390,Resi Pölking,2,10.94,0.2,0.96,0,12,53.46,Consumer,Office Supplies,West
RP-19390,Resi Pölking,6,146.69,0.2,55.01,0,12,53.46,Consumer,Office Supplies,East
RP-19390,Resi Pölking,2,276.78,0.2,89.95,0,12,53.46,Consumer,Office Supplies,East
RP-19390,Resi Pölking,5,25.32,0.2,9.18,0,12,53.46,Consumer,Office Supplies,East
RP-19390,Resi Pölking,3,2.69,0.8,-4.71,0,12,53.46,Consumer,Office Supplies,Central
RP-19390,Resi Pölking,3,2.93,0.8,-4.99,0,12,53.46,Consumer,Office Supplies,Central
RP-19390,Resi Pölking,3,6.99,0.0,2.03,0,12,53.46,Consumer,Office Supplies,East
RP-19390,Resi Pölking,6,107.42,0.2,36.26,0,12,53.46,Consumer,Office Supplies,East
RP-19855,Roy Phan,7,115.36,0.0,56.53,0,8,95.5,Corporate,Office Supplies,South
RP-19855,Roy Phan,3,134.97,0.0,64.79,0,8,95.5,Corporate,Technology,Central
RP-19855,Roy Phan,2,699.98,0.0,195.99,0,8,95.5,Corporate,Technology,Central
RP-19855,Roy Phan,5,139.95,0.0,26.59,0,8,95.5,Corporate,Technology,Central
RP-19855,Roy Phan,3,186.15,0.0,55.84,0,8,95.5,Corporate,Office Supplies,West
RP-19855,Roy Phan,6,81.79,0.2,26.58,0,8,95.5,Corporate,Office Supplies,West
RP-19855,Roy Phan,3,47.19,0.0,13.69,0,8,95.5,Corporate,Office Supplies,West
RP-19855,Roy Phan,2,36.78,0.2,-8.28,0,8,95.5,Corporate,Technology,West
RP-19855,Roy Phan,2,2.95,0.7,-2.16,0,8,95.5,Corporate,Office Supplies,South
RP-19855,Roy Phan,6,27.02,0.7,-21.61,0,8,95.5,Corporate,Office Supplies,South
RP-19855,Roy Phan,5,21.4,0.0,6.21,0,8,95.5,Corporate,Office Supplies,Central
RP-19855,Roy Phan,3,535.41,0.0,160.62,0,8,95.5,Corporate,Office Supplies,Central
RP-19855,Roy Phan,6,98.16,0.0,9.82,0,8,95.5,Corporate,Technology,West
RP-19855,Roy Phan,3,31.44,0.0,7.86,0,8,95.5,Corporate,Office Supplies,West
RP-19855,Roy Phan,5,12.16,0.2,2.13,0,8,95.5,Corporate,Office Supplies,Central
RR-19315,Ralph Ritter,2,7.38,0.0,3.47,0,2,130.67,Consumer,Office Supplies,West
RR-19315,Ralph Ritter,2,10.37,0.2,3.63,0,2,130.67,Consumer,Office Supplies,Central
RR-19315,Ralph Ritter,1,77.72,0.6,-66.06,0,2,130.67,Consumer,Furniture,Central
RR-19315,Ralph Ritter,2,520.46,0.3,-14.87,0,2,130.67,Consumer,Furniture,Central
RR-19525,Rick Reed,3,166.44,0.0,79.89,0,6,115.33,Corporate,Office Supplies,East
RR-19525,Rick Reed,6,785.88,0.0,212.19,0,6,115.33,Corporate,Furniture,East
RR-19525,Rick Reed,2,26.2,0.0,12.84,0,6,115.33,Corporate,Office Supplies,East
RR-19525,Rick Reed,5,1325.85,0.0,238.65,0,6,115.33,Corporate,Office Supplies,East
RR-19525,Rick Reed,2,97.42,0.2,10.96,0,6,115.33,Corporate,Furniture,South
RR-19525,Rick Reed,3,246.17,0.2,21.54,0,6,115.33,Corporate,Technology,South
RR-19525,Rick Reed,6,36.48,0.0,18.24,0,6,115.33,Corporate,Office Supplies,East
RR-19525,Rick Reed,5,243.88,0.2,27.44,0,6,115.33,Corporate,Office Supplies,East
RR-19525,Rick Reed,2,360.38,0.0,93.7,0,6,115.33,Corporate,Office Supplies,Central
RR-19525,Rick Reed,2,13.56,0.0,6.24,0,6,115.33,Corporate,Office Supplies,Central
RS-19420,Ricardo Sperren,3,79.47,0.0,22.25,0,5,145.88,Corporate,Office Supplies,East
RS-19420,Ricardo Sperren,2,4.56,0.0,2.01,0,5,145.88,Corporate,Office Supplies,East
RS-19420,Ricardo Sperren,5,1133.35,0.0,294.67,0,5,145.88,Corporate,Furniture,East
RS-19420,Ricardo Sperren,4,32.04,0.0,14.42,0,5,145.88,Corporate,Office Supplies,West
RS-19420,Ricardo Sperren,2,892.98,0.0,80.37,0,5,145.88,Corporate,Furniture,West
RS-19420,Ricardo Sperren,3,179.94,0.0,50.38,0,5,145.88,Corporate,Office Supplies,South
RS-19420,Ricardo Sperren,3,872.94,0.0,157.13,0,5,145.88,Corporate,Furniture,South
RS-19420,Ricardo Sperren,2,12.96,0.0,6.22,0,5,145.88,Corporate,Office Supplies,South
RS-19420,Ricardo Sperren,5,13.05,0.0,6.0,0,5,145.88,Corporate,Office Supplies,East
RS-19765,Roland Schwarz,5,629.95,0.0,163.79,0,8,102.08,Corporate,Technology,South
RS-19765,Roland Schwarz,3,122.97,0.0,60.26,0,8,102.08,Corporate,Office Supplies,South
RS-19765,Roland Schwarz,7,1261.33,0.0,327.95,0,8,102.08,Corporate,Office Supplies,West
RS-19765,Roland Schwarz,2,4.93,0.2,0.74,0,8,102.08,Corporate,Furniture,South
RS-19765,Roland Schwarz,3,11.78,0.2,4.27,0,8,102.08,Corporate,Office Supplies,South
RS-19765,Roland Schwarz,1,0.56,0.8,-0.95,0,8,102.08,Corporate,Office Supplies,Central
RS-19765,Roland Schwarz,6,281.34,0.0,109.72,0,8,102.08,Corporate,Office Supplies,East
RS-19765,Roland Schwarz,2,307.98,0.0,89.31,0,8,102.08,Corporate,Technology,East
RS-19765,Roland Schwarz,3,299.97,0.0,113.99,0,8,102.08,Corporate,Technology,East
RS-19765,Roland Schwarz,4,116.83,0.2,33.59,0,8,102.08,Corporate,Technology,East
RS-19765,Roland Schwarz,3,510.24,0.2,6.38,0,8,102.08,Corporate,Furniture,West
RS-19765,Roland Schwarz,5,204.95,0.0,100.43,0,8,102.08,Corporate,Office Supplies,West
RS-19765,Roland Schwarz,2,79.1,0.0,39.55,0,8,102.08,Corporate,Technology,South
RS-19765,Roland Schwarz,8,327.84,0.0,157.36,0,8,102.08,Corporate,Office Supplies,South
RS-19870,Roy Skaria,6,9.65,0.2,3.5,0,2,276.0,Home Office,Office Supplies,East
RS-19870,Roy Skaria,1,7.28,0.0,3.49,0,2,276.0,Home Office,Office Supplies,Central
RS-19870,Roy Skaria,3,5.4,0.0,2.59,0,2,276.0,Home Office,Office Supplies,Central
RW-19540,Rick Wilson,4,136.92,0.0,41.08,0,7,42.77,Corporate,Furniture,West
RW-19540,Rick Wilson,2,22.96,0.0,11.25,0,7,42.77,Corporate,Office Supplies,West
RW-19540,Rick Wilson,4,86.27,0.2,31.27,0,7,42.77,Corporate,Office Supplies,West
RW-19540,Rick Wilson,2,72.59,0.7,-48.39,0,7,42.77,Corporate,Office Supplies,West
RW-19540,Rick Wilson,2,60.67,0.2,14.41,0,7,42.77,Corporate,Office Supplies,West
RW-19540,Rick Wilson,9,77.03,0.7,-59.06,0,7,42.77,Corporate,Office Supplies,West
RW-19540,Rick Wilson,6,119.9,0.2,-1.5,0,7,42.77,Corporate,Office Supplies,West
RW-19540,Rick Wilson,5,263.96,0.2,23.1,0,7,42.77,Corporate,Technology,West
RW-19540,Rick Wilson,4,363.65,0.2,-86.37,0,7,42.77,Corporate,Office Supplies,West
RW-19540,Rick Wilson,5,1458.65,0.0,423.01,0,7,42.77,Corporate,Furniture,Central
RW-19540,Rick Wilson,1,26.64,0.0,7.46,0,7,42.77,Corporate,Furniture,Central
RW-19540,Rick Wilson,2,476.8,0.0,119.2,0,7,42.77,Corporate,Furniture,Central
RW-19540,Rick Wilson,2,87.44,0.1,18.46,0,7,42.77,Corporate,Office Supplies,Central
RW-19540,Rick Wilson,2,23.36,0.0,11.68,0,7,42.77,Corporate,Office Supplies,West
RW-19540,Rick Wilson,3,71.98,0.2,9.0,0,7,42.77,Corporate,Technology,West
RW-19540,Rick Wilson,2,8.56,0.0,3.85,0,7,42.77,Corporate,Office Supplies,West
RW-19540,Rick Wilson,3,13.92,0.2,4.87,0,7,42.77,Corporate,Office Supplies,West
RW-19540,Rick Wilson,9,2518.29,0.0,654.76,0,7,42.77,Corporate,Office Supplies,West
RW-19540,Rick Wilson,3,540.57,0.0,140.55,0,7,42.77,Corporate,Office Supplies,West
RW-19540,Rick Wilson,8,221.06,0.2,77.37,0,7,42.77,Corporate,Office Supplies,West
RW-19540,Rick Wilson,3,148.02,0.0,41.45,0,7,42.77,Corporate,Furniture,West
RW-19540,Rick Wilson,4,314.6,0.0,103.82,0,7,42.77,Corporate,Office Supplies,West
RW-19540,Rick Wilson,4,283.56,0.0,45.37,0,7,42.77,Corporate,Furniture,West
RW-19630,Rob Williams,1,6.08,0.0,3.04,0,9,79.47,Corporate,Office Supplies,Central
RW-19630,Rob Williams,7,29.68,0.0,11.58,0,9,79.47,Corporate,Office Supplies,Central
RW-19630,Rob Williams,7,47.53,0.0,16.16,0,9,79.47,Corporate,Technology,Central
RW-19630,Rob Williams,3,149.35,0.2,50.41,0,9,79.47,Corporate,Office Supplies,Central
RW-19630,Rob Williams,1,12.99,0.2,-0.81,0,9,79.47,Corporate,Office Supplies,Central
RW-19630,Rob Williams,2,715.64,0.0,178.91,0,9,79.47,Corporate,Office Supplies,West
RW-19630,Rob Williams,5,34.95,0.0,15.38,0,9,79.47,Corporate,Technology,Central
RW-19630,Rob Williams,5,152.0,0.0,69.92,0,9,79.47,Corporate,Office Supplies,Central
RW-19630,Rob Williams,3,20.57,0.2,1.54,0,9,79.47,Corporate,Office Supplies,Central
RW-19630,Rob Williams,2,4.36,0.8,-11.76,0,9,79.47,Corporate,Office Supplies,Central
RW-19630,Rob Williams,4,19.04,0.2,-1.43,0,9,79.47,Corporate,Technology,Central
RW-19630,Rob Williams,2,6.1,0.2,2.21,0,9,79.47,Corporate,Office Supplies,West
RW-19630,Rob Williams,4,1114.27,0.2,41.79,0,9,79.47,Corporate,Furniture,West
RW-19630,Rob Williams,1,5.28,0.0,2.38,0,9,79.47,Corporate,Office Supplies,West
RW-19630,Rob Williams,5,895.92,0.2,302.37,0,9,79.47,Corporate,Office Supplies,West
RW-19630,Rob Williams,1,65.99,0.0,17.16,0,9,79.47,Corporate,Technology,East
RW-19690,Robert Waldorf,2,3.28,0.7,-2.63,0,5,35.71,Consumer,Office Supplies,South
RW-19690,Robert Waldorf,1,34.38,0.2,3.87,0,5,35.71,Consumer,Office Supplies,East
RW-19690,Robert Waldorf,8,1924.16,0.2,312.68,0,5,35.71,Consumer,Office Supplies,East
RW-19690,Robert Waldorf,5,277.4,0.0,133.15,0,5,35.71,Consumer,Office Supplies,Central
RW-19690,Robert Waldorf,1,5.78,0.0,2.83,0,5,35.71,Consumer,Office Supplies,Central
RW-19690,Robert Waldorf,3,16.2,0.0,7.78,0,5,35.71,Consumer,Office Supplies,Central
RW-19690,Robert Waldorf,3,33.99,0.0,14.62,0,5,35.71,Consumer,Office Supplies,Central
RW-19690,Robert Waldorf,5,296.85,0.0,53.43,0,5,35.71,Consumer,Technology,Central
RW-19690,Robert Waldorf,6,112.8,0.0,6.77,0,5,35.71,Consumer,Technology,Central
RW-19690,Robert Waldorf,3,13.71,0.0,6.58,0,5,35.71,Consumer,Office Supplies,Central
RW-19690,Robert Waldorf,5,24.9,0.0,11.7,0,5,35.71,Consumer,Office Supplies,Central
RW-19690,Robert Waldorf,3,286.29,0.0,17.18,0,5,35.71,Consumer,Office Supplies,Central
RW-19690,Robert Waldorf,2,24.18,0.0,7.25,0,5,35.71,Consumer,Office Supplies,Central
RW-19690,Robert Waldorf,12,435.84,0.0,130.75,0,5,35.71,Consumer,Technology,West
RW-19690,Robert Waldorf,2,5.88,0.0,1.59,0,5,35.71,Consumer,Office Supplies,West
SA-20830,Sue Ann Reed,3,19.44,0.0,9.33,0,10,67.2,Consumer,Office Supplies,West
SA-20830,Sue Ann Reed,6,2735.95,0.2,341.99,0,10,67.2,Consumer,Technology,Central
SA-20830,Sue Ann Reed,1,191.52,0.45,-76.61,0,10,67.2,Consumer,Furniture,South
SA-20830,Sue Ann Reed,1,2.62,0.2,0.43,0,10,67.2,Consumer,Office Supplies,South
SA-20830,Sue Ann Reed,4,143.96,0.0,69.1,0,10,67.2,Consumer,Office Supplies,South
SA-20830,Sue Ann Reed,1,15.42,0.0,4.16,0,10,67.2,Consumer,Office Supplies,South
SA-20830,Sue Ann Reed,8,43.04,0.0,21.09,0,10,67.2,Consumer,Office Supplies,South
SA-20830,Sue Ann Reed,3,332.94,0.0,79.91,0,10,67.2,Consumer,Furniture,South
SA-20830,Sue Ann Reed,10,31.32,0.7,-25.06,0,10,67.2,Consumer,Office Supplies,West
SA-20830,Sue Ann Reed,4,11.84,0.2,3.11,0,10,67.2,Consumer,Furniture,West
SA-20830,Sue Ann Reed,1,22.78,0.2,4.84,0,10,67.2,Consumer,Furniture,West
SA-20830,Sue Ann Reed,2,14.62,0.2,5.12,0,10,67.2,Consumer,Office Supplies,West
SA-20830,Sue Ann Reed,5,697.16,0.2,8.71,0,10,67.2,Consumer,Furniture,West
SA-20830,Sue Ann Reed,1,30.93,0.0,12.68,0,10,67.2,Consumer,Furniture,West
SA-20830,Sue Ann Reed,7,27.5,0.2,9.28,0,10,67.2,Consumer,Office Supplies,West
SA-20830,Sue Ann Reed,3,7.06,0.2,2.2,0,10,67.2,Consumer,Office Supplies,Central
SA-20830,Sue Ann Reed,3,15.12,0.2,4.91,0,10,67.2,Consumer,Office Supplies,South
SA-20830,Sue Ann Reed,1,17.43,0.7,-13.36,0,10,67.2,Consumer,Office Supplies,South
SA-20830,Sue Ann Reed,3,251.64,0.2,88.07,0,10,67.2,Consumer,Office Supplies,South
SA-20830,Sue Ann Reed,5,133.12,0.2,49.92,0,10,67.2,Consumer,Office Supplies,West
SA-20830,Sue Ann Reed,3,21.93,0.0,10.31,0,10,67.2,Consumer,Office Supplies,East
SB-20170,Sarah Bern,3,24.59,0.8,-38.11,0,3,183.67,Consumer,Office Supplies,Central
SB-20170,Sarah Bern,2,13.98,0.2,4.72,0,3,183.67,Consumer,Office Supplies,Central
SB-20170,Sarah Bern,5,354.9,0.0,17.74,0,3,183.67,Consumer,Office Supplies,West
SB-20170,Sarah Bern,4,19.04,0.0,9.33,0,3,183.67,Consumer,Office Supplies,East
SB-20170,Sarah Bern,3,13.13,0.2,4.27,0,3,183.67,Consumer,Office Supplies,East
SB-20170,Sarah Bern,3,64.14,0.0,16.68,0,3,183.67,Consumer,Office Supplies,East
SB-20170,Sarah Bern,4,858.24,0.1,143.04,0,3,183.67,Consumer,Furniture,East
SB-20185,Sarah Brown,5,493.43,0.3,-70.49,0,6,91.73,Consumer,Furniture,Central
SB-20185,Sarah Brown,2,11.12,0.2,3.48,0,6,91.73,Consumer,Technology,Central
SB-20185,Sarah Brown,4,1439.97,0.2,485.99,0,6,91.73,Consumer,Technology,Central
SB-20185,Sarah Brown,3,43.56,0.2,-4.9,0,6,91.73,Consumer,Technology,Central
SB-20185,Sarah Brown,2,8.26,0.0,3.8,0,6,91.73,Consumer,Office Supplies,West
SB-20185,Sarah Brown,7,2973.32,0.2,334.5,0,6,91.73,Consumer,Technology,West
SB-20185,Sarah Brown,7,104.79,0.0,29.34,0,6,91.73,Consumer,Office Supplies,West
SB-20185,Sarah Brown,6,775.73,0.2,58.18,0,6,91.73,Consumer,Technology,West
SB-20185,Sarah Brown,2,68.62,0.0,32.25,0,6,91.73,Consumer,Office Supplies,East
SB-20185,Sarah Brown,3,71.98,0.2,9.0,0,6,91.73,Consumer,Technology,West
SB-20185,Sarah Brown,3,19.44,0.0,9.33,0,6,91.73,Consumer,Office Supplies,West
SB-20185,Sarah Brown,1,400.78,0.2,-5.01,0,6,91.73,Consumer,Furniture,East
SB-20290,Sean Braxton,3,83.25,0.0,14.98,0,7,80.25,Corporate,Office Supplies,South
SB-20290,Sean Braxton,3,9.45,0.0,4.54,0,7,80.25,Corporate,Office Supplies,South
SB-20290,Sean Braxton,5,20.65,0.0,9.5,0,7,80.25,Corporate,Office Supplies,South
SB-20290,Sean Braxton,7,45.36,0.0,21.77,0,7,80.25,Corporate,Office Supplies,South
SB-20290,Sean Braxton,1,64.78,0.2,-14.58,0,7,80.25,Corporate,Office Supplies,East
SB-20290,Sean Braxton,3,32.38,0.4,4.32,0,7,80.25,Corporate,Technology,East
SB-20290,Sean Braxton,2,42.37,0.2,8.47,0,7,80.25,Corporate,Furniture,East
SB-20290,Sean Braxton,4,399.54,0.7,-559.36,0,7,80.25,Corporate,Technology,East
SB-20290,Sean Braxton,3,3059.98,0.4,-510.0,0,7,80.25,Corporate,Technology,Central
SB-20290,Sean Braxton,7,2519.96,0.4,-252.0,0,7,80.25,Corporate,Technology,Central
SB-20290,Sean Braxton,7,265.86,0.0,79.76,0,7,80.25,Corporate,Office Supplies,West
SB-20290,Sean Braxton,6,103.97,0.2,16.89,0,7,80.25,Corporate,Office Supplies,East
SB-20290,Sean Braxton,7,628.81,0.0,12.58,0,7,80.25,Corporate,Office Supplies,South
SB-20290,Sean Braxton,5,56.45,0.0,14.68,0,7,80.25,Corporate,Office Supplies,South
SB-20290,Sean Braxton,4,60.86,0.2,9.13,0,7,80.25,Corporate,Technology,East
SB-20290,Sean Braxton,7,653.0,0.7,-935.96,0,7,80.25,Corporate,Technology,East
SB-20290,Sean Braxton,10,11.22,0.7,-7.48,0,7,80.25,Corporate,Office Supplies,East
SC-20020,Sam Craven,3,176.77,0.8,-459.61,0,5,38.56,Consumer,Office Supplies,Central
SC-20020,Sam Craven,5,26.72,0.2,9.35,0,5,38.56,Consumer,Office Supplies,Central
SC-20020,Sam Craven,7,33.49,0.2,10.46,0,5,38.56,Consumer,Office Supplies,Central
SC-20020,Sam Craven,2,201.58,0.2,20.16,0,5,38.56,Consumer,Technology,Central
SC-20020,Sam Craven,4,3.39,0.8,-5.09,0,5,38.56,Consumer,Office Supplies,Central
SC-20020,Sam Craven,4,193.07,0.32,-19.87,0,5,38.56,Consumer,Furniture,Central
SC-20020,Sam Craven,3,15.55,0.2,5.44,0,5,38.56,Consumer,Office Supplies,Central
SC-20020,Sam Craven,2,11.65,0.2,4.08,0,5,38.56,Consumer,Office Supplies,Central
SC-20020,Sam Craven,2,418.8,0.4,-97.72,0,5,38.56,Consumer,Technology,Central
SC-20020,Sam Craven,7,509.49,0.2,-127.37,0,5,38.56,Consumer,Office Supplies,Central
SC-20020,Sam Craven,2,3.9,0.0,1.52,0,5,38.56,Consumer,Office Supplies,Central
SC-20020,Sam Craven,3,12.84,0.0,5.78,0,5,38.56,Consumer,Office Supplies,Central
SC-20020,Sam Craven,3,15.84,0.0,7.13,0,5,38.56,Consumer,Office Supplies,Central
SC-20020,Sam Craven,3,563.94,0.0,112.79,0,5,38.56,Consumer,Furniture,Central
SC-20020,Sam Craven,3,62.94,0.0,11.96,0,5,38.56,Consumer,Office Supplies,Central
SC-20020,Sam Craven,3,535.41,0.0,160.62,0,5,38.56,Consumer,Office Supplies,Central
SC-20020,Sam Craven,6,577.58,0.2,43.32,0,5,38.56,Consumer,Office Supplies,East
SC-20050,Sample Company A,2,111.0,0.0,14.43,0,9,95.93,Home Office,Furniture,West
SC-20050,Sample Company A,4,1279.97,0.2,415.99,0,9,95.93,Home Office,Technology,West
SC-20050,Sample Company A,7,1856.19,0.0,334.11,0,9,95.93,Home Office,Office Supplies,West
SC-20050,Sample Company A,6,22.2,0.0,9.1,0,9,95.93,Home Office,Furniture,East
SC-20050,Sample Company A,1,109.59,0.2,8.22,0,9,95.93,Home Office,Technology,West
SC-20050,Sample Company A,5,56.7,0.0,27.78,0,9,95.93,Home Office,Office Supplies,West
SC-20050,Sample Company A,3,377.97,0.0,94.49,0,9,95.93,Home Office,Technology,Central
SC-20050,Sample Company A,5,339.92,0.2,8.5,0,9,95.93,Home Office,Furniture,South
SC-20050,Sample Company A,4,10.53,0.2,3.42,0,9,95.93,Home Office,Office Supplies,South
SC-20050,Sample Company A,2,42.38,0.2,4.24,0,9,95.93,Home Office,Office Supplies,South
SC-20050,Sample Company A,3,11.36,0.8,-17.05,0,9,95.93,Home Office,Office Supplies,Central
SC-20050,Sample Company A,5,82.56,0.2,28.9,0,9,95.93,Home Office,Office Supplies,West
SC-20050,Sample Company A,3,284.97,0.0,85.49,0,9,95.93,Home Office,Technology,West
SC-20050,Sample Company A,9,11.65,0.8,-17.47,0,9,95.93,Home Office,Office Supplies,Central
SC-20050,Sample Company A,2,27.58,0.0,11.58,0,9,95.93,Home Office,Furniture,South
SC-20095,Sanjit Chand,2,129.57,0.2,-24.29,0,9,50.86,Consumer,Furniture,West
SC-20095,Sanjit Chand,3,15.55,0.2,2.33,0,9,50.86,Consumer,Office Supplies,South
SC-20095,Sanjit Chand,2,1793.98,0.0,843.17,0,9,50.86,Consumer,Office Supplies,South
SC-20095,Sanjit Chand,5,32.4,0.0,15.55,0,9,50.86,Consumer,Office Supplies,Central
SC-20095,Sanjit Chand,5,404.9,0.0,16.2,0,9,50.86,Consumer,Office Supplies,Central
SC-20095,Sanjit Chand,5,9449.95,0.0,4630.48,0,9,50.86,Consumer,Office Supplies,Central
SC-20095,Sanjit Chand,2,12.94,0.0,6.47,0,9,50.86,Consumer,Office Supplies,Central
SC-20095,Sanjit Chand,5,603.92,0.2,-67.94,0,9,50.86,Consumer,Furniture,West
SC-20095,Sanjit Chand,3,21.84,0.0,10.48,0,9,50.86,Consumer,Office Supplies,West
SC-20095,Sanjit Chand,1,29.99,0.0,6.3,0,9,50.86,Consumer,Technology,West
SC-20095,Sanjit Chand,2,381.44,0.2,23.84,0,9,50.86,Consumer,Furniture,West
SC-20095,Sanjit Chand,3,5.04,0.0,0.2,0,9,50.86,Consumer,Office Supplies,West
SC-20095,Sanjit Chand,3,92.94,0.0,41.82,0,9,50.86,Consumer,Office Supplies,West
SC-20095,Sanjit Chand,3,66.69,0.0,22.01,0,9,50.86,Consumer,Furniture,West
SC-20095,Sanjit Chand,5,91.68,0.2,28.65,0,9,50.86,Consumer,Office Supplies,West
SC-20095,Sanjit Chand,4,282.84,0.0,19.8,0,9,50.86,Consumer,Furniture,West
SC-20095,Sanjit Chand,9,27.72,0.0,13.31,0,9,50.86,Consumer,Office Supplies,West
SC-20095,Sanjit Chand,8,119.62,0.2,40.37,0,9,50.86,Consumer,Office Supplies,West
SC-20095,Sanjit Chand,4,255.76,0.0,81.84,0,9,50.86,Consumer,Furniture,West
SC-20095,Sanjit Chand,2,241.57,0.2,18.12,0,9,50.86,Consumer,Furniture,West
SC-20095,Sanjit Chand,9,69.3,0.0,22.87,0,9,50.86,Consumer,Furniture,West
SC-20095,Sanjit Chand,2,12.7,0.0,5.84,0,9,50.86,Consumer,Office Supplies,East
SC-20230,Scot Coram,4,105.52,0.0,48.54,0,4,42.3,Corporate,Office Supplies,East
SC-20230,Scot Coram,9,863.64,0.2,107.95,0,4,42.3,Corporate,Technology,Central
SC-20230,Scot Coram,3,47.62,0.2,3.57,0,4,42.3,Corporate,Office Supplies,Central
SC-20230,Scot Coram,2,12.67,0.2,4.75,0,4,42.3,Corporate,Office Supplies,West
SC-20230,Scot Coram,5,91.96,0.2,-20.69,0,4,42.3,Corporate,Technology,West
SC-20230,Scot Coram,3,254.97,0.0,91.79,0,4,42.3,Corporate,Technology,West
SC-20230,Scot Coram,2,31.98,0.2,-8.0,0,4,42.3,Corporate,Technology,West
SC-20230,Scot Coram,9,2887.06,0.2,180.44,0,4,42.3,Corporate,Furniture,West
SC-20230,Scot Coram,2,12.96,0.0,6.22,0,4,42.3,Corporate,Office Supplies,West
SC-20230,Scot Coram,9,47.52,0.0,21.38,0,4,42.3,Corporate,Office Supplies,West
SC-20230,Scot Coram,1,16.06,0.0,4.18,0,4,42.3,Corporate,Office Supplies,West
SC-20260,Scott Cohen,3,653.55,0.0,111.1,0,8,69.24,Corporate,Furniture,West
SC-20260,Scott Cohen,2,33.9,0.0,2.03,0,8,69.24,Corporate,Technology,West
SC-20260,Scott Cohen,4,6.05,0.2,-1.36,0,8,69.24,Corporate,Office Supplies,Central
SC-20260,Scott Cohen,2,6.85,0.2,2.14,0,8,69.24,Corporate,Office Supplies,Central
SC-20260,Scott Cohen,5,9.96,0.6,-6.72,0,8,69.24,Corporate,Furniture,Central
SC-20260,Scott Cohen,2,8.55,0.8,-13.68,0,8,69.24,Corporate,Office Supplies,Central
SC-20260,Scott Cohen,3,10.95,0.0,3.28,0,8,69.24,Corporate,Office Supplies,West
SC-20260,Scott Cohen,2,6.68,0.0,2.0,0,8,69.24,Corporate,Office Supplies,East
SC-20260,Scott Cohen,5,79.96,0.2,27.99,0,8,69.24,Corporate,Technology,South
SC-20260,Scott Cohen,7,1552.83,0.15,200.95,0,8,69.24,Corporate,Furniture,West
SC-20260,Scott Cohen,5,137.24,0.2,46.32,0,8,69.24,Corporate,Office Supplies,West
SC-20260,Scott Cohen,1,36.51,0.0,15.7,0,8,69.24,Corporate,Technology,West
SC-20260,Scott Cohen,3,239.98,0.2,80.99,0,8,69.24,Corporate,Technology,West
SC-20260,Scott Cohen,5,33.62,0.8,-90.77,0,8,69.24,Corporate,Office Supplies,Central
SC-20260,Scott Cohen,2,102.37,0.2,37.11,0,8,69.24,Corporate,Office Supplies,East
SC-20260,Scott Cohen,5,28.4,0.0,8.24,0,8,69.24,Corporate,Office Supplies,East
SC-20260,Scott Cohen,4,713.88,0.0,214.16,0,8,69.24,Corporate,Office Supplies,East
SC-20260,Scott Cohen,3,68.52,0.0,31.52,0,8,69.24,Corporate,Office Supplies,East
SC-20305,Sean Christensen,4,319.97,0.2,95.99,0,7,98.27,Consumer,Technology,Central
SC-20305,Sean Christensen,7,8.62,0.6,-2.59,0,7,98.27,Consumer,Furniture,Central
SC-20305,Sean Christensen,5,2803.92,0.2,0.0,0,7,98.27,Consumer,Furniture,West
SC-20305,Sean Christensen,7,43.96,0.0,18.46,0,7,98.27,Consumer,Furniture,West
SC-20305,Sean Christensen,7,39.76,0.0,18.69,0,7,98.27,Consumer,Office Supplies,West
SC-20305,Sean Christensen,6,155.34,0.0,55.92,0,7,98.27,Consumer,Technology,Central
SC-20305,Sean Christensen,4,132.52,0.0,54.33,0,7,98.27,Consumer,Technology,Central
SC-20305,Sean Christensen,6,25.34,0.2,7.92,0,7,98.27,Consumer,Office Supplies,Central
SC-20305,Sean Christensen,5,26.72,0.2,9.35,0,7,98.27,Consumer,Office Supplies,Central
SC-20305,Sean Christensen,4,15.94,0.2,5.18,0,7,98.27,Consumer,Office Supplies,East
SC-20305,Sean Christensen,7,8.0,0.7,-5.6,0,7,98.27,Consumer,Office Supplies,East
SC-20305,Sean Christensen,2,398.97,0.3,-28.5,0,7,98.27,Consumer,Furniture,East
SC-20380,Shahid Collister,5,18.84,0.2,-3.53,0,9,72.11,Consumer,Office Supplies,Central
SC-20380,Shahid Collister,6,362.25,0.3,0.0,0,9,72.11,Consumer,Furniture,Central
SC-20380,Shahid Collister,6,63.55,0.6,-34.95,0,9,72.11,Consumer,Furniture,Central
SC-20380,Shahid Collister,3,129.55,0.2,-22.67,0,9,72.11,Consumer,Office Supplies,Central
SC-20380,Shahid Collister,3,29.97,0.0,13.49,0,9,72.11,Consumer,Office Supplies,West
SC-20380,Shahid Collister,3,98.35,0.2,34.42,0,9,72.11,Consumer,Office Supplies,West
SC-20380,Shahid Collister,3,14.91,0.0,4.62,0,9,72.11,Consumer,Furniture,East
SC-20380,Shahid Collister,2,15.62,0.8,-25.0,0,9,72.11,Consumer,Office Supplies,Central
SC-20380,Shahid Collister,2,3.88,0.7,-2.59,0,9,72.11,Consumer,Office Supplies,South
SC-20380,Shahid Collister,3,115.3,0.2,40.35,0,9,72.11,Consumer,Office Supplies,South
SC-20380,Shahid Collister,2,30.88,0.0,15.44,0,9,72.11,Consumer,Office Supplies,East
SC-20380,Shahid Collister,2,465.16,0.0,120.94,0,9,72.11,Consumer,Office Supplies,East
SC-20380,Shahid Collister,4,27.12,0.0,12.48,0,9,72.11,Consumer,Office Supplies,East
SC-20380,Shahid Collister,4,67.8,0.0,4.07,0,9,72.11,Consumer,Technology,South
SC-20380,Shahid Collister,3,377.97,0.0,98.27,0,9,72.11,Consumer,Technology,South
SC-20380,Shahid Collister,9,1628.82,0.0,374.63,0,9,72.11,Consumer,Furniture,South
SC-20380,Shahid Collister,7,286.93,0.0,140.6,0,9,72.11,Consumer,Office Supplies,South
SC-20380,Shahid Collister,3,89.97,0.0,37.79,0,9,72.11,Consumer,Technology,West
SC-20380,Shahid Collister,3,383.98,0.2,81.59,0,9,72.11,Consumer,Technology,South
SC-20380,Shahid Collister,7,1781.68,0.4,-653.28,0,9,72.11,Consumer,Furniture,South
SC-20440,Shaun Chance,9,52.2,0.0,23.49,0,7,92.22,Corporate,Office Supplies,East
SC-20440,Shaun Chance,4,7.66,0.7,-6.12,0,7,92.22,Corporate,Office Supplies,East
SC-20440,Shaun Chance,3,14.91,0.0,4.62,0,7,92.22,Corporate,Furniture,West
SC-20440,Shaun Chance,4,1158.12,0.0,335.85,0,7,92.22,Corporate,Office Supplies,West
SC-20440,Shaun Chance,4,139.42,0.2,17.43,0,7,92.22,Corporate,Office Supplies,West
SC-20440,Shaun Chance,3,40.18,0.2,14.56,0,7,92.22,Corporate,Office Supplies,East
SC-20440,Shaun Chance,1,61.54,0.4,-13.33,0,7,92.22,Corporate,Technology,East
SC-20440,Shaun Chance,7,81.44,0.7,-65.15,0,7,92.22,Corporate,Office Supplies,East
SC-20440,Shaun Chance,2,89.99,0.4,-15.0,0,7,92.22,Corporate,Technology,East
SC-20440,Shaun Chance,7,229.54,0.2,83.21,0,7,92.22,Corporate,Office Supplies,East
SC-20575,Sonia Cooley,8,647.84,0.0,32.39,0,5,200.17,Consumer,Furniture,Central
SC-20575,Sonia Cooley,2,1.87,0.7,-1.31,0,5,200.17,Consumer,Office Supplies,South
SC-20575,Sonia Cooley,2,11.21,0.7,-8.6,0,5,200.17,Consumer,Office Supplies,South
SC-20575,Sonia Cooley,8,37.38,0.2,7.48,0,5,200.17,Consumer,Office Supplies,South
SC-20575,Sonia Cooley,3,102.93,0.0,48.38,0,5,200.17,Consumer,Office Supplies,East
SC-20575,Sonia Cooley,2,2.3,0.8,-3.9,0,5,200.17,Consumer,Office Supplies,Central
SC-20575,Sonia Cooley,5,99.2,0.0,25.79,0,5,200.17,Consumer,Office Supplies,West
SC-20680,Steve Carroll,2,6.58,0.0,3.03,0,6,144.14,Home Office,Office Supplies,West
SC-20680,Steve Carroll,1,94.99,0.0,28.5,0,6,144.14,Home Office,Technology,West
SC-20680,Steve Carroll,6,821.94,0.0,213.7,0,6,144.14,Home Office,Technology,Central
SC-20680,Steve Carroll,7,20.44,0.0,9.2,0,6,144.14,Home Office,Office Supplies,Central
SC-20680,Steve Carroll,2,109.92,0.0,53.86,0,6,144.14,Home Office,Office Supplies,Central
SC-20680,Steve Carroll,3,82.26,0.0,33.73,0,6,144.14,Home Office,Furniture,West
SC-20680,Steve Carroll,3,46.53,0.0,13.03,0,6,144.14,Home Office,Office Supplies,West
SC-20680,Steve Carroll,2,71.98,0.0,15.12,0,6,144.14,Home Office,Technology,South
SC-20695,Steve Chapman,5,114.2,0.0,52.53,0,10,78.54,Corporate,Office Supplies,Central
SC-20695,Steve Chapman,3,52.59,0.0,15.78,0,10,78.54,Corporate,Office Supplies,Central
SC-20695,Steve Chapman,5,714.3,0.0,207.15,0,10,78.54,Corporate,Office Supplies,Central
SC-20695,Steve Chapman,7,45.58,0.2,5.13,0,10,78.54,Corporate,Office Supplies,South
SC-20695,Steve Chapman,7,519.68,0.2,58.46,0,10,78.54,Corporate,Technology,South
SC-20695,Steve Chapman,3,68.52,0.0,31.52,0,10,78.54,Corporate,Office Supplies,Central
SC-20695,Steve Chapman,5,499.95,0.0,174.98,0,10,78.54,Corporate,Technology,Central
SC-20695,Steve Chapman,1,3.04,0.0,1.03,0,10,78.54,Corporate,Office Supplies,Central
SC-20695,Steve Chapman,2,201.96,0.0,50.49,0,10,78.54,Corporate,Furniture,Central
SC-20695,Steve Chapman,11,68.64,0.0,17.16,0,10,78.54,Corporate,Furniture,Central
SC-20695,Steve Chapman,4,73.54,0.2,9.19,0,10,78.54,Corporate,Office Supplies,East
SC-20695,Steve Chapman,5,177.2,0.0,83.28,0,10,78.54,Corporate,Office Supplies,Central
SC-20695,Steve Chapman,2,15.22,0.8,-38.82,0,10,78.54,Corporate,Office Supplies,Central
SC-20695,Steve Chapman,6,21.98,0.8,-56.06,0,10,78.54,Corporate,Office Supplies,Central
SC-20725,Steven Cartwright,6,515.88,0.0,113.49,0,11,44.76,Consumer,Furniture,West
SC-20725,Steven Cartwright,4,683.14,0.3,0.0,0,11,44.76,Consumer,Furniture,Central
SC-20725,Steven Cartwright,3,1.48,0.8,-2.21,0,11,44.76,Consumer,Office Supplies,Central
SC-20725,Steven Cartwright,7,40.71,0.2,3.56,0,11,44.76,Consumer,Office Supplies,Central
SC-20725,Steven Cartwright,1,20.1,0.2,1.76,0,11,44.76,Consumer,Furniture,East
SC-20725,Steven Cartwright,2,30.08,0.2,-5.26,0,11,44.76,Consumer,Technology,West
SC-20725,Steven Cartwright,7,36.29,0.2,12.7,0,11,44.76,Consumer,Office Supplies,West
SC-20725,Steven Cartwright,3,10.27,0.2,1.16,0,11,44.76,Consumer,Office Supplies,West
SC-20725,Steven Cartwright,4,252.8,0.2,-31.6,0,11,44.76,Consumer,Technology,West
SC-20725,Steven Cartwright,9,181.35,0.0,48.96,0,11,44.76,Consumer,Office Supplies,West
SC-20725,Steven Cartwright,3,8.64,0.0,4.23,0,11,44.76,Consumer,Office Supplies,West
SC-20725,Steven Cartwright,5,2.08,0.8,-3.43,0,11,44.76,Consumer,Office Supplies,Central
SC-20725,Steven Cartwright,7,1114.4,0.2,376.11,0,11,44.76,Consumer,Technology,Central
SC-20725,Steven Cartwright,9,305.01,0.0,76.25,0,11,44.76,Consumer,Office Supplies,West
SC-20725,Steven Cartwright,2,50.78,0.2,17.77,0,11,44.76,Consumer,Office Supplies,West
SC-20725,Steven Cartwright,9,26.01,0.0,12.22,0,11,44.76,Consumer,Office Supplies,West
SC-20725,Steven Cartwright,3,47.04,0.0,18.35,0,11,44.76,Consumer,Furniture,East
SC-20725,Steven Cartwright,4,30.84,0.0,13.88,0,11,44.76,Consumer,Office Supplies,East
SC-20725,Steven Cartwright,6,226.56,0.0,63.44,0,11,44.76,Consumer,Office Supplies,East
SC-20725,Steven Cartwright,9,115.02,0.0,51.76,0,11,44.76,Consumer,Office Supplies,East
SC-20725,Steven Cartwright,7,68.04,0.0,19.73,0,11,44.76,Consumer,Technology,East
SC-20725,Steven Cartwright,11,474.43,0.0,199.26,0,11,44.76,Consumer,Furniture,West
SC-20725,Steven Cartwright,4,725.84,0.0,210.49,0,11,44.76,Consumer,Office Supplies,West
SC-20725,Steven Cartwright,3,10.9,0.2,3.95,0,11,44.76,Consumer,Office Supplies,West
SC-20725,Steven Cartwright,2,8.54,0.2,2.88,0,11,44.76,Consumer,Office Supplies,West
SC-20725,Steven Cartwright,3,239.97,0.0,67.19,0,11,44.76,Consumer,Technology,East
SC-20770,Stewart Carmichael,6,257.64,0.0,100.48,0,7,44.15,Corporate,Furniture,West
SC-20770,Stewart Carmichael,3,125.98,0.2,47.24,0,7,44.15,Corporate,Technology,West
SC-20770,Stewart Carmichael,2,386.68,0.3,-5.52,0,7,44.15,Corporate,Furniture,East
SC-20770,Stewart Carmichael,5,379.96,0.2,47.49,0,7,44.15,Corporate,Technology,East
SC-20770,Stewart Carmichael,3,539.91,0.4,-116.98,0,7,44.15,Corporate,Technology,East
SC-20770,Stewart Carmichael,5,41.24,0.2,13.92,0,7,44.15,Corporate,Office Supplies,East
SC-20770,Stewart Carmichael,1,51.9,0.7,-41.52,0,7,44.15,Corporate,Office Supplies,East
SC-20770,Stewart Carmichael,5,552.56,0.2,-138.14,0,7,44.15,Corporate,Office Supplies,East
SC-20770,Stewart Carmichael,5,23.16,0.7,-15.44,0,7,44.15,Corporate,Office Supplies,East
SC-20770,Stewart Carmichael,2,126.08,0.2,-28.37,0,7,44.15,Corporate,Office Supplies,East
SC-20770,Stewart Carmichael,3,449.1,0.7,-643.71,0,7,44.15,Corporate,Technology,East
SC-20770,Stewart Carmichael,1,208.16,0.0,56.2,0,7,44.15,Corporate,Office Supplies,South
SC-20770,Stewart Carmichael,3,16.74,0.0,8.04,0,7,44.15,Corporate,Office Supplies,South
SC-20770,Stewart Carmichael,2,6.85,0.2,2.14,0,7,44.15,Corporate,Office Supplies,East
SC-20770,Stewart Carmichael,2,4.63,0.7,-3.85,0,7,44.15,Corporate,Office Supplies,East
SC-20770,Stewart Carmichael,3,453.6,0.2,90.72,0,7,44.15,Corporate,Office Supplies,East
SC-20770,Stewart Carmichael,3,99.39,0.0,40.75,0,7,44.15,Corporate,Technology,West
SC-20770,Stewart Carmichael,4,6.98,0.2,-1.4,0,7,44.15,Corporate,Office Supplies,Central
SC-20770,Stewart Carmichael,7,12.22,0.8,-20.17,0,7,44.15,Corporate,Office Supplies,Central
SC-20770,Stewart Carmichael,6,718.12,0.3,-71.81,0,7,44.15,Corporate,Furniture,Central
SC-20770,Stewart Carmichael,4,31.78,0.2,8.74,0,7,44.15,Corporate,Office Supplies,Central
SC-20800,Stuart Calhoun,2,159.98,0.2,36.0,0,4,180.0,Consumer,Technology,Central
SC-20800,Stuart Calhoun,3,46.34,0.2,4.63,0,4,180.0,Consumer,Office Supplies,Central
SC-20800,Stuart Calhoun,3,66.3,0.0,8.62,0,4,180.0,Consumer,Technology,South
SC-20800,Stuart Calhoun,1,4.26,0.0,1.75,0,4,180.0,Consumer,Office Supplies,West
SC-20800,Stuart Calhoun,2,2.37,0.2,0.83,0,4,180.0,Consumer,Office Supplies,Central
SC-20845,Sung Chung,6,14.11,0.2,1.23,0,2,94.33,Consumer,Office Supplies,Central
SC-20845,Sung Chung,3,237.1,0.2,20.75,0,2,94.33,Consumer,Office Supplies,West
SC-20845,Sung Chung,3,22.75,0.2,7.11,0,2,94.33,Consumer,Furniture,West
SC-20845,Sung Chung,1,6.67,0.2,2.08,0,2,94.33,Consumer,Office Supplies,West
SD-20485,Shirley Daniels,3,62.82,0.0,30.78,0,9,61.7,Home Office,Furniture,South
SD-20485,Shirley Daniels,8,489.92,0.0,0.0,0,9,61.7,Home Office,Office Supplies,South
SD-20485,Shirley Daniels,3,19.44,0.0,9.33,0,9,61.7,Home Office,Office Supplies,South
SD-20485,Shirley Daniels,2,16.68,0.0,8.34,0,9,61.7,Home Office,Office Supplies,South
SD-20485,Shirley Daniels,13,155.35,0.0,0.0,0,9,61.7,Home Office,Technology,South
SD-20485,Shirley Daniels,3,12.42,0.0,4.47,0,9,61.7,Home Office,Furniture,South
SD-20485,Shirley Daniels,2,187.98,0.0,52.63,0,9,61.7,Home Office,Technology,South
SD-20485,Shirley Daniels,1,10.3,0.2,-2.19,0,9,61.7,Home Office,Office Supplies,East
SD-20485,Shirley Daniels,3,154.76,0.4,-36.11,0,9,61.7,Home Office,Furniture,East
SD-20485,Shirley Daniels,2,116.78,0.2,21.9,0,9,61.7,Home Office,Technology,East
SD-20485,Shirley Daniels,1,69.99,0.0,30.1,0,9,61.7,Home Office,Technology,East
SD-20485,Shirley Daniels,7,46.87,0.2,3.52,0,9,61.7,Home Office,Furniture,West
SD-20485,Shirley Daniels,1,186.73,0.1,41.5,0,9,61.7,Home Office,Office Supplies,Central
SD-20485,Shirley Daniels,3,3812.97,0.0,1906.48,0,9,61.7,Home Office,Office Supplies,Central
SD-20485,Shirley Daniels,4,20.96,0.2,6.81,0,9,61.7,Home Office,Office Supplies,Central
SD-20485,Shirley Daniels,6,25.44,0.0,12.72,0,9,61.7,Home Office,Office Supplies,East
SD-20485,Shirley Daniels,3,27.93,0.0,8.1,0,9,61.7,Home Office,Office Supplies,East
SD-20485,Shirley Daniels,4,20.74,0.2,7.26,0,9,61.7,Home Office,Office Supplies,Central
SD-20485,Shirley Daniels,4,164.74,0.2,-39.12,0,9,61.7,Home Office,Office Supplies,Central
SD-20485,Shirley Daniels,7,470.3,0.3,-87.34,0,9,61.7,Home Office,Furniture,Central
SD-20485,Shirley Daniels,2,47.98,0.2,6.0,0,9,61.7,Home Office,Technology,Central
SE-20110,Sanjit Engle,1,9.58,0.2,3.35,0,11,75.0,Consumer,Office Supplies,West
SE-20110,Sanjit Engle,5,169.45,0.0,42.36,0,11,75.0,Consumer,Office Supplies,West
SE-20110,Sanjit Engle,2,40.68,0.0,0.41,0,11,75.0,Consumer,Office Supplies,West
SE-20110,Sanjit Engle,7,51.02,0.2,8.29,0,11,75.0,Consumer,Office Supplies,West
SE-20110,Sanjit Engle,3,85.14,0.0,34.91,0,11,75.0,Consumer,Technology,East
SE-20110,Sanjit Engle,1,21.99,0.0,10.56,0,11,75.0,Consumer,Technology,East
SE-20110,Sanjit Engle,5,406.6,0.0,113.85,0,11,75.0,Consumer,Office Supplies,East
SE-20110,Sanjit Engle,5,8749.95,0.0,2799.98,0,11,75.0,Consumer,Technology,South
SE-20110,Sanjit Engle,8,36.4,0.0,18.2,0,11,75.0,Consumer,Office Supplies,South
SE-20110,Sanjit Engle,7,18.69,0.0,7.1,0,11,75.0,Consumer,Furniture,South
SE-20110,Sanjit Engle,2,14.62,0.0,6.87,0,11,75.0,Consumer,Office Supplies,West
SE-20110,Sanjit Engle,14,53.98,0.2,17.54,0,11,75.0,Consumer,Office Supplies,West
SE-20110,Sanjit Engle,3,389.97,0.0,132.59,0,11,75.0,Consumer,Technology,West
SE-20110,Sanjit Engle,2,14.14,0.6,-7.77,0,11,75.0,Consumer,Furniture,Central
SE-20110,Sanjit Engle,3,601.47,0.5,-300.74,0,11,75.0,Consumer,Furniture,Central
SE-20110,Sanjit Engle,2,1332.5,0.2,-299.81,0,11,75.0,Consumer,Office Supplies,West
SE-20110,Sanjit Engle,1,5.95,0.2,0.37,0,11,75.0,Consumer,Office Supplies,Central
SE-20110,Sanjit Engle,5,82.95,0.0,29.03,0,11,75.0,Consumer,Technology,West
SE-20110,Sanjit Engle,2,124.36,0.0,33.58,0,11,75.0,Consumer,Office Supplies,West
SF-20065,Sandra Flanagan,4,81.92,0.0,22.12,0,7,143.5,Consumer,Office Supplies,East
SF-20065,Sandra Flanagan,5,254.9,0.0,76.47,0,7,143.5,Consumer,Furniture,East
SF-20065,Sandra Flanagan,3,31.56,0.0,10.41,0,7,143.5,Consumer,Furniture,West
SF-20065,Sandra Flanagan,5,13.12,0.2,1.48,0,7,143.5,Consumer,Office Supplies,South
SF-20065,Sandra Flanagan,2,45.04,0.2,4.5,0,7,143.5,Consumer,Office Supplies,Central
SF-20065,Sandra Flanagan,3,34.94,0.2,3.06,0,7,143.5,Consumer,Office Supplies,South
SF-20065,Sandra Flanagan,2,71.37,0.3,-1.02,0,7,143.5,Consumer,Furniture,East
SF-20065,Sandra Flanagan,10,189.7,0.0,91.06,0,7,143.5,Consumer,Office Supplies,East
SF-20065,Sandra Flanagan,1,40.99,0.0,20.09,0,7,143.5,Consumer,Office Supplies,East
SF-20200,Sarah Foster,11,207.24,0.0,58.03,0,9,74.57,Consumer,Office Supplies,Central
SF-20200,Sarah Foster,2,23.92,0.0,6.7,0,9,74.57,Consumer,Technology,Central
SF-20200,Sarah Foster,7,60.69,0.0,16.39,0,9,74.57,Consumer,Office Supplies,Central
SF-20200,Sarah Foster,6,121.1,0.7,-100.92,0,9,74.57,Consumer,Office Supplies,East
SF-20200,Sarah Foster,1,45.89,0.4,-9.18,0,9,74.57,Consumer,Technology,East
SF-20200,Sarah Foster,2,3.64,0.0,0.98,0,9,74.57,Consumer,Office Supplies,East
SF-20200,Sarah Foster,3,10.47,0.0,4.82,0,9,74.57,Consumer,Office Supplies,West
SF-20200,Sarah Foster,3,11.07,0.0,5.2,0,9,74.57,Consumer,Office Supplies,West
SF-20200,Sarah Foster,4,20.7,0.2,7.76,0,9,74.57,Consumer,Office Supplies,West
SF-20200,Sarah Foster,3,8.82,0.0,2.38,0,9,74.57,Consumer,Office Supplies,West
SF-20200,Sarah Foster,9,71.93,0.2,6.29,0,9,74.57,Consumer,Technology,West
SF-20200,Sarah Foster,1,25.99,0.0,7.54,0,9,74.57,Consumer,Office Supplies,West
SF-20200,Sarah Foster,8,120.58,0.2,33.16,0,9,74.57,Consumer,Furniture,West
SF-20200,Sarah Foster,5,25.12,0.2,7.85,0,9,74.57,Consumer,Office Supplies,West
SF-20200,Sarah Foster,9,2665.62,0.0,239.91,0,9,74.57,Consumer,Furniture,West
SF-20965,Sylvia Foulston,3,36.36,0.2,12.27,0,9,69.88,Corporate,Office Supplies,West
SF-20965,Sylvia Foulston,2,10.37,0.2,3.63,0,9,69.88,Corporate,Office Supplies,Central
SF-20965,Sylvia Foulston,2,21.94,0.6,-10.42,0,9,69.88,Corporate,Furniture,Central
SF-20965,Sylvia Foulston,3,6.59,0.8,-10.21,0,9,69.88,Corporate,Office Supplies,Central
SF-20965,Sylvia Foulston,5,77.55,0.0,21.71,0,9,69.88,Corporate,Office Supplies,East
SF-20965,Sylvia Foulston,2,301.96,0.0,87.57,0,9,69.88,Corporate,Furniture,Central
SF-20965,Sylvia Foulston,5,555.21,0.1,178.9,0,9,69.88,Corporate,Office Supplies,Central
SF-20965,Sylvia Foulston,4,523.48,0.0,130.87,0,9,69.88,Corporate,Office Supplies,Central
SF-20965,Sylvia Foulston,9,161.82,0.0,46.93,0,9,69.88,Corporate,Office Supplies,Central
SF-20965,Sylvia Foulston,5,1403.92,0.2,70.2,0,9,69.88,Corporate,Furniture,West
SF-20965,Sylvia Foulston,4,29.66,0.2,10.01,0,9,69.88,Corporate,Office Supplies,Central
SF-20965,Sylvia Foulston,7,9.18,0.2,2.87,0,9,69.88,Corporate,Office Supplies,Central
SF-20965,Sylvia Foulston,2,153.58,0.2,13.44,0,9,69.88,Corporate,Technology,Central
SF-20965,Sylvia Foulston,8,12.86,0.8,-22.51,0,9,69.88,Corporate,Office Supplies,Central
SF-20965,Sylvia Foulston,1,2.66,0.7,-1.86,0,9,69.88,Corporate,Office Supplies,East
SF-20965,Sylvia Foulston,2,10.85,0.2,3.53,0,9,69.88,Corporate,Office Supplies,East
SF-20965,Sylvia Foulston,2,18.54,0.2,3.01,0,9,69.88,Corporate,Technology,East
SG-20080,Sandra Glassco,1,19.98,0.0,9.39,0,3,78.3,Consumer,Office Supplies,West
SG-20080,Sandra Glassco,3,398.35,0.2,124.48,0,3,78.3,Consumer,Office Supplies,West
SG-20080,Sandra Glassco,3,5.04,0.0,1.26,0,3,78.3,Consumer,Office Supplies,West
SG-20080,Sandra Glassco,5,17.45,0.0,8.03,0,3,78.3,Consumer,Office Supplies,West
SG-20080,Sandra Glassco,4,323.14,0.2,20.2,0,3,78.3,Consumer,Furniture,West
SG-20080,Sandra Glassco,3,29.7,0.0,8.02,0,3,78.3,Consumer,Office Supplies,West
SG-20080,Sandra Glassco,4,1295.84,0.2,145.78,0,3,78.3,Consumer,Technology,West
SG-20080,Sandra Glassco,2,46.84,0.0,12.65,0,3,78.3,Consumer,Office Supplies,West
SG-20080,Sandra Glassco,1,425.83,0.15,20.04,0,3,78.3,Consumer,Furniture,West
SG-20080,Sandra Glassco,1,4.98,0.0,2.34,0,3,78.3,Consumer,Office Supplies,West
SG-20080,Sandra Glassco,3,839.43,0.0,218.25,0,3,78.3,Consumer,Office Supplies,Central
SG-20470,Sheri Gordon,2,67.88,0.0,18.33,0,8,82.31,Consumer,Furniture,South
SG-20470,Sheri Gordon,13,162.89,0.0,76.56,0,8,82.31,Consumer,Office Supplies,South
SG-20470,Sheri Gordon,3,25.71,0.0,9.26,0,8,82.31,Consumer,Furniture,South
SG-20470,Sheri Gordon,3,43.68,0.0,11.79,0,8,82.31,Consumer,Office Supplies,West
SG-20470,Sheri Gordon,7,139.93,0.0,34.98,0,8,82.31,Consumer,Technology,West
SG-20470,Sheri Gordon,4,31.56,0.0,14.2,0,8,82.31,Consumer,Office Supplies,South
SG-20470,Sheri Gordon,4,27.92,0.0,0.56,0,8,82.31,Consumer,Office Supplies,South
SG-20470,Sheri Gordon,4,163.14,0.2,20.39,0,8,82.31,Consumer,Furniture,South
SG-20470,Sheri Gordon,4,6.41,0.7,-4.91,0,8,82.31,Consumer,Office Supplies,South
SG-20470,Sheri Gordon,1,117.88,0.1,1.31,0,8,82.31,Consumer,Furniture,East
SG-20470,Sheri Gordon,3,19.44,0.0,9.33,0,8,82.31,Consumer,Office Supplies,East
SG-20470,Sheri Gordon,1,7.38,0.0,3.62,0,8,82.31,Consumer,Office Supplies,East
SG-20470,Sheri Gordon,8,26.35,0.7,-18.45,0,8,82.31,Consumer,Office Supplies,West
SG-20470,Sheri Gordon,5,1044.63,0.4,-295.98,0,8,82.31,Consumer,Furniture,East
SG-20605,Speros Goranitis,3,5.94,0.0,0.0,0,6,110.75,Consumer,Office Supplies,Central
SG-20605,Speros Goranitis,4,783.96,0.0,219.51,0,6,110.75,Consumer,Technology,East
SG-20605,Speros Goranitis,2,48.9,0.2,18.34,0,6,110.75,Consumer,Office Supplies,East
SG-20605,Speros Goranitis,2,7.86,0.2,2.85,0,6,110.75,Consumer,Office Supplies,East
SG-20605,Speros Goranitis,3,323.98,0.2,36.45,0,6,110.75,Consumer,Technology,Central
SG-20605,Speros Goranitis,3,15.55,0.2,5.44,0,6,110.75,Consumer,Office Supplies,Central
SG-20605,Speros Goranitis,3,32.59,0.2,-7.74,0,6,110.75,Consumer,Office Supplies,Central
SG-20605,Speros Goranitis,1,6.48,0.0,3.11,0,6,110.75,Consumer,Office Supplies,East
SG-20605,Speros Goranitis,7,41.86,0.0,20.51,0,6,110.75,Consumer,Office Supplies,East
SG-20605,Speros Goranitis,9,1619.91,0.0,97.19,0,6,110.75,Consumer,Technology,East
SG-20605,Speros Goranitis,4,113.92,0.0,42.15,0,6,110.75,Consumer,Furniture,East
SG-20605,Speros Goranitis,3,107.97,0.0,22.67,0,6,110.75,Consumer,Technology,West
SG-20605,Speros Goranitis,5,15.92,0.2,2.79,0,6,110.75,Consumer,Office Supplies,South
SG-20890,Susan Gilcrest,5,10.5,0.0,2.94,0,3,286.25,Corporate,Office Supplies,East
SG-20890,Susan Gilcrest,2,19.65,0.2,6.63,0,3,286.25,Corporate,Office Supplies,Central
SG-20890,Susan Gilcrest,7,6.87,0.8,-10.65,0,3,286.25,Corporate,Office Supplies,Central
SG-20890,Susan Gilcrest,1,2.0,0.8,-3.29,0,3,286.25,Corporate,Office Supplies,Central
SG-20890,Susan Gilcrest,2,8.93,0.2,0.67,0,3,286.25,Corporate,Office Supplies,Central
SH-19975,Sally Hughsby,3,338.35,0.2,4.23,0,13,38.82,Corporate,Furniture,West
SH-19975,Sally Hughsby,4,25.92,0.0,12.44,0,13,38.82,Corporate,Office Supplies,West
SH-19975,Sally Hughsby,4,91.36,0.0,42.03,0,13,38.82,Corporate,Office Supplies,West
SH-19975,Sally Hughsby,4,307.14,0.2,-11.52,0,13,38.82,Corporate,Furniture,West
SH-19975,Sally Hughsby,2,12.6,0.0,5.8,0,13,38.82,Corporate,Office Supplies,West
SH-19975,Sally Hughsby,2,159.98,0.0,57.59,0,13,38.82,Corporate,Technology,West
SH-19975,Sally Hughsby,3,3.8,0.8,-5.89,0,13,38.82,Corporate,Office Supplies,Central
SH-19975,Sally Hughsby,2,20.62,0.0,9.69,0,13,38.82,Corporate,Office Supplies,Central
SH-19975,Sally Hughsby,7,124.25,0.0,48.46,0,13,38.82,Corporate,Technology,Central
SH-19975,Sally Hughsby,5,297.55,0.0,83.31,0,13,38.82,Corporate,Technology,Central
SH-19975,Sally Hughsby,4,403.56,0.0,96.85,0,13,38.82,Corporate,Furniture,Central
SH-19975,Sally Hughsby,5,95.2,0.0,27.61,0,13,38.82,Corporate,Furniture,Central
SH-19975,Sally Hughsby,3,40.78,0.2,4.59,0,13,38.82,Corporate,Office Supplies,South
SH-19975,Sally Hughsby,8,63.94,0.2,5.59,0,13,38.82,Corporate,Technology,South
SH-19975,Sally Hughsby,5,424.96,0.15,20.0,0,13,38.82,Corporate,Furniture,West
SH-19975,Sally Hughsby,1,20.37,0.2,7.38,0,13,38.82,Corporate,Office Supplies,East
SH-19975,Sally Hughsby,3,49.85,0.2,16.82,0,13,38.82,Corporate,Office Supplies,East
SH-19975,Sally Hughsby,2,18.72,0.2,3.51,0,13,38.82,Corporate,Office Supplies,West
SH-19975,Sally Hughsby,2,67.78,0.0,16.94,0,13,38.82,Corporate,Office Supplies,West
SH-19975,Sally Hughsby,3,8.82,0.0,2.38,0,13,38.82,Corporate,Office Supplies,West
SH-19975,Sally Hughsby,3,10.86,0.0,5.1,0,13,38.82,Corporate,Office Supplies,West
SH-19975,Sally Hughsby,3,143.7,0.0,68.98,0,13,38.82,Corporate,Office Supplies,West
SH-19975,Sally Hughsby,3,13.39,0.2,5.02,0,13,38.82,Corporate,Office Supplies,Central
SH-19975,Sally Hughsby,7,11.23,0.8,-18.53,0,13,38.82,Corporate,Office Supplies,Central
SH-19975,Sally Hughsby,2,15.84,0.2,5.54,0,13,38.82,Corporate,Office Supplies,Central
SH-19975,Sally Hughsby,2,8.45,0.2,2.64,0,13,38.82,Corporate,Office Supplies,Central
SH-19975,Sally Hughsby,5,15.92,0.2,5.37,0,13,38.82,Corporate,Office Supplies,West
SH-19975,Sally Hughsby,12,70.68,0.0,31.1,0,13,38.82,Corporate,Furniture,West
SH-19975,Sally Hughsby,4,541.24,0.0,5.41,0,13,38.82,Corporate,Office Supplies,West
SH-20395,Shahid Hopkins,2,46.38,0.2,5.22,0,10,80.79,Consumer,Technology,West
SH-20395,Shahid Hopkins,2,362.92,0.0,105.25,0,10,80.79,Consumer,Office Supplies,West
SH-20395,Shahid Hopkins,2,25.98,0.2,-1.62,0,10,80.79,Consumer,Office Supplies,South
SH-20395,Shahid Hopkins,6,945.04,0.4,-299.26,0,10,80.79,Consumer,Furniture,South
SH-20395,Shahid Hopkins,7,14.3,0.7,-10.49,0,10,80.79,Consumer,Office Supplies,South
SH-20395,Shahid Hopkins,3,410.35,0.2,-51.29,0,10,80.79,Consumer,Furniture,South
SH-20395,Shahid Hopkins,1,31.95,0.0,2.24,0,10,80.79,Consumer,Technology,East
SH-20395,Shahid Hopkins,3,2.21,0.7,-1.48,0,10,80.79,Consumer,Office Supplies,East
SH-20395,Shahid Hopkins,6,25.92,0.2,9.07,0,10,80.79,Consumer,Office Supplies,East
SH-20395,Shahid Hopkins,3,91.59,0.0,42.13,0,10,80.79,Consumer,Office Supplies,East
SH-20395,Shahid Hopkins,1,4.89,0.0,2.0,0,10,80.79,Consumer,Office Supplies,South
SH-20395,Shahid Hopkins,1,2.31,0.7,-1.93,0,10,80.79,Consumer,Office Supplies,East
SH-20395,Shahid Hopkins,4,70.12,0.0,21.04,0,10,80.79,Consumer,Office Supplies,East
SH-20395,Shahid Hopkins,2,18.76,0.0,9.0,0,10,80.79,Consumer,Office Supplies,East
SH-20395,Shahid Hopkins,2,127.98,0.2,25.6,0,10,80.79,Consumer,Technology,East
SH-20635,Stefanie Holloman,5,1403.92,0.2,70.2,0,2,345.0,Corporate,Furniture,West
SH-20635,Stefanie Holloman,11,692.47,0.2,190.43,0,2,345.0,Corporate,Furniture,South
SJ-20125,Sanjit Jacobs,4,12.0,0.2,4.2,0,12,31.96,Home Office,Office Supplies,South
SJ-20125,Sanjit Jacobs,4,720.06,0.2,-63.01,0,12,31.96,Home Office,Office Supplies,South
SJ-20125,Sanjit Jacobs,1,25.42,0.2,-4.77,0,12,31.96,Home Office,Office Supplies,South
SJ-20125,Sanjit Jacobs,2,2.82,0.2,0.32,0,12,31.96,Home Office,Office Supplies,South
SJ-20125,Sanjit Jacobs,2,3.2,0.7,-2.56,0,12,31.96,Home Office,Office Supplies,South
SJ-20125,Sanjit Jacobs,9,8.86,0.8,-14.17,0,12,31.96,Home Office,Office Supplies,Central
SJ-20125,Sanjit Jacobs,5,27.96,0.2,8.39,0,12,31.96,Home Office,Technology,Central
SJ-20125,Sanjit Jacobs,3,146.35,0.2,49.39,0,12,31.96,Home Office,Office Supplies,Central
SJ-20125,Sanjit Jacobs,14,319.76,0.0,147.09,0,12,31.96,Home Office,Office Supplies,South
SJ-20125,Sanjit Jacobs,2,45.68,0.0,21.01,0,12,31.96,Home Office,Office Supplies,South
SJ-20125,Sanjit Jacobs,2,113.89,0.2,9.97,0,12,31.96,Home Office,Furniture,West
SJ-20125,Sanjit Jacobs,2,105.58,0.2,7.92,0,12,31.96,Home Office,Technology,West
SJ-20125,Sanjit Jacobs,12,80.28,0.0,36.93,0,12,31.96,Home Office,Office Supplies,West
SJ-20125,Sanjit Jacobs,5,34.76,0.2,11.3,0,12,31.96,Home Office,Office Supplies,West
SJ-20125,Sanjit Jacobs,1,7.61,0.0,3.58,0,12,31.96,Home Office,Office Supplies,East
SJ-20125,Sanjit Jacobs,2,7.16,0.0,3.58,0,12,31.96,Home Office,Office Supplies,East
SJ-20125,Sanjit Jacobs,2,44.4,0.6,-52.17,0,12,31.96,Home Office,Furniture,Central
SJ-20125,Sanjit Jacobs,5,48.9,0.0,18.09,0,12,31.96,Home Office,Technology,South
SJ-20125,Sanjit Jacobs,4,25.92,0.0,12.44,0,12,31.96,Home Office,Office Supplies,East
SJ-20125,Sanjit Jacobs,3,9.91,0.2,3.22,0,12,31.96,Home Office,Office Supplies,Central
SJ-20125,Sanjit Jacobs,5,318.43,0.3,-77.33,0,12,31.96,Home Office,Furniture,Central
SJ-20125,Sanjit Jacobs,5,5.8,0.8,-10.15,0,12,31.96,Home Office,Office Supplies,Central
SJ-20125,Sanjit Jacobs,6,1415.76,0.2,88.49,0,12,31.96,Home Office,Technology,Central
SJ-20125,Sanjit Jacobs,4,419.14,0.2,-57.63,0,12,31.96,Home Office,Furniture,South
SJ-20215,Sarah Jordon,5,203.92,0.2,22.94,0,6,114.0,Consumer,Furniture,West
SJ-20215,Sarah Jordon,3,170.35,0.2,-17.04,0,6,114.0,Consumer,Furniture,West
SJ-20215,Sarah Jordon,2,1.96,0.8,-3.24,0,6,114.0,Consumer,Office Supplies,Central
SJ-20215,Sarah Jordon,3,317.06,0.3,-18.12,0,6,114.0,Consumer,Furniture,Central
SJ-20215,Sarah Jordon,2,15.76,0.2,3.55,0,6,114.0,Consumer,Office Supplies,Central
SJ-20215,Sarah Jordon,5,14.56,0.6,-6.19,0,6,114.0,Consumer,Furniture,Central
SJ-20215,Sarah Jordon,3,13.43,0.7,-11.19,0,6,114.0,Consumer,Office Supplies,South
SJ-20215,Sarah Jordon,4,67.14,0.2,-0.84,0,6,114.0,Consumer,Office Supplies,South
SJ-20215,Sarah Jordon,5,219.8,0.2,24.73,0,6,114.0,Consumer,Technology,Central
SJ-20215,Sarah Jordon,3,317.06,0.3,-18.12,0,6,114.0,Consumer,Furniture,Central
SJ-20500,Shirley Jackson,9,92.52,0.0,18.5,0,5,160.67,Consumer,Technology,West
SJ-20500,Shirley Jackson,3,144.6,0.0,41.93,0,5,160.67,Consumer,Office Supplies,West
SJ-20500,Shirley Jackson,1,15.99,0.2,-3.0,0,5,160.67,Consumer,Technology,West
SJ-20500,Shirley Jackson,3,128.4,0.0,62.92,0,5,160.67,Consumer,Office Supplies,East
SJ-20500,Shirley Jackson,6,88.08,0.0,40.52,0,5,160.67,Consumer,Office Supplies,East
SJ-20500,Shirley Jackson,4,751.92,0.0,150.38,0,5,160.67,Consumer,Furniture,East
SJ-20500,Shirley Jackson,4,97.26,0.8,-243.16,0,5,160.67,Consumer,Office Supplies,Central
SK-19990,Sally Knutson,2,7.16,0.0,3.44,0,3,97.25,Consumer,Office Supplies,East
SK-19990,Sally Knutson,2,121.94,0.0,35.36,0,3,97.25,Consumer,Office Supplies,East
SK-19990,Sally Knutson,7,122.71,0.0,36.81,0,3,97.25,Consumer,Office Supplies,East
SK-19990,Sally Knutson,1,1.64,0.7,-1.31,0,3,97.25,Consumer,Office Supplies,East
SK-19990,Sally Knutson,7,629.96,0.4,94.49,0,3,97.25,Consumer,Technology,East
SL-20155,Sara Luxemburg,3,66.03,0.0,17.17,0,7,140.75,Home Office,Office Supplies,East
SL-20155,Sara Luxemburg,2,61.57,0.2,4.62,0,7,140.75,Home Office,Office Supplies,South
SL-20155,Sara Luxemburg,3,6.19,0.2,0.46,0,7,140.75,Home Office,Office Supplies,South
SL-20155,Sara Luxemburg,5,1166.92,0.2,131.28,0,7,140.75,Home Office,Furniture,South
SL-20155,Sara Luxemburg,6,41.57,0.8,-66.51,0,7,140.75,Home Office,Office Supplies,Central
SL-20155,Sara Luxemburg,1,6.48,0.0,3.11,0,7,140.75,Home Office,Office Supplies,East
SL-20155,Sara Luxemburg,1,2.22,0.2,0.56,0,7,140.75,Home Office,Office Supplies,West
SL-20155,Sara Luxemburg,8,1439.92,0.0,374.38,0,7,140.75,Home Office,Technology,Central
SL-20155,Sara Luxemburg,1,262.11,0.0,62.91,0,7,140.75,Home Office,Furniture,Central
SM-20005,Sally Matthias,3,23.47,0.2,8.8,0,4,142.4,Consumer,Office Supplies,West
SM-20005,Sally Matthias,2,11.36,0.0,5.23,0,4,142.4,Consumer,Office Supplies,East
SM-20005,Sally Matthias,7,106.34,0.2,37.22,0,4,142.4,Consumer,Office Supplies,East
SM-20005,Sally Matthias,7,25.83,0.0,12.14,0,4,142.4,Consumer,Office Supplies,East
SM-20005,Sally Matthias,3,11.38,0.6,-5.69,0,4,142.4,Consumer,Furniture,Central
SM-20005,Sally Matthias,4,66.11,0.6,-84.29,0,4,142.4,Consumer,Furniture,Central
SM-20320,Sean Miller,4,821.3,0.5,-16.43,0,5,93.14,Home Office,Technology,South
SM-20320,Sean Miller,6,22638.48,0.5,-1811.08,0,5,93.14,Home Office,Technology,South
SM-20320,Sean Miller,4,21.38,0.2,7.48,0,5,93.14,Home Office,Office Supplies,South
SM-20320,Sean Miller,3,8.02,0.2,1.0,0,5,93.14,Home Office,Office Supplies,South
SM-20320,Sean Miller,2,30.77,0.2,8.08,0,5,93.14,Home Office,Furniture,South
SM-20320,Sean Miller,3,18.94,0.2,5.92,0,5,93.14,Home Office,Office Supplies,South
SM-20320,Sean Miller,3,122.35,0.2,15.29,0,5,93.14,Home Office,Furniture,South
SM-20320,Sean Miller,2,3.49,0.2,-0.7,0,5,93.14,Home Office,Office Supplies,East
SM-20320,Sean Miller,4,21.73,0.2,3.8,0,5,93.14,Home Office,Technology,East
SM-20320,Sean Miller,6,663.07,0.2,-165.77,0,5,93.14,Home Office,Office Supplies,East
SM-20320,Sean Miller,2,99.59,0.7,-82.99,0,5,93.14,Home Office,Office Supplies,East
SM-20320,Sean Miller,2,49.57,0.2,15.49,0,5,93.14,Home Office,Office Supplies,East
SM-20320,Sean Miller,2,9.96,0.0,4.88,0,5,93.14,Home Office,Office Supplies,West
SM-20320,Sean Miller,5,526.45,0.0,31.59,0,5,93.14,Home Office,Furniture,Central
SM-20320,Sean Miller,2,7.97,0.2,2.69,0,5,93.14,Home Office,Office Supplies,South
SM-20905,Susan MacKendrick,5,132.52,0.2,34.79,0,1,0.0,Consumer,Technology,East
SM-20905,Susan MacKendrick,5,195.64,0.2,-44.02,0,1,0.0,Consumer,Office Supplies,East
SM-20905,Susan MacKendrick,2,51.97,0.2,10.39,0,1,0.0,Consumer,Furniture,East
SM-20905,Susan MacKendrick,3,431.98,0.2,-75.6,0,1,0.0,Consumer,Technology,East
SM-20905,Susan MacKendrick,3,224.94,0.7,-164.95,0,1,0.0,Consumer,Technology,East
SM-20905,Susan MacKendrick,2,6.0,0.2,2.1,0,1,0.0,Consumer,Office Supplies,East
SM-20950,Suzanne McNair,3,4.22,0.2,1.48,0,12,55.38,Corporate,Office Supplies,East
SM-20950,Suzanne McNair,2,409.27,0.4,-81.85,0,12,55.38,Corporate,Furniture,East
SM-20950,Suzanne McNair,11,55.44,0.2,18.02,0,12,55.38,Corporate,Office Supplies,East
SM-20950,Suzanne McNair,4,20.93,0.2,6.8,0,12,55.38,Corporate,Office Supplies,East
SM-20950,Suzanne McNair,6,1801.63,0.2,-337.81,0,12,55.38,Corporate,Office Supplies,East
SM-20950,Suzanne McNair,1,67.18,0.4,-20.15,0,12,55.38,Corporate,Furniture,East
SM-20950,Suzanne McNair,3,15.7,0.2,5.1,0,12,55.38,Corporate,Office Supplies,Central
SM-20950,Suzanne McNair,3,192.19,0.1,36.3,0,12,55.38,Corporate,Furniture,East
SM-20950,Suzanne McNair,7,1085.42,0.0,282.21,0,12,55.38,Corporate,Office Supplies,East
SM-20950,Suzanne McNair,3,13.11,0.0,3.41,0,12,55.38,Corporate,Office Supplies,East
SM-20950,Suzanne McNair,11,470.36,0.0,122.29,0,12,55.38,Corporate,Office Supplies,East
SM-20950,Suzanne McNair,2,7.04,0.0,3.31,0,12,55.38,Corporate,Office Supplies,Central
SM-20950,Suzanne McNair,4,5.04,0.0,0.2,0,12,55.38,Corporate,Office Supplies,Central
SM-20950,Suzanne McNair,3,116.28,0.0,56.98,0,12,55.38,Corporate,Office Supplies,Central
SM-20950,Suzanne McNair,4,105.52,0.0,48.54,0,12,55.38,Corporate,Office Supplies,West
SM-20950,Suzanne McNair,7,68.43,0.2,8.55,0,12,55.38,Corporate,Furniture,West
SM-20950,Suzanne McNair,4,17.62,0.7,-14.09,0,12,55.38,Corporate,Office Supplies,South
SM-20950,Suzanne McNair,4,37.52,0.0,18.01,0,12,55.38,Corporate,Office Supplies,West
SM-20950,Suzanne McNair,2,735.98,0.0,331.19,0,12,55.38,Corporate,Office Supplies,Central
SM-20950,Suzanne McNair,3,20.94,0.0,6.07,0,12,55.38,Corporate,Furniture,East
SM-20950,Suzanne McNair,2,58.68,0.0,18.19,0,12,55.38,Corporate,Furniture,East
SM-20950,Suzanne McNair,5,254.9,0.0,68.82,0,12,55.38,Corporate,Office Supplies,East
SN-20560,Skye Norling,3,11.95,0.2,4.33,0,6,58.21,Home Office,Office Supplies,West
SN-20560,Skye Norling,7,4.54,0.7,-3.33,0,6,58.21,Home Office,Office Supplies,West
SN-20560,Skye Norling,2,9.16,0.7,-6.1,0,6,58.21,Home Office,Office Supplies,West
SN-20560,Skye Norling,5,75.36,0.2,20.72,0,6,58.21,Home Office,Furniture,West
SN-20560,Skye Norling,3,31.05,0.0,14.9,0,6,58.21,Home Office,Office Supplies,East
SN-20560,Skye Norling,4,8.92,0.0,3.92,0,6,58.21,Home Office,Furniture,East
SN-20560,Skye Norling,4,209.6,0.0,96.42,0,6,58.21,Home Office,Office Supplies,East
SN-20560,Skye Norling,4,111.04,0.0,29.98,0,6,58.21,Home Office,Office Supplies,East
SN-20560,Skye Norling,6,38.88,0.0,18.66,0,6,58.21,Home Office,Office Supplies,East
SN-20560,Skye Norling,7,19.46,0.0,5.06,0,6,58.21,Home Office,Office Supplies,West
SN-20560,Skye Norling,9,368.91,0.0,180.77,0,6,58.21,Home Office,Office Supplies,Central
SN-20560,Skye Norling,1,8.02,0.0,3.77,0,6,58.21,Home Office,Office Supplies,Central
SN-20560,Skye Norling,4,171.04,0.0,44.47,0,6,58.21,Home Office,Office Supplies,Central
SN-20560,Skye Norling,5,29.9,0.0,13.45,0,6,58.21,Home Office,Office Supplies,West
SN-20560,Skye Norling,3,762.59,0.8,-1143.89,0,6,58.21,Home Office,Office Supplies,Central
SN-20710,Steve Nguyen,2,5.78,0.0,2.72,0,7,69.72,Home Office,Office Supplies,West
SN-20710,Steve Nguyen,6,107.94,0.0,30.22,0,7,69.72,Home Office,Office Supplies,West
SN-20710,Steve Nguyen,3,107.97,0.0,22.67,0,7,69.72,Home Office,Technology,West
SN-20710,Steve Nguyen,3,113.82,0.0,53.5,0,7,69.72,Home Office,Office Supplies,West
SN-20710,Steve Nguyen,9,113.33,0.2,35.42,0,7,69.72,Home Office,Office Supplies,Central
SN-20710,Steve Nguyen,3,532.4,0.32,-46.98,0,7,69.72,Home Office,Furniture,Central
SN-20710,Steve Nguyen,3,212.06,0.3,-15.15,0,7,69.72,Home Office,Furniture,Central
SN-20710,Steve Nguyen,4,371.17,0.2,41.76,0,7,69.72,Home Office,Technology,Central
SN-20710,Steve Nguyen,8,511.84,0.0,240.56,0,7,69.72,Home Office,Office Supplies,South
SN-20710,Steve Nguyen,4,91.96,0.0,25.75,0,7,69.72,Home Office,Office Supplies,South
SN-20710,Steve Nguyen,3,8.34,0.0,2.17,0,7,69.72,Home Office,Office Supplies,South
SN-20710,Steve Nguyen,6,236.88,0.0,66.33,0,7,69.72,Home Office,Office Supplies,West
SN-20710,Steve Nguyen,5,29.9,0.0,14.65,0,7,69.72,Home Office,Office Supplies,West
SN-20710,Steve Nguyen,4,100.0,0.0,21.0,0,7,69.72,Home Office,Technology,West
SN-20710,Steve Nguyen,2,6.37,0.2,1.03,0,7,69.72,Home Office,Office Supplies,Central
SN-20710,Steve Nguyen,2,48.85,0.2,15.88,0,7,69.72,Home Office,Office Supplies,Central
SN-20710,Steve Nguyen,2,19.65,0.2,6.63,0,7,69.72,Home Office,Office Supplies,Central
SN-20710,Steve Nguyen,6,255.11,0.3,-18.22,0,7,69.72,Home Office,Furniture,Central
SN-20710,Steve Nguyen,14,254.6,0.3,-18.19,0,7,69.72,Home Office,Furniture,Central
SO-20335,Sean O'Donnell,5,957.58,0.45,-383.03,0,6,55.86,Consumer,Furniture,South
SO-20335,Sean O'Donnell,2,22.37,0.2,2.52,0,6,55.86,Consumer,Office Supplies,South
SO-20335,Sean O'Donnell,3,28.44,0.0,11.38,0,6,55.86,Consumer,Furniture,East
SO-20335,Sean O'Donnell,5,364.41,0.1,8.1,0,6,55.86,Consumer,Furniture,East
SO-20335,Sean O'Donnell,4,39.96,0.0,10.39,0,6,55.86,Consumer,Technology,East
SO-20335,Sean O'Donnell,2,361.76,0.1,68.33,0,6,55.86,Consumer,Furniture,East
SO-20335,Sean O'Donnell,5,154.9,0.0,69.7,0,6,55.86,Consumer,Office Supplies,West
SO-20335,Sean O'Donnell,2,18.69,0.2,7.01,0,6,55.86,Consumer,Office Supplies,West
SO-20335,Sean O'Donnell,3,11.66,0.2,3.35,0,6,55.86,Consumer,Furniture,West
SO-20335,Sean O'Donnell,3,8.83,0.2,-1.99,0,6,55.86,Consumer,Office Supplies,South
SO-20335,Sean O'Donnell,4,177.54,0.2,62.14,0,6,55.86,Consumer,Office Supplies,South
SO-20335,Sean O'Donnell,2,258.48,0.2,-3.23,0,6,55.86,Consumer,Office Supplies,South
SO-20335,Sean O'Donnell,3,14.14,0.2,4.24,0,6,55.86,Consumer,Furniture,South
SO-20335,Sean O'Donnell,7,41.86,0.0,18.84,0,6,55.86,Consumer,Office Supplies,West
SO-20335,Sean O'Donnell,2,141.96,0.0,41.17,0,6,55.86,Consumer,Furniture,West
SP-20545,Sibella Parks,3,7.75,0.2,2.81,0,6,94.11,Corporate,Office Supplies,East
SP-20545,Sibella Parks,2,16.74,0.0,4.35,0,6,94.11,Corporate,Furniture,Central
SP-20545,Sibella Parks,5,459.95,0.0,18.4,0,6,94.11,Corporate,Office Supplies,East
SP-20545,Sibella Parks,4,102.34,0.2,-12.79,0,6,94.11,Corporate,Office Supplies,Central
SP-20545,Sibella Parks,3,48.79,0.8,-126.86,0,6,94.11,Corporate,Office Supplies,Central
SP-20545,Sibella Parks,8,44.85,0.8,-67.27,0,6,94.11,Corporate,Office Supplies,Central
SP-20545,Sibella Parks,4,19.14,0.2,5.98,0,6,94.11,Corporate,Office Supplies,East
SP-20545,Sibella Parks,4,332.83,0.2,-24.96,0,6,94.11,Corporate,Furniture,East
SP-20545,Sibella Parks,6,227.46,0.0,65.96,0,6,94.11,Corporate,Technology,East
SP-20545,Sibella Parks,4,46.24,0.2,15.61,0,6,94.11,Corporate,Office Supplies,East
SP-20620,Stefania Perrino,2,16.78,0.0,4.2,0,9,50.52,Corporate,Office Supplies,East
SP-20620,Stefania Perrino,3,12.98,0.2,4.71,0,9,50.52,Corporate,Office Supplies,Central
SP-20620,Stefania Perrino,2,217.58,0.2,19.04,0,9,50.52,Corporate,Technology,Central
SP-20620,Stefania Perrino,3,328.78,0.2,28.77,0,9,50.52,Corporate,Technology,Central
SP-20620,Stefania Perrino,3,2.29,0.8,-3.66,0,9,50.52,Corporate,Office Supplies,Central
SP-20620,Stefania Perrino,2,47.98,0.2,14.4,0,9,50.52,Corporate,Technology,Central
SP-20620,Stefania Perrino,5,29.6,0.2,9.25,0,9,50.52,Corporate,Office Supplies,West
SP-20620,Stefania Perrino,2,1.94,0.7,-1.36,0,9,50.52,Corporate,Office Supplies,West
SP-20620,Stefania Perrino,3,170.14,0.2,-8.51,0,9,50.52,Corporate,Furniture,West
SP-20620,Stefania Perrino,2,8.56,0.0,2.48,0,9,50.52,Corporate,Office Supplies,West
SP-20620,Stefania Perrino,7,45.36,0.0,21.77,0,9,50.52,Corporate,Office Supplies,West
SP-20620,Stefania Perrino,6,1421.66,0.2,-195.48,0,9,50.52,Corporate,Furniture,West
SP-20620,Stefania Perrino,1,2.9,0.2,0.98,0,9,50.52,Corporate,Office Supplies,South
SP-20620,Stefania Perrino,8,478.08,0.0,133.86,0,9,50.52,Corporate,Office Supplies,East
SP-20620,Stefania Perrino,2,141.37,0.3,-48.47,0,9,50.52,Corporate,Furniture,East
SP-20620,Stefania Perrino,2,3.04,0.7,-2.33,0,9,50.52,Corporate,Office Supplies,East
SP-20620,Stefania Perrino,1,4.5,0.7,-3.6,0,9,50.52,Corporate,Office Supplies,East
SP-20620,Stefania Perrino,1,4.67,0.2,1.58,0,9,50.52,Corporate,Office Supplies,East
SP-20620,Stefania Perrino,3,95.88,0.2,28.76,0,9,50.52,Corporate,Technology,East
SP-20620,Stefania Perrino,2,17.02,0.2,1.7,0,9,50.52,Corporate,Furniture,East
SP-20620,Stefania Perrino,3,258.7,0.2,64.67,0,9,50.52,Corporate,Technology,East
SP-20620,Stefania Perrino,7,1931.96,0.4,-386.39,0,9,50.52,Corporate,Technology,East
SP-20620,Stefania Perrino,4,43.6,0.0,12.21,0,9,50.52,Corporate,Technology,East
SP-20620,Stefania Perrino,3,154.95,0.0,30.99,0,9,50.52,Corporate,Furniture,East
SP-20650,Stephanie Phelps,6,39.07,0.2,9.77,0,9,69.14,Corporate,Office Supplies,South
SP-20650,Stephanie Phelps,1,135.99,0.0,36.72,0,9,69.14,Corporate,Technology,East
SP-20650,Stephanie Phelps,7,15.96,0.0,7.02,0,9,69.14,Corporate,Office Supplies,East
SP-20650,Stephanie Phelps,3,89.97,0.0,18.89,0,9,69.14,Corporate,Technology,Central
SP-20650,Stephanie Phelps,7,58.38,0.0,26.27,0,9,69.14,Corporate,Office Supplies,West
SP-20650,Stephanie Phelps,4,105.52,0.0,48.54,0,9,69.14,Corporate,Office Supplies,West
SP-20650,Stephanie Phelps,6,80.88,0.0,21.03,0,9,69.14,Corporate,Office Supplies,West
SP-20650,Stephanie Phelps,3,207.14,0.1,48.33,0,9,69.14,Corporate,Office Supplies,Central
SP-20650,Stephanie Phelps,5,13.9,0.0,3.75,0,9,69.14,Corporate,Office Supplies,Central
SP-20650,Stephanie Phelps,6,41.9,0.2,14.14,0,9,69.14,Corporate,Office Supplies,West
SP-20650,Stephanie Phelps,2,259.9,0.4,-56.31,0,9,69.14,Corporate,Technology,East
SP-20650,Stephanie Phelps,2,247.19,0.4,-49.44,0,9,69.14,Corporate,Technology,East
SP-20650,Stephanie Phelps,5,279.96,0.2,48.99,0,9,69.14,Corporate,Technology,East
SP-20650,Stephanie Phelps,6,22.75,0.6,-8.53,0,9,69.14,Corporate,Furniture,Central
SP-20650,Stephanie Phelps,8,273.92,0.2,99.3,0,9,69.14,Corporate,Office Supplies,West
SP-20860,Sung Pak,2,8.54,0.6,-7.48,0,10,44.87,Corporate,Furniture,Central
SP-20860,Sung Pak,4,99.14,0.2,8.67,0,10,44.87,Corporate,Office Supplies,East
SP-20860,Sung Pak,6,35.88,0.0,16.15,0,10,44.87,Corporate,Office Supplies,East
SP-20860,Sung Pak,4,519.79,0.4,-112.62,0,10,44.87,Corporate,Technology,East
SP-20860,Sung Pak,3,31.18,0.2,-5.46,0,10,44.87,Corporate,Technology,East
SP-20860,Sung Pak,2,10.37,0.2,3.63,0,10,44.87,Corporate,Office Supplies,East
SP-20860,Sung Pak,2,2.72,0.7,-1.91,0,10,44.87,Corporate,Office Supplies,East
SP-20860,Sung Pak,3,254.35,0.2,0.0,0,10,44.87,Corporate,Furniture,East
SP-20860,Sung Pak,3,3.76,0.7,-2.76,0,10,44.87,Corporate,Office Supplies,East
SP-20860,Sung Pak,3,10.27,0.2,3.21,0,10,44.87,Corporate,Office Supplies,East
SP-20860,Sung Pak,2,6.16,0.0,2.96,0,10,44.87,Corporate,Furniture,Central
SP-20860,Sung Pak,3,36.84,0.0,17.31,0,10,44.87,Corporate,Office Supplies,Central
SP-20860,Sung Pak,3,4.73,0.2,0.71,0,10,44.87,Corporate,Technology,South
SP-20860,Sung Pak,3,53.35,0.2,16.01,0,10,44.87,Corporate,Furniture,South
SP-20860,Sung Pak,2,131.1,0.2,8.19,0,10,44.87,Corporate,Furniture,South
SP-20860,Sung Pak,3,22.51,0.2,2.25,0,10,44.87,Corporate,Office Supplies,South
SP-20860,Sung Pak,7,72.74,0.2,-12.73,0,10,44.87,Corporate,Technology,South
SP-20860,Sung Pak,2,659.9,0.0,217.77,0,10,44.87,Corporate,Technology,West
SP-20860,Sung Pak,6,1684.75,0.2,210.59,0,10,44.87,Corporate,Furniture,West
SP-20860,Sung Pak,8,559.92,0.0,190.37,0,10,44.87,Corporate,Technology,West
SP-20860,Sung Pak,4,9.32,0.0,2.7,0,10,44.87,Corporate,Office Supplies,West
SP-20860,Sung Pak,1,15.25,0.0,7.01,0,10,44.87,Corporate,Office Supplies,West
SP-20860,Sung Pak,2,10.37,0.2,3.63,0,10,44.87,Corporate,Office Supplies,South
SP-20860,Sung Pak,2,39.98,0.2,-1.5,0,10,44.87,Corporate,Technology,Central
SP-20920,Susan Pistek,9,53.82,0.0,24.22,0,6,81.85,Consumer,Office Supplies,West
SP-20920,Susan Pistek,3,6.12,0.0,2.88,0,6,81.85,Consumer,Office Supplies,West
SP-20920,Susan Pistek,2,3.62,0.0,1.19,0,6,81.85,Consumer,Office Supplies,West
SP-20920,Susan Pistek,7,1474.8,0.3,-21.07,0,6,81.85,Consumer,Furniture,East
SP-20920,Susan Pistek,2,110.1,0.2,33.03,0,6,81.85,Consumer,Office Supplies,East
SP-20920,Susan Pistek,6,16.75,0.2,5.44,0,6,81.85,Consumer,Office Supplies,East
SP-20920,Susan Pistek,9,1537.07,0.3,0.0,0,6,81.85,Consumer,Furniture,East
SP-20920,Susan Pistek,2,449.37,0.3,-12.84,0,6,81.85,Consumer,Furniture,East
SP-20920,Susan Pistek,2,44.38,0.4,-7.4,0,6,81.85,Consumer,Technology,East
SP-20920,Susan Pistek,6,51.26,0.2,7.69,0,6,81.85,Consumer,Furniture,East
SP-20920,Susan Pistek,3,5.19,0.7,-3.46,0,6,81.85,Consumer,Office Supplies,East
SP-20920,Susan Pistek,2,159.98,0.2,44.0,0,6,81.85,Consumer,Technology,East
SP-20920,Susan Pistek,2,54.22,0.2,3.39,0,6,81.85,Consumer,Office Supplies,East
SP-20920,Susan Pistek,2,23.99,0.8,-62.38,0,6,81.85,Consumer,Office Supplies,Central
SR-20425,Sharelle Roach,3,212.94,0.0,57.49,0,5,160.88,Home Office,Furniture,Central
SR-20425,Sharelle Roach,5,12.03,0.7,-9.22,0,5,160.88,Home Office,Office Supplies,West
SR-20425,Sharelle Roach,5,2549.99,0.7,-3399.98,0,5,160.88,Home Office,Technology,West
SR-20425,Sharelle Roach,2,21.59,0.7,-15.84,0,5,160.88,Home Office,Office Supplies,West
SR-20425,Sharelle Roach,6,8.96,0.7,-6.57,0,5,160.88,Home Office,Office Supplies,West
SR-20425,Sharelle Roach,4,20.74,0.2,7.26,0,5,160.88,Home Office,Office Supplies,West
SR-20425,Sharelle Roach,2,155.37,0.3,-35.51,0,5,160.88,Home Office,Furniture,East
SR-20425,Sharelle Roach,5,109.9,0.0,32.97,0,5,160.88,Home Office,Office Supplies,East
SR-20425,Sharelle Roach,2,141.96,0.0,35.49,0,5,160.88,Home Office,Furniture,South
SR-20740,Steven Roelle,2,12.96,0.0,6.22,0,8,110.27,Home Office,Office Supplies,West
SR-20740,Steven Roelle,3,47.79,0.0,16.25,0,8,110.27,Home Office,Technology,South
SR-20740,Steven Roelle,5,78.35,0.0,36.82,0,8,110.27,Home Office,Office Supplies,Central
SR-20740,Steven Roelle,6,31.68,0.0,14.26,0,8,110.27,Home Office,Office Supplies,Central
SR-20740,Steven Roelle,4,29.12,0.0,14.27,0,8,110.27,Home Office,Office Supplies,Central
SR-20740,Steven Roelle,5,169.45,0.0,42.36,0,8,110.27,Home Office,Office Supplies,Central
SR-20740,Steven Roelle,1,61.58,0.2,-6.93,0,8,110.27,Home Office,Furniture,West
SR-20740,Steven Roelle,3,19.44,0.0,9.33,0,8,110.27,Home Office,Office Supplies,East
SR-20740,Steven Roelle,3,10.27,0.2,3.21,0,8,110.27,Home Office,Office Supplies,Central
SR-20740,Steven Roelle,10,379.4,0.0,178.32,0,8,110.27,Home Office,Office Supplies,East
SR-20740,Steven Roelle,5,3404.5,0.0,1668.2,0,8,110.27,Home Office,Technology,East
SR-20740,Steven Roelle,3,101.34,0.0,8.11,0,8,110.27,Home Office,Technology,East
SS-20140,Saphhira Shifley,2,6.37,0.6,-2.55,0,8,55.9,Corporate,Furniture,Central
SS-20140,Saphhira Shifley,3,34.18,0.8,-87.15,0,8,55.9,Corporate,Office Supplies,Central
SS-20140,Saphhira Shifley,7,5.54,0.2,1.66,0,8,55.9,Corporate,Technology,Central
SS-20140,Saphhira Shifley,5,99.2,0.0,25.79,0,8,55.9,Corporate,Office Supplies,West
SS-20140,Saphhira Shifley,4,21.12,0.0,6.55,0,8,55.9,Corporate,Furniture,East
SS-20140,Saphhira Shifley,8,23.68,0.2,6.22,0,8,55.9,Corporate,Furniture,South
SS-20140,Saphhira Shifley,3,2.38,0.2,0.74,0,8,55.9,Corporate,Technology,South
SS-20140,Saphhira Shifley,5,44.75,0.0,8.5,0,8,55.9,Corporate,Technology,West
SS-20140,Saphhira Shifley,2,11.96,0.0,5.38,0,8,55.9,Corporate,Office Supplies,West
SS-20140,Saphhira Shifley,1,3.91,0.2,1.27,0,8,55.9,Corporate,Office Supplies,West
SS-20140,Saphhira Shifley,8,95.68,0.0,26.79,0,8,55.9,Corporate,Technology,South
SS-20140,Saphhira Shifley,7,50.96,0.0,24.46,0,8,55.9,Corporate,Office Supplies,South
SS-20140,Saphhira Shifley,3,113.94,0.0,34.18,0,8,55.9,Corporate,Office Supplies,South
SS-20140,Saphhira Shifley,4,25.92,0.0,12.44,0,8,55.9,Corporate,Office Supplies,South
SS-20140,Saphhira Shifley,4,20.32,0.0,6.91,0,8,55.9,Corporate,Furniture,South
SS-20140,Saphhira Shifley,2,411.98,0.0,119.47,0,8,55.9,Corporate,Technology,South
SS-20140,Saphhira Shifley,2,34.48,0.0,10.0,0,8,55.9,Corporate,Office Supplies,South
SS-20140,Saphhira Shifley,5,244.55,0.0,114.94,0,8,55.9,Corporate,Office Supplies,South
SS-20140,Saphhira Shifley,2,49.96,0.0,9.49,0,8,55.9,Corporate,Office Supplies,East
SS-20140,Saphhira Shifley,2,12.96,0.0,6.22,0,8,55.9,Corporate,Office Supplies,East
SS-20140,Saphhira Shifley,7,10.19,0.2,1.02,0,8,55.9,Corporate,Office Supplies,Central
SS-20410,Shahid Shariari,3,355.46,0.5,-184.84,0,6,109.09,Consumer,Furniture,Central
SS-20410,Shahid Shariari,5,13.16,0.2,4.11,0,6,109.09,Consumer,Office Supplies,Central
SS-20410,Shahid Shariari,3,3.83,0.8,-6.51,0,6,109.09,Consumer,Office Supplies,Central
SS-20410,Shahid Shariari,5,304.99,0.8,-533.73,0,6,109.09,Consumer,Office Supplies,Central
SS-20410,Shahid Shariari,3,10.11,0.0,3.24,0,6,109.09,Consumer,Furniture,West
SS-20410,Shahid Shariari,3,772.47,0.0,146.77,0,6,109.09,Consumer,Technology,West
SS-20410,Shahid Shariari,2,20.46,0.0,5.32,0,6,109.09,Consumer,Office Supplies,West
SS-20410,Shahid Shariari,8,1252.7,0.4,-480.2,0,6,109.09,Consumer,Furniture,East
SS-20410,Shahid Shariari,5,110.97,0.4,-24.04,0,6,109.09,Consumer,Technology,East
SS-20410,Shahid Shariari,1,2.78,0.0,1.36,0,6,109.09,Consumer,Office Supplies,South
SS-20410,Shahid Shariari,4,195.68,0.0,50.88,0,6,109.09,Consumer,Office Supplies,South
SS-20410,Shahid Shariari,4,14.2,0.0,6.67,0,6,109.09,Consumer,Office Supplies,South
SS-20515,Shirley Schmidt,1,39.48,0.0,11.05,0,3,154.8,Home Office,Office Supplies,East
SS-20515,Shirley Schmidt,3,20.94,0.0,6.07,0,3,154.8,Home Office,Furniture,South
SS-20515,Shirley Schmidt,9,135.09,0.0,62.14,0,3,154.8,Home Office,Office Supplies,South
SS-20515,Shirley Schmidt,14,279.86,0.0,64.37,0,3,154.8,Home Office,Technology,South
SS-20515,Shirley Schmidt,6,90.06,0.0,41.43,0,3,154.8,Home Office,Office Supplies,South
SS-20515,Shirley Schmidt,3,47.97,0.0,14.87,0,3,154.8,Home Office,Technology,Central
SS-20590,Sonia Sunley,1,16.36,0.0,1.64,0,6,101.38,Consumer,Technology,West
SS-20590,Sonia Sunley,2,15.78,0.0,0.63,0,6,101.38,Consumer,Office Supplies,West
SS-20590,Sonia Sunley,2,45.98,0.0,12.87,0,6,101.38,Consumer,Office Supplies,West
SS-20590,Sonia Sunley,3,17.43,0.0,8.02,0,6,101.38,Consumer,Office Supplies,Central
SS-20590,Sonia Sunley,2,93.98,0.0,13.16,0,6,101.38,Consumer,Technology,West
SS-20590,Sonia Sunley,3,18.9,0.0,8.69,0,6,101.38,Consumer,Office Supplies,Central
SS-20590,Sonia Sunley,1,1.81,0.0,0.65,0,6,101.38,Consumer,Office Supplies,Central
SS-20590,Sonia Sunley,2,8.26,0.0,3.88,0,6,101.38,Consumer,Office Supplies,Central
SS-20590,Sonia Sunley,1,199.99,0.0,86.0,0,6,101.38,Consumer,Technology,West
SS-20875,Sung Shariari,1,2.62,0.2,0.3,0,5,70.86,Consumer,Office Supplies,East
SS-20875,Sung Shariari,1,136.53,0.4,-52.34,0,5,70.86,Consumer,Furniture,East
SS-20875,Sung Shariari,1,263.96,0.2,42.89,0,5,70.86,Consumer,Technology,East
SS-20875,Sung Shariari,1,3.15,0.0,1.51,0,5,70.86,Consumer,Office Supplies,East
SS-20875,Sung Shariari,4,22.72,0.0,10.22,0,5,70.86,Consumer,Office Supplies,East
SS-20875,Sung Shariari,5,7.23,0.7,-5.78,0,5,70.86,Consumer,Office Supplies,South
SS-20875,Sung Shariari,2,17.44,0.2,1.31,0,5,70.86,Consumer,Office Supplies,South
SS-20875,Sung Shariari,4,62.88,0.7,-50.3,0,5,70.86,Consumer,Office Supplies,South
SS-20875,Sung Shariari,3,290.35,0.2,-36.29,0,5,70.86,Consumer,Furniture,South
SS-20875,Sung Shariari,5,51.52,0.2,-10.95,0,5,70.86,Consumer,Office Supplies,Central
SS-20875,Sung Shariari,1,3.53,0.2,1.15,0,5,70.86,Consumer,Office Supplies,Central
SS-20875,Sung Shariari,1,4.62,0.2,1.68,0,5,70.86,Consumer,Office Supplies,Central
SS-20875,Sung Shariari,4,55.17,0.2,6.21,0,5,70.86,Consumer,Office Supplies,Central
SS-20875,Sung Shariari,1,19.99,0.0,6.8,0,5,70.86,Consumer,Technology,West
SS-20875,Sung Shariari,5,22.92,0.2,8.02,0,5,70.86,Consumer,Office Supplies,West
ST-20530,Shui Tom,3,16.18,0.2,6.07,0,7,117.27,Consumer,Office Supplies,Central
ST-20530,Shui Tom,1,13.49,0.4,-2.25,0,7,117.27,Consumer,Technology,East
ST-20530,Shui Tom,2,23.99,0.4,-13.99,0,7,117.27,Consumer,Technology,East
ST-20530,Shui Tom,2,31.98,0.2,1.2,0,7,117.27,Consumer,Furniture,East
ST-20530,Shui Tom,2,41.58,0.2,4.68,0,7,117.27,Consumer,Office Supplies,East
ST-20530,Shui Tom,3,139.44,0.2,47.06,0,7,117.27,Consumer,Office Supplies,East
ST-20530,Shui Tom,3,23.98,0.2,-5.69,0,7,117.27,Consumer,Technology,West
ST-20530,Shui Tom,1,33.29,0.0,7.99,0,7,117.27,Consumer,Office Supplies,West
ST-20530,Shui Tom,4,58.72,0.0,27.01,0,7,117.27,Consumer,Office Supplies,South
ST-20530,Shui Tom,6,31.1,0.2,10.89,0,7,117.27,Consumer,Office Supplies,East
ST-20530,Shui Tom,2,5.25,0.2,0.59,0,7,117.27,Consumer,Office Supplies,East
ST-20530,Shui Tom,4,14.34,0.2,0.9,0,7,117.27,Consumer,Office Supplies,South
SU-20665,Stephanie Ulpright,5,152.8,0.0,76.4,0,7,43.29,Home Office,Office Supplies,Central
SU-20665,Stephanie Ulpright,1,30.53,0.0,14.04,0,7,43.29,Home Office,Office Supplies,East
SU-20665,Stephanie Ulpright,3,30.84,0.0,6.17,0,7,43.29,Home Office,Technology,East
SU-20665,Stephanie Ulpright,9,75.06,0.0,33.78,0,7,43.29,Home Office,Office Supplies,East
SU-20665,Stephanie Ulpright,4,9.22,0.2,3.34,0,7,43.29,Home Office,Office Supplies,South
SU-20665,Stephanie Ulpright,2,28.05,0.2,3.51,0,7,43.29,Home Office,Office Supplies,South
SU-20665,Stephanie Ulpright,2,9.25,0.2,3.35,0,7,43.29,Home Office,Office Supplies,Central
SU-20665,Stephanie Ulpright,4,19.46,0.2,2.19,0,7,43.29,Home Office,Office Supplies,Central
SU-20665,Stephanie Ulpright,2,209.99,0.3,9.0,0,7,43.29,Home Office,Technology,Central
SU-20665,Stephanie Ulpright,5,29.76,0.2,1.86,0,7,43.29,Home Office,Office Supplies,Central
SU-20665,Stephanie Ulpright,1,89.77,0.3,-2.56,0,7,43.29,Home Office,Furniture,Central
SU-20665,Stephanie Ulpright,2,959.98,0.2,335.99,0,7,43.29,Home Office,Technology,Central
SU-20665,Stephanie Ulpright,3,15.55,0.2,5.64,0,7,43.29,Home Office,Office Supplies,Central
SU-20665,Stephanie Ulpright,1,34.36,0.2,-7.3,0,7,43.29,Home Office,Technology,Central
SU-20665,Stephanie Ulpright,3,215.98,0.2,-2.7,0,7,43.29,Home Office,Furniture,West
SU-20665,Stephanie Ulpright,3,599.97,0.0,257.99,0,7,43.29,Home Office,Technology,South
SU-20665,Stephanie Ulpright,3,38.97,0.0,0.78,0,7,43.29,Home Office,Technology,South
SU-20665,Stephanie Ulpright,8,45.84,0.0,22.0,0,7,43.29,Home Office,Office Supplies,South
SV-20365,Seth Vernon,2,9.94,0.0,3.08,0,10,43.48,Consumer,Furniture,East
SV-20365,Seth Vernon,5,744.1,0.3,-95.67,0,10,43.48,Consumer,Furniture,Central
SV-20365,Seth Vernon,5,44.84,0.2,5.6,0,10,43.48,Consumer,Office Supplies,Central
SV-20365,Seth Vernon,2,401.59,0.3,-131.95,0,10,43.48,Consumer,Furniture,Central
SV-20365,Seth Vernon,2,181.99,0.3,-54.6,0,10,43.48,Consumer,Furniture,East
SV-20365,Seth Vernon,4,431.98,0.4,-100.79,0,10,43.48,Consumer,Technology,East
SV-20365,Seth Vernon,1,155.37,0.4,-36.25,0,10,43.48,Consumer,Technology,East
SV-20365,Seth Vernon,3,902.71,0.2,33.85,0,10,43.48,Consumer,Furniture,West
SV-20365,Seth Vernon,3,5.35,0.2,1.61,0,10,43.48,Consumer,Furniture,East
SV-20365,Seth Vernon,2,99.37,0.3,-7.1,0,10,43.48,Consumer,Furniture,East
SV-20365,Seth Vernon,1,2.67,0.2,0.37,0,10,43.48,Consumer,Office Supplies,East
SV-20365,Seth Vernon,6,31.1,0.2,10.89,0,10,43.48,Consumer,Office Supplies,East
SV-20365,Seth Vernon,5,599.97,0.4,70.0,0,10,43.48,Consumer,Technology,East
SV-20365,Seth Vernon,4,198.74,0.3,-14.2,0,10,43.48,Consumer,Furniture,East
SV-20365,Seth Vernon,2,9.18,0.2,1.15,0,10,43.48,Consumer,Office Supplies,East
SV-20365,Seth Vernon,3,145.74,0.0,23.32,0,10,43.48,Consumer,Furniture,South
SV-20365,Seth Vernon,5,15.4,0.0,7.39,0,10,43.48,Consumer,Furniture,South
SV-20365,Seth Vernon,2,130.98,0.5,-89.07,0,10,43.48,Consumer,Furniture,East
SV-20365,Seth Vernon,3,272.65,0.1,18.18,0,10,43.48,Consumer,Furniture,East
SV-20365,Seth Vernon,2,212.8,0.0,95.76,0,10,43.48,Consumer,Technology,East
SV-20365,Seth Vernon,9,38.52,0.0,18.1,0,10,43.48,Consumer,Office Supplies,East
SV-20365,Seth Vernon,2,72.64,0.0,21.79,0,10,43.48,Consumer,Technology,East
SV-20365,Seth Vernon,4,45.4,0.0,12.71,0,10,43.48,Consumer,Office Supplies,East
SV-20365,Seth Vernon,2,13.76,0.0,6.33,0,10,43.48,Consumer,Office Supplies,East
SV-20365,Seth Vernon,1,80.99,0.1,8.1,0,10,43.48,Consumer,Furniture,East
SV-20365,Seth Vernon,3,11.78,0.2,3.98,0,10,43.48,Consumer,Office Supplies,East
SV-20365,Seth Vernon,2,4.36,0.0,1.79,0,10,43.48,Consumer,Office Supplies,East
SV-20365,Seth Vernon,11,2888.13,0.1,609.72,0,10,43.48,Consumer,Furniture,East
SV-20365,Seth Vernon,2,1299.66,0.0,350.91,0,10,43.48,Consumer,Technology,East
SV-20365,Seth Vernon,5,2254.41,0.1,375.74,0,10,43.48,Consumer,Furniture,East
SV-20365,Seth Vernon,3,104.85,0.0,28.31,0,10,43.48,Consumer,Technology,East
SV-20365,Seth Vernon,3,59.97,0.0,20.39,0,10,43.48,Consumer,Technology,East
SV-20785,Stewart Visinsky,5,32.4,0.0,15.55,0,9,43.25,Consumer,Office Supplies,Central
SV-20785,Stewart Visinsky,2,8.56,0.0,2.65,0,9,43.25,Consumer,Office Supplies,South
SV-20785,Stewart Visinsky,3,239.97,0.0,67.19,0,9,43.25,Consumer,Technology,South
SV-20785,Stewart Visinsky,2,356.94,0.0,107.08,0,9,43.25,Consumer,Office Supplies,South
SV-20785,Stewart Visinsky,1,1.37,0.7,-0.91,0,9,43.25,Consumer,Office Supplies,South
SV-20785,Stewart Visinsky,2,62.02,0.2,22.48,0,9,43.25,Consumer,Office Supplies,South
SV-20785,Stewart Visinsky,7,11.09,0.7,-8.13,0,9,43.25,Consumer,Office Supplies,West
SV-20785,Stewart Visinsky,2,25.16,0.7,-16.78,0,9,43.25,Consumer,Office Supplies,West
SV-20785,Stewart Visinsky,2,59.9,0.2,14.23,0,9,43.25,Consumer,Office Supplies,East
SV-20785,Stewart Visinsky,2,23.7,0.2,6.52,0,9,43.25,Consumer,Office Supplies,East
SV-20785,Stewart Visinsky,2,7.97,0.2,2.89,0,9,43.25,Consumer,Office Supplies,East
SV-20785,Stewart Visinsky,7,18.2,0.2,2.05,0,9,43.25,Consumer,Office Supplies,East
SV-20785,Stewart Visinsky,3,27.55,0.2,-0.34,0,9,43.25,Consumer,Technology,East
SV-20785,Stewart Visinsky,6,844.12,0.3,-36.18,0,9,43.25,Consumer,Furniture,East
SV-20785,Stewart Visinsky,3,76.75,0.2,-9.59,0,9,43.25,Consumer,Office Supplies,East
SV-20785,Stewart Visinsky,7,74.76,0.0,23.92,0,9,43.25,Consumer,Furniture,West
SV-20785,Stewart Visinsky,3,364.78,0.2,27.36,0,9,43.25,Consumer,Furniture,West
SV-20785,Stewart Visinsky,3,715.2,0.0,178.8,0,9,43.25,Consumer,Furniture,East
SV-20785,Stewart Visinsky,3,5.94,0.0,0.0,0,9,43.25,Consumer,Office Supplies,West
SV-20785,Stewart Visinsky,7,45.36,0.0,21.77,0,9,43.25,Consumer,Office Supplies,West
SV-20785,Stewart Visinsky,4,211.17,0.2,23.76,0,9,43.25,Consumer,Technology,West
SV-20785,Stewart Visinsky,6,484.7,0.2,-84.82,0,9,43.25,Consumer,Furniture,West
SV-20785,Stewart Visinsky,3,371.98,0.2,116.24,0,9,43.25,Consumer,Technology,West
SV-20785,Stewart Visinsky,3,25.02,0.0,6.51,0,9,43.25,Consumer,Office Supplies,East
SV-20785,Stewart Visinsky,3,10.71,0.0,2.78,0,9,43.25,Consumer,Office Supplies,East
SV-20815,Stuart Van,7,125.93,0.0,35.26,0,4,179.0,Corporate,Office Supplies,Central
SV-20815,Stuart Van,7,946.34,0.2,118.29,0,4,179.0,Corporate,Technology,Central
SV-20815,Stuart Van,3,151.2,0.2,32.13,0,4,179.0,Corporate,Technology,Central
SV-20815,Stuart Van,4,4.93,0.6,-1.48,0,4,179.0,Corporate,Furniture,Central
SV-20815,Stuart Van,1,31.01,0.2,11.24,0,4,179.0,Corporate,Office Supplies,South
SV-20815,Stuart Van,2,11.68,0.0,4.2,0,4,179.0,Corporate,Office Supplies,West
SV-20935,Susan Vittorini,1,14.98,0.0,6.89,0,8,54.08,Consumer,Furniture,East
SV-20935,Susan Vittorini,4,20.32,0.0,6.91,0,8,54.08,Consumer,Furniture,East
SV-20935,Susan Vittorini,3,15.58,0.2,3.31,0,8,54.08,Consumer,Technology,Central
SV-20935,Susan Vittorini,8,235.15,0.4,-47.03,0,8,54.08,Consumer,Technology,East
SV-20935,Susan Vittorini,10,552.0,0.2,34.5,0,8,54.08,Consumer,Technology,West
SV-20935,Susan Vittorini,5,390.75,0.0,171.93,0,8,54.08,Consumer,Technology,East
SV-20935,Susan Vittorini,6,67.86,0.7,-45.24,0,8,54.08,Consumer,Office Supplies,West
SV-20935,Susan Vittorini,7,158.93,0.2,41.72,0,8,54.08,Consumer,Technology,East
SV-20935,Susan Vittorini,1,13.02,0.7,-10.42,0,8,54.08,Consumer,Office Supplies,East
SV-20935,Susan Vittorini,2,273.06,0.4,-104.67,0,8,54.08,Consumer,Furniture,East
SV-20935,Susan Vittorini,13,39.31,0.2,12.78,0,8,54.08,Consumer,Office Supplies,East
SV-20935,Susan Vittorini,5,118.25,0.0,34.29,0,8,54.08,Consumer,Office Supplies,West
SV-20935,Susan Vittorini,1,4.28,0.0,1.93,0,8,54.08,Consumer,Office Supplies,West
SW-20245,Scot Wooten,1,25.98,0.2,-5.2,0,7,130.89,Consumer,Office Supplies,East
SW-20245,Scot Wooten,3,27.36,0.7,-21.89,0,7,130.89,Consumer,Office Supplies,East
SW-20245,Scot Wooten,2,109.76,0.1,8.54,0,7,130.89,Consumer,Furniture,East
SW-20245,Scot Wooten,2,47.98,0.2,0.6,0,7,130.89,Consumer,Technology,East
SW-20245,Scot Wooten,6,26.06,0.7,-19.98,0,7,130.89,Consumer,Office Supplies,East
SW-20245,Scot Wooten,2,19.98,0.0,8.99,0,7,130.89,Consumer,Office Supplies,West
SW-20245,Scot Wooten,7,159.88,0.0,73.54,0,7,130.89,Consumer,Office Supplies,West
SW-20245,Scot Wooten,2,196.78,0.2,-22.14,0,7,130.89,Consumer,Furniture,South
SW-20245,Scot Wooten,5,231.92,0.2,5.8,0,7,130.89,Consumer,Furniture,South
SW-20245,Scot Wooten,3,239.36,0.3,-47.87,0,7,130.89,Consumer,Furniture,Central
SW-20275,Scott Williamson,2,22.38,0.0,10.74,0,6,226.83,Consumer,Office Supplies,Central
SW-20275,Scott Williamson,1,3.64,0.2,1.36,0,6,226.83,Consumer,Office Supplies,East
SW-20275,Scott Williamson,7,881.93,0.0,220.48,0,6,226.83,Consumer,Technology,East
SW-20275,Scott Williamson,4,46.2,0.0,21.25,0,6,226.83,Consumer,Office Supplies,West
SW-20275,Scott Williamson,8,811.28,0.0,24.34,0,6,226.83,Consumer,Office Supplies,West
SW-20275,Scott Williamson,1,27.42,0.0,11.24,0,6,226.83,Consumer,Furniture,East
SW-20275,Scott Williamson,5,173.8,0.0,43.45,0,6,226.83,Consumer,Office Supplies,South
SW-20350,Sean Wendt,2,517.9,0.0,134.65,0,3,93.6,Home Office,Technology,Central
SW-20350,Sean Wendt,2,5.28,0.0,2.43,0,3,93.6,Home Office,Office Supplies,Central
SW-20350,Sean Wendt,5,29.05,0.0,9.01,0,3,93.6,Home Office,Office Supplies,Central
SW-20350,Sean Wendt,3,33.93,0.7,-22.62,0,3,93.6,Home Office,Office Supplies,East
SW-20350,Sean Wendt,7,222.32,0.2,25.01,0,3,93.6,Home Office,Office Supplies,East
SW-20350,Sean Wendt,6,210.56,0.4,-52.64,0,3,93.6,Home Office,Technology,East
SW-20455,Shaun Weien,2,1217.57,0.2,456.59,0,7,95.0,Consumer,Office Supplies,East
SW-20455,Shaun Weien,1,85.98,0.0,22.35,0,7,95.0,Consumer,Furniture,South
SW-20455,Shaun Weien,2,119.9,0.0,43.16,0,7,95.0,Consumer,Technology,West
SW-20455,Shaun Weien,2,196.62,0.0,96.34,0,7,95.0,Consumer,Office Supplies,South
SW-20455,Shaun Weien,2,1001.58,0.2,125.2,0,7,95.0,Consumer,Technology,West
SW-20455,Shaun Weien,2,7.9,0.2,2.17,0,7,95.0,Consumer,Furniture,South
SW-20455,Shaun Weien,2,16.34,0.0,7.68,0,7,95.0,Consumer,Office Supplies,West
SW-20455,Shaun Weien,2,225.3,0.2,22.53,0,7,95.0,Consumer,Furniture,West
SW-20455,Shaun Weien,3,50.35,0.2,17.62,0,7,95.0,Consumer,Office Supplies,West
SW-20755,Steven Ward,2,41.94,0.0,15.1,0,2,88.57,Corporate,Technology,West
SW-20755,Steven Ward,1,52.79,0.2,4.62,0,2,88.57,Corporate,Technology,West
SW-20755,Steven Ward,1,11.21,0.0,3.36,0,2,88.57,Corporate,Office Supplies,East
SW-20755,Steven Ward,3,9.14,0.2,3.2,0,2,88.57,Corporate,Office Supplies,East
SW-20755,Steven Ward,7,14.07,0.0,6.89,0,2,88.57,Corporate,Office Supplies,East
SW-20755,Steven Ward,7,41.86,0.0,10.46,0,2,88.57,Corporate,Office Supplies,East
SW-20755,Steven Ward,2,8.54,0.2,2.88,0,2,88.57,Corporate,Office Supplies,East
SW-20755,Steven Ward,4,579.14,0.2,21.72,0,2,88.57,Corporate,Furniture,East
SZ-20035,Sam Zeldin,3,196.78,0.2,14.76,0,11,61.84,Home Office,Technology,Central
SZ-20035,Sam Zeldin,2,2.92,0.8,-4.82,0,11,61.84,Home Office,Office Supplies,Central
SZ-20035,Sam Zeldin,1,200.8,0.3,-22.95,0,11,61.84,Home Office,Furniture,Central
SZ-20035,Sam Zeldin,4,46.69,0.2,-2.92,0,11,61.84,Home Office,Technology,Central
SZ-20035,Sam Zeldin,3,21.86,0.2,3.55,0,11,61.84,Home Office,Office Supplies,Central
SZ-20035,Sam Zeldin,4,52.06,0.2,18.87,0,11,61.84,Home Office,Office Supplies,East
SZ-20035,Sam Zeldin,2,24.56,0.0,6.88,0,11,61.84,Home Office,Office Supplies,Central
SZ-20035,Sam Zeldin,2,600.53,0.3,137.26,0,11,61.84,Home Office,Technology,Central
SZ-20035,Sam Zeldin,2,59.9,0.2,14.23,0,11,61.84,Home Office,Office Supplies,Central
SZ-20035,Sam Zeldin,8,637.44,0.2,135.46,0,11,61.84,Home Office,Technology,Central
SZ-20035,Sam Zeldin,3,51.76,0.6,-33.64,0,11,61.84,Home Office,Furniture,Central
SZ-20035,Sam Zeldin,3,46.53,0.0,12.1,0,11,61.84,Home Office,Office Supplies,West
SZ-20035,Sam Zeldin,6,128.34,0.0,37.22,0,11,61.84,Home Office,Office Supplies,East
SZ-20035,Sam Zeldin,4,604.77,0.2,60.48,0,11,61.84,Home Office,Technology,West
SZ-20035,Sam Zeldin,4,32.9,0.2,11.1,0,11,61.84,Home Office,Office Supplies,East
SZ-20035,Sam Zeldin,2,215.15,0.4,-103.99,0,11,61.84,Home Office,Furniture,East
SZ-20035,Sam Zeldin,6,30.96,0.2,11.22,0,11,61.84,Home Office,Office Supplies,East
SZ-20035,Sam Zeldin,5,145.9,0.0,62.74,0,11,61.84,Home Office,Furniture,West
SZ-20035,Sam Zeldin,2,23.68,0.2,8.88,0,11,61.84,Home Office,Office Supplies,Central
SZ-20035,Sam Zeldin,3,501.81,0.0,0.0,0,11,61.84,Home Office,Office Supplies,Central
TA-21385,Tom Ashbrook,3,357.93,0.0,7.16,0,4,126.22,Home Office,Office Supplies,Central
TA-21385,Tom Ashbrook,5,57.4,0.0,10.91,0,4,126.22,Home Office,Technology,Central
TA-21385,Tom Ashbrook,2,331.96,0.0,149.38,0,4,126.22,Home Office,Office Supplies,Central
TA-21385,Tom Ashbrook,2,40.56,0.0,12.98,0,4,126.22,Home Office,Furniture,Central
TA-21385,Tom Ashbrook,2,84.27,0.6,-75.84,0,4,126.22,Home Office,Furniture,Central
TA-21385,Tom Ashbrook,4,7.04,0.0,2.04,0,4,126.22,Home Office,Office Supplies,East
TA-21385,Tom Ashbrook,4,11199.97,0.2,3919.99,0,4,126.22,Home Office,Technology,East
TA-21385,Tom Ashbrook,8,2399.6,0.0,647.89,0,4,126.22,Home Office,Technology,East
TA-21385,Tom Ashbrook,5,63.9,0.0,28.75,0,4,126.22,Home Office,Office Supplies,East
TA-21385,Tom Ashbrook,1,52.99,0.0,0.53,0,4,126.22,Home Office,Technology,East
TB-21055,Ted Butterfield,6,208.56,0.0,52.14,0,5,26.0,Consumer,Office Supplies,East
TB-21055,Ted Butterfield,5,32.4,0.0,15.55,0,5,26.0,Consumer,Office Supplies,East
TB-21055,Ted Butterfield,5,319.41,0.1,7.1,0,5,26.0,Consumer,Furniture,East
TB-21055,Ted Butterfield,2,14.56,0.0,6.99,0,5,26.0,Consumer,Office Supplies,East
TB-21055,Ted Butterfield,2,30.0,0.0,3.3,0,5,26.0,Consumer,Technology,East
TB-21055,Ted Butterfield,4,48.48,0.2,16.36,0,5,26.0,Consumer,Office Supplies,East
TB-21055,Ted Butterfield,1,1.68,0.0,0.84,0,5,26.0,Consumer,Office Supplies,East
TB-21055,Ted Butterfield,3,122.97,0.0,60.26,0,5,26.0,Consumer,Office Supplies,East
TB-21055,Ted Butterfield,1,244.62,0.3,20.97,0,5,26.0,Consumer,Furniture,East
TB-21055,Ted Butterfield,3,59.97,0.0,28.79,0,5,26.0,Consumer,Technology,East
TB-21055,Ted Butterfield,9,81.54,0.0,36.69,0,5,26.0,Consumer,Office Supplies,East
TB-21055,Ted Butterfield,4,11.68,0.0,5.26,0,5,26.0,Consumer,Office Supplies,East
TB-21055,Ted Butterfield,5,29.0,0.0,13.92,0,5,26.0,Consumer,Office Supplies,East
TB-21055,Ted Butterfield,3,8.86,0.2,2.88,0,5,26.0,Consumer,Office Supplies,East
TB-21055,Ted Butterfield,5,16.52,0.2,5.37,0,5,26.0,Consumer,Office Supplies,East
TB-21055,Ted Butterfield,1,10.9,0.0,2.83,0,5,26.0,Consumer,Office Supplies,East
TB-21055,Ted Butterfield,4,79.92,0.0,37.56,0,5,26.0,Consumer,Office Supplies,East
TB-21055,Ted Butterfield,3,146.82,0.0,73.41,0,5,26.0,Consumer,Office Supplies,East
TB-21175,Thomas Boland,2,60.42,0.2,6.04,0,4,106.0,Corporate,Office Supplies,Central
TB-21175,Thomas Boland,2,20.7,0.0,9.94,0,4,106.0,Corporate,Office Supplies,East
TB-21175,Thomas Boland,3,10.95,0.0,3.28,0,4,106.0,Corporate,Office Supplies,East
TB-21175,Thomas Boland,3,14.35,0.2,4.66,0,4,106.0,Corporate,Office Supplies,East
TB-21175,Thomas Boland,3,129.55,0.2,-22.67,0,4,106.0,Corporate,Office Supplies,South
TB-21175,Thomas Boland,1,51.98,0.2,-5.2,0,4,106.0,Corporate,Office Supplies,South
TB-21175,Thomas Boland,3,10.27,0.2,3.47,0,4,106.0,Corporate,Office Supplies,South
TB-21175,Thomas Boland,2,5.32,0.0,2.61,0,4,106.0,Corporate,Office Supplies,South
TB-21175,Thomas Boland,4,975.92,0.0,292.78,0,4,106.0,Corporate,Furniture,South
TB-21175,Thomas Boland,9,2249.91,0.0,517.48,0,4,106.0,Corporate,Technology,South
TB-21175,Thomas Boland,4,59.92,0.0,16.78,0,4,106.0,Corporate,Office Supplies,South
TB-21190,Thomas Brumley,14,767.21,0.1,161.97,0,4,350.0,Home Office,Furniture,East
TB-21190,Thomas Brumley,2,6.24,0.0,3.06,0,4,350.0,Home Office,Office Supplies,South
TB-21190,Thomas Brumley,3,7.8,0.0,2.11,0,4,350.0,Home Office,Office Supplies,West
TB-21190,Thomas Brumley,4,34.92,0.0,11.87,0,4,350.0,Home Office,Furniture,West
TB-21250,Tim Brockman,7,27.89,0.2,9.06,0,7,42.72,Consumer,Office Supplies,West
TB-21250,Tim Brockman,4,6.46,0.7,-4.52,0,7,42.72,Consumer,Office Supplies,West
TB-21250,Tim Brockman,3,52.68,0.2,19.76,0,7,42.72,Consumer,Technology,West
TB-21250,Tim Brockman,5,13.88,0.2,-2.6,0,7,42.72,Consumer,Office Supplies,West
TB-21250,Tim Brockman,10,103.92,0.2,-18.19,0,7,42.72,Consumer,Technology,West
TB-21250,Tim Brockman,5,11.52,0.2,3.74,0,7,42.72,Consumer,Office Supplies,West
TB-21250,Tim Brockman,2,10.37,0.2,3.63,0,7,42.72,Consumer,Office Supplies,West
TB-21250,Tim Brockman,3,39.07,0.2,2.93,0,7,42.72,Consumer,Office Supplies,West
TB-21250,Tim Brockman,4,631.96,0.0,303.34,0,7,42.72,Consumer,Technology,East
TB-21250,Tim Brockman,4,23.92,0.0,10.76,0,7,42.72,Consumer,Office Supplies,East
TB-21250,Tim Brockman,2,12.22,0.2,4.43,0,7,42.72,Consumer,Office Supplies,Central
TB-21250,Tim Brockman,4,435.17,0.2,-59.84,0,7,42.72,Consumer,Furniture,West
TB-21250,Tim Brockman,1,48.58,0.0,7.77,0,7,42.72,Consumer,Furniture,West
TB-21250,Tim Brockman,2,27.26,0.2,8.86,0,7,42.72,Consumer,Office Supplies,West
TB-21250,Tim Brockman,3,9.84,0.0,2.85,0,7,42.72,Consumer,Office Supplies,West
TB-21250,Tim Brockman,4,32.78,0.8,-52.45,0,7,42.72,Consumer,Office Supplies,Central
TB-21250,Tim Brockman,2,47.98,0.2,14.4,0,7,42.72,Consumer,Technology,Central
TB-21250,Tim Brockman,8,62.59,0.2,13.3,0,7,42.72,Consumer,Technology,Central
TB-21250,Tim Brockman,1,4.28,0.8,-6.63,0,7,42.72,Consumer,Office Supplies,Central
TB-21280,Toby Braunhardt,3,19.65,0.0,9.04,0,6,70.5,Consumer,Office Supplies,East
TB-21280,Toby Braunhardt,3,617.97,0.0,160.67,0,6,70.5,Consumer,Technology,East
TB-21280,Toby Braunhardt,3,59.7,0.0,26.86,0,6,70.5,Consumer,Office Supplies,East
TB-21280,Toby Braunhardt,3,8.23,0.7,-6.03,0,6,70.5,Consumer,Office Supplies,West
TB-21280,Toby Braunhardt,4,95.97,0.2,9.6,0,6,70.5,Consumer,Technology,South
TB-21280,Toby Braunhardt,4,26.34,0.2,9.22,0,6,70.5,Consumer,Office Supplies,East
TB-21280,Toby Braunhardt,5,1287.45,0.0,244.62,0,6,70.5,Consumer,Technology,Central
TB-21280,Toby Braunhardt,3,19.44,0.0,9.33,0,6,70.5,Consumer,Office Supplies,East
TB-21280,Toby Braunhardt,2,9.64,0.0,4.43,0,6,70.5,Consumer,Office Supplies,East
TB-21280,Toby Braunhardt,2,12.7,0.0,5.84,0,6,70.5,Consumer,Office Supplies,East
TB-21280,Toby Braunhardt,3,41.37,0.0,17.38,0,6,70.5,Consumer,Furniture,East
TB-21355,Todd Boyes,3,9.21,0.0,2.3,0,5,46.58,Corporate,Office Supplies,East
TB-21355,Todd Boyes,5,18.0,0.0,8.28,0,5,46.58,Corporate,Office Supplies,East
TB-21355,Todd Boyes,1,14.16,0.2,1.06,0,5,46.58,Corporate,Office Supplies,Central
TB-21355,Todd Boyes,5,79.92,0.2,27.97,0,5,46.58,Corporate,Office Supplies,Central
TB-21355,Todd Boyes,2,39.88,0.0,11.17,0,5,46.58,Corporate,Furniture,East
TB-21355,Todd Boyes,4,12.19,0.2,4.11,0,5,46.58,Corporate,Office Supplies,East
TB-21355,Todd Boyes,3,20.82,0.0,7.5,0,5,46.58,Corporate,Office Supplies,East
TB-21355,Todd Boyes,2,17.24,0.0,4.48,0,5,46.58,Corporate,Office Supplies,South
TB-21355,Todd Boyes,3,302.94,0.0,75.74,0,5,46.58,Corporate,Furniture,South
TB-21355,Todd Boyes,5,34.75,0.0,15.64,0,5,46.58,Corporate,Technology,South
TB-21355,Todd Boyes,6,113.94,0.0,54.69,0,5,46.58,Corporate,Office Supplies,South
TB-21355,Todd Boyes,2,55.98,0.0,15.67,0,5,46.58,Corporate,Technology,South
TB-21355,Todd Boyes,3,115.3,0.2,40.35,0,5,46.58,Corporate,Office Supplies,Central
TB-21400,Tom Boeckenhauer,3,25.25,0.2,4.1,0,7,77.31,Consumer,Furniture,South
TB-21400,Tom Boeckenhauer,2,83.84,0.2,27.25,0,7,77.31,Consumer,Office Supplies,West
TB-21400,Tom Boeckenhauer,3,13.27,0.2,4.31,0,7,77.31,Consumer,Office Supplies,West
TB-21400,Tom Boeckenhauer,3,57.69,0.0,23.65,0,7,77.31,Consumer,Furniture,Central
TB-21400,Tom Boeckenhauer,3,42.81,0.0,20.12,0,7,77.31,Consumer,Office Supplies,Central
TB-21400,Tom Boeckenhauer,2,12.96,0.0,6.22,0,7,77.31,Consumer,Office Supplies,Central
TB-21400,Tom Boeckenhauer,6,821.88,0.0,213.69,0,7,77.31,Consumer,Furniture,Central
TB-21400,Tom Boeckenhauer,3,104.85,0.0,28.31,0,7,77.31,Consumer,Technology,Central
TB-21400,Tom Boeckenhauer,4,6999.96,0.0,2239.99,0,7,77.31,Consumer,Technology,East
TB-21400,Tom Boeckenhauer,5,81.2,0.0,12.18,0,7,77.31,Consumer,Office Supplies,South
TB-21400,Tom Boeckenhauer,2,6.08,0.0,2.07,0,7,77.31,Consumer,Office Supplies,West
TB-21400,Tom Boeckenhauer,1,164.79,0.2,18.54,0,7,77.31,Consumer,Technology,West
TB-21400,Tom Boeckenhauer,2,37.94,0.0,18.21,0,7,77.31,Consumer,Office Supplies,West
TB-21400,Tom Boeckenhauer,6,18.29,0.2,6.63,0,7,77.31,Consumer,Office Supplies,West
TB-21400,Tom Boeckenhauer,5,385.8,0.2,130.21,0,7,77.31,Consumer,Technology,West
TB-21400,Tom Boeckenhauer,2,102.96,0.0,1.03,0,7,77.31,Consumer,Office Supplies,West
TB-21400,Tom Boeckenhauer,3,174.42,0.0,41.86,0,7,77.31,Consumer,Furniture,West
TB-21520,Tracy Blumstein,5,10.78,0.8,-17.25,0,9,55.95,Consumer,Office Supplies,Central
TB-21520,Tracy Blumstein,3,119.98,0.2,-18.0,0,9,55.95,Consumer,Technology,Central
TB-21520,Tracy Blumstein,4,121.79,0.2,13.7,0,9,55.95,Consumer,Office Supplies,East
TB-21520,Tracy Blumstein,3,409.59,0.4,-122.88,0,9,55.95,Consumer,Furniture,East
TB-21520,Tracy Blumstein,6,191.88,0.0,19.19,0,9,55.95,Consumer,Office Supplies,East
TB-21520,Tracy Blumstein,7,3083.43,0.5,-1665.05,0,9,55.95,Consumer,Furniture,East
TB-21520,Tracy Blumstein,2,9.62,0.7,-7.05,0,9,55.95,Consumer,Office Supplies,East
TB-21520,Tracy Blumstein,3,124.2,0.2,15.52,0,9,55.95,Consumer,Furniture,East
TB-21520,Tracy Blumstein,2,3.26,0.2,1.1,0,9,55.95,Consumer,Office Supplies,East
TB-21520,Tracy Blumstein,6,86.3,0.2,9.71,0,9,55.95,Consumer,Office Supplies,East
TB-21520,Tracy Blumstein,6,6.86,0.7,-5.72,0,9,55.95,Consumer,Office Supplies,East
TB-21520,Tracy Blumstein,2,15.76,0.2,3.55,0,9,55.95,Consumer,Office Supplies,East
TB-21520,Tracy Blumstein,5,141.76,0.2,47.84,0,9,55.95,Consumer,Office Supplies,West
TB-21520,Tracy Blumstein,5,239.8,0.2,47.96,0,9,55.95,Consumer,Technology,West
TB-21520,Tracy Blumstein,6,31.1,0.2,10.89,0,9,55.95,Consumer,Office Supplies,West
TB-21520,Tracy Blumstein,3,34.44,0.0,17.22,0,9,55.95,Consumer,Office Supplies,East
TB-21520,Tracy Blumstein,2,14.37,0.2,3.95,0,9,55.95,Consumer,Furniture,West
TB-21520,Tracy Blumstein,3,15.19,0.2,5.51,0,9,55.95,Consumer,Office Supplies,West
TB-21520,Tracy Blumstein,9,58.32,0.0,27.99,0,9,55.95,Consumer,Office Supplies,West
TB-21520,Tracy Blumstein,3,19.05,0.0,8.76,0,9,55.95,Consumer,Office Supplies,Central
TB-21595,Troy Blackwell,5,25.16,0.6,-11.32,0,5,187.67,Consumer,Furniture,Central
TB-21595,Troy Blackwell,5,25.92,0.2,9.07,0,5,187.67,Consumer,Office Supplies,West
TB-21595,Troy Blackwell,4,120.77,0.2,9.06,0,5,187.67,Consumer,Office Supplies,West
TB-21595,Troy Blackwell,5,299.98,0.5,-167.99,0,5,187.67,Consumer,Furniture,East
TB-21595,Troy Blackwell,4,158.38,0.4,-36.95,0,5,187.67,Consumer,Technology,East
TB-21595,Troy Blackwell,5,754.45,0.0,60.36,0,5,187.67,Consumer,Furniture,Central
TB-21595,Troy Blackwell,1,2.91,0.0,1.37,0,5,187.67,Consumer,Furniture,Central
TB-21625,Trudy Brown,2,199.98,0.0,83.99,0,9,86.57,Consumer,Technology,East
TB-21625,Trudy Brown,1,16.24,0.0,2.44,0,9,86.57,Consumer,Office Supplies,East
TB-21625,Trudy Brown,5,77.55,0.0,21.71,0,9,86.57,Consumer,Office Supplies,East
TB-21625,Trudy Brown,3,60.45,0.0,16.32,0,9,86.57,Consumer,Office Supplies,West
TB-21625,Trudy Brown,3,253.18,0.2,-31.65,0,9,86.57,Consumer,Furniture,West
TB-21625,Trudy Brown,5,14.76,0.6,-11.44,0,9,86.57,Consumer,Furniture,Central
TB-21625,Trudy Brown,4,3.66,0.8,-5.85,0,9,86.57,Consumer,Office Supplies,Central
TB-21625,Trudy Brown,3,17.94,0.0,8.07,0,9,86.57,Consumer,Office Supplies,West
TB-21625,Trudy Brown,5,224.75,0.0,62.93,0,9,86.57,Consumer,Technology,Central
TB-21625,Trudy Brown,5,663.92,0.2,207.48,0,9,86.57,Consumer,Office Supplies,East
TB-21625,Trudy Brown,8,120.0,0.0,13.2,0,9,86.57,Consumer,Technology,East
TB-21625,Trudy Brown,1,3.29,0.0,1.48,0,9,86.57,Consumer,Office Supplies,East
TB-21625,Trudy Brown,3,18.84,0.0,6.03,0,9,86.57,Consumer,Furniture,East
TB-21625,Trudy Brown,6,43.8,0.0,20.59,0,9,86.57,Consumer,Office Supplies,East
TB-21625,Trudy Brown,6,1079.32,0.3,-15.42,0,9,86.57,Consumer,Furniture,East
TC-20980,Tamara Chand,3,26.05,0.8,-44.28,0,5,68.18,Corporate,Office Supplies,Central
TC-20980,Tamara Chand,3,74.35,0.2,26.95,0,5,68.18,Corporate,Office Supplies,Central
TC-20980,Tamara Chand,4,23.92,0.0,11.72,0,5,68.18,Corporate,Office Supplies,South
TC-20980,Tamara Chand,5,498.0,0.0,184.26,0,5,68.18,Corporate,Technology,South
TC-20980,Tamara Chand,5,61.4,0.0,28.86,0,5,68.18,Corporate,Office Supplies,East
TC-20980,Tamara Chand,2,24.45,0.2,8.86,0,5,68.18,Corporate,Office Supplies,East
TC-20980,Tamara Chand,2,32.48,0.0,4.87,0,5,68.18,Corporate,Office Supplies,Central
TC-20980,Tamara Chand,5,17499.95,0.0,8399.98,0,5,68.18,Corporate,Technology,Central
TC-20980,Tamara Chand,2,735.98,0.0,331.19,0,5,68.18,Corporate,Office Supplies,Central
TC-20980,Tamara Chand,7,34.37,0.0,16.84,0,5,68.18,Corporate,Office Supplies,Central
TC-20980,Tamara Chand,2,33.96,0.0,9.51,0,5,68.18,Corporate,Office Supplies,Central
TC-20980,Tamara Chand,2,7.31,0.2,2.56,0,5,68.18,Corporate,Office Supplies,West
TC-21145,Theresa Coyne,5,47.4,0.0,18.96,0,1,0.0,Corporate,Furniture,East
TC-21145,Theresa Coyne,4,512.96,0.0,143.63,0,1,0.0,Corporate,Furniture,East
TC-21145,Theresa Coyne,6,395.94,0.0,102.94,0,1,0.0,Corporate,Technology,East
TC-21145,Theresa Coyne,2,81.96,0.0,0.0,0,1,0.0,Corporate,Office Supplies,East
TC-21295,Toby Carlisle,3,177.0,0.0,30.09,0,8,76.4,Consumer,Technology,East
TC-21295,Toby Carlisle,7,79.45,0.0,22.25,0,8,76.4,Consumer,Office Supplies,East
TC-21295,Toby Carlisle,9,1628.82,0.0,260.61,0,8,76.4,Consumer,Furniture,East
TC-21295,Toby Carlisle,7,447.94,0.2,89.59,0,8,76.4,Consumer,Technology,West
TC-21295,Toby Carlisle,2,695.7,0.5,-27.83,0,8,76.4,Consumer,Technology,South
TC-21295,Toby Carlisle,4,59.2,0.0,29.6,0,8,76.4,Consumer,Office Supplies,East
TC-21295,Toby Carlisle,2,4.45,0.2,1.45,0,8,76.4,Consumer,Office Supplies,West
TC-21295,Toby Carlisle,3,276.69,0.0,49.8,0,8,76.4,Consumer,Furniture,West
TC-21295,Toby Carlisle,4,4.96,0.0,2.33,0,8,76.4,Consumer,Office Supplies,West
TC-21295,Toby Carlisle,4,71.92,0.0,20.86,0,8,76.4,Consumer,Office Supplies,West
TC-21295,Toby Carlisle,3,18.84,0.0,7.91,0,8,76.4,Consumer,Furniture,West
TC-21295,Toby Carlisle,3,140.97,0.0,19.74,0,8,76.4,Consumer,Technology,West
TC-21295,Toby Carlisle,3,470.38,0.2,52.92,0,8,76.4,Consumer,Technology,West
TC-21295,Toby Carlisle,1,2.06,0.2,0.15,0,8,76.4,Consumer,Office Supplies,South
TC-21295,Toby Carlisle,5,21.99,0.8,-32.98,0,8,76.4,Consumer,Office Supplies,Central
TC-21295,Toby Carlisle,3,166.44,0.0,79.89,0,8,76.4,Consumer,Office Supplies,West
TC-21475,Tony Chapman,5,9.98,0.8,-16.47,0,9,98.1,Home Office,Office Supplies,Central
TC-21475,Tony Chapman,5,43.56,0.2,3.27,0,9,98.1,Home Office,Office Supplies,West
TC-21475,Tony Chapman,2,5.84,0.2,0.73,0,9,98.1,Home Office,Office Supplies,West
TC-21475,Tony Chapman,2,141.96,0.0,22.71,0,9,98.1,Home Office,Furniture,West
TC-21475,Tony Chapman,3,98.33,0.2,9.83,0,9,98.1,Home Office,Furniture,West
TC-21475,Tony Chapman,8,33.92,0.0,13.23,0,9,98.1,Home Office,Office Supplies,East
TC-21475,Tony Chapman,3,19.44,0.0,9.33,0,9,98.1,Home Office,Office Supplies,South
TC-21475,Tony Chapman,2,411.8,0.0,70.01,0,9,98.1,Home Office,Furniture,South
TC-21475,Tony Chapman,4,360.0,0.0,129.6,0,9,98.1,Home Office,Technology,South
TC-21475,Tony Chapman,7,43.37,0.8,-69.4,0,9,98.1,Home Office,Office Supplies,Central
TC-21475,Tony Chapman,4,76.78,0.7,-53.74,0,9,98.1,Home Office,Office Supplies,East
TC-21535,Tracy Collins,4,6.72,0.0,3.36,0,7,127.67,Home Office,Office Supplies,West
TC-21535,Tracy Collins,4,30.44,0.0,14.31,0,7,127.67,Home Office,Office Supplies,East
TC-21535,Tracy Collins,3,35.28,0.0,12.0,0,7,127.67,Home Office,Furniture,East
TC-21535,Tracy Collins,2,61.96,0.0,4.34,0,7,127.67,Home Office,Furniture,South
TC-21535,Tracy Collins,2,35.98,0.2,4.5,0,7,127.67,Home Office,Technology,West
TC-21535,Tracy Collins,3,389.97,0.0,132.59,0,7,127.67,Home Office,Technology,West
TC-21535,Tracy Collins,1,61.19,0.2,6.12,0,7,127.67,Home Office,Technology,West
TC-21535,Tracy Collins,1,67.84,0.0,18.32,0,7,127.67,Home Office,Office Supplies,West
TC-21535,Tracy Collins,6,50.04,0.0,25.02,0,7,127.67,Home Office,Office Supplies,West
TC-21535,Tracy Collins,2,3.13,0.7,-2.61,0,7,127.67,Home Office,Office Supplies,East
TD-20995,Tamara Dahlen,5,34.2,0.0,9.23,0,9,85.6,Consumer,Office Supplies,South
TD-20995,Tamara Dahlen,4,31.68,0.2,2.77,0,9,85.6,Consumer,Office Supplies,Central
TD-20995,Tamara Dahlen,2,10.37,0.2,3.63,0,9,85.6,Consumer,Office Supplies,Central
TD-20995,Tamara Dahlen,8,12.03,0.2,2.26,0,9,85.6,Consumer,Office Supplies,Central
TD-20995,Tamara Dahlen,2,5.77,0.8,-13.55,0,9,85.6,Consumer,Office Supplies,Central
TD-20995,Tamara Dahlen,2,153.57,0.2,-5.76,0,9,85.6,Consumer,Furniture,West
TD-20995,Tamara Dahlen,7,1013.49,0.2,76.01,0,9,85.6,Consumer,Furniture,West
TD-20995,Tamara Dahlen,5,54.9,0.0,15.37,0,9,85.6,Consumer,Office Supplies,East
TD-20995,Tamara Dahlen,5,19.56,0.2,1.71,0,9,85.6,Consumer,Office Supplies,Central
TD-20995,Tamara Dahlen,3,7.56,0.0,3.1,0,9,85.6,Consumer,Office Supplies,East
TD-20995,Tamara Dahlen,2,24.56,0.0,11.54,0,9,85.6,Consumer,Office Supplies,East
TD-20995,Tamara Dahlen,2,12.96,0.0,4.15,0,9,85.6,Consumer,Office Supplies,East
TD-20995,Tamara Dahlen,2,1.08,0.7,-0.79,0,9,85.6,Consumer,Office Supplies,West
TD-20995,Tamara Dahlen,5,10.44,0.2,3.39,0,9,85.6,Consumer,Office Supplies,Central
TD-20995,Tamara Dahlen,4,18.34,0.8,-32.09,0,9,85.6,Consumer,Office Supplies,Central
TD-20995,Tamara Dahlen,9,24.05,0.2,7.21,0,9,85.6,Consumer,Furniture,East
TG-21310,Toby Gnade,2,4.61,0.2,1.67,0,5,86.25,Consumer,Office Supplies,South
TG-21310,Toby Gnade,3,272.74,0.2,-64.77,0,5,86.25,Consumer,Office Supplies,West
TG-21310,Toby Gnade,4,18.5,0.2,6.7,0,5,86.25,Consumer,Office Supplies,West
TG-21310,Toby Gnade,2,441.92,0.2,49.72,0,5,86.25,Consumer,Furniture,West
TG-21310,Toby Gnade,6,127.76,0.7,-191.65,0,5,86.25,Consumer,Furniture,West
TG-21310,Toby Gnade,2,999.98,0.0,449.99,0,5,86.25,Consumer,Technology,West
TG-21310,Toby Gnade,1,1016.79,0.2,381.3,0,5,86.25,Consumer,Office Supplies,West
TG-21310,Toby Gnade,7,38.14,0.2,13.35,0,5,86.25,Consumer,Office Supplies,West
TG-21310,Toby Gnade,3,137.94,0.0,35.86,0,5,86.25,Consumer,Technology,East
TG-21640,Trudy Glocke,7,1125.49,0.2,98.48,0,4,139.56,Consumer,Furniture,South
TG-21640,Trudy Glocke,5,12.64,0.7,-10.12,0,4,139.56,Consumer,Office Supplies,South
TG-21640,Trudy Glocke,2,4.03,0.2,1.06,0,4,139.56,Consumer,Office Supplies,South
TG-21640,Trudy Glocke,4,355.36,0.0,92.39,0,4,139.56,Consumer,Furniture,West
TG-21640,Trudy Glocke,3,140.38,0.2,8.77,0,4,139.56,Consumer,Technology,West
TG-21640,Trudy Glocke,14,160.72,0.0,78.75,0,4,139.56,Consumer,Office Supplies,West
TG-21640,Trudy Glocke,4,19.92,0.0,9.76,0,4,139.56,Consumer,Office Supplies,West
TG-21640,Trudy Glocke,2,7.3,0.0,2.19,0,4,139.56,Consumer,Office Supplies,West
TG-21640,Trudy Glocke,4,113.52,0.0,46.54,0,4,139.56,Consumer,Technology,Central
TG-21640,Trudy Glocke,5,135.3,0.0,37.88,0,4,139.56,Consumer,Furniture,Central
TH-21100,Thea Hendricks,5,603.92,0.2,45.29,0,5,141.0,Consumer,Furniture,West
TH-21100,Thea Hendricks,2,81.98,0.0,40.17,0,5,141.0,Consumer,Office Supplies,West
TH-21100,Thea Hendricks,7,35.17,0.2,9.67,0,5,141.0,Consumer,Furniture,East
TH-21100,Thea Hendricks,4,1502.38,0.4,-250.4,0,5,141.0,Consumer,Technology,East
TH-21100,Thea Hendricks,1,10.74,0.2,0.81,0,5,141.0,Consumer,Office Supplies,West
TH-21100,Thea Hendricks,7,27.86,0.0,9.19,0,5,141.0,Consumer,Office Supplies,South
TH-21100,Thea Hendricks,3,160.78,0.2,10.05,0,5,141.0,Consumer,Technology,West
TH-21115,Thea Hudgings,4,11.12,0.0,5.45,0,4,142.0,Corporate,Office Supplies,East
TH-21115,Thea Hudgings,4,344.37,0.3,-93.47,0,4,142.0,Corporate,Furniture,Central
TH-21115,Thea Hudgings,3,1554.94,0.2,77.75,0,4,142.0,Corporate,Office Supplies,Central
TH-21115,Thea Hudgings,5,127.88,0.6,-67.14,0,4,142.0,Corporate,Furniture,Central
TH-21115,Thea Hudgings,2,12.96,0.0,6.22,0,4,142.0,Corporate,Office Supplies,East
TH-21115,Thea Hudgings,1,3.31,0.2,0.66,0,4,142.0,Corporate,Furniture,East
TH-21115,Thea Hudgings,3,20.14,0.2,1.26,0,4,142.0,Corporate,Office Supplies,East
TH-21115,Thea Hudgings,3,8.86,0.2,2.88,0,4,142.0,Corporate,Office Supplies,East
TH-21115,Thea Hudgings,4,859.2,0.4,-186.16,0,4,142.0,Corporate,Technology,East
TH-21235,Tiffany House,1,2.94,0.0,0.79,0,8,86.25,Corporate,Office Supplies,West
TH-21235,Tiffany House,2,53.32,0.4,-19.55,0,8,86.25,Corporate,Furniture,East
TH-21235,Tiffany House,3,56.52,0.0,15.83,0,8,86.25,Corporate,Office Supplies,East
TH-21235,Tiffany House,7,185.53,0.2,48.7,0,8,86.25,Corporate,Technology,West
TH-21235,Tiffany House,1,1.5,0.2,0.17,0,8,86.25,Corporate,Office Supplies,East
TH-21235,Tiffany House,2,34.85,0.2,6.53,0,8,86.25,Corporate,Office Supplies,East
TH-21235,Tiffany House,5,32.4,0.0,15.55,0,8,86.25,Corporate,Office Supplies,West
TH-21235,Tiffany House,3,106.87,0.3,-29.01,0,8,86.25,Corporate,Furniture,Central
TH-21235,Tiffany House,3,3.56,0.8,-6.24,0,8,86.25,Corporate,Office Supplies,Central
TH-21235,Tiffany House,3,23.76,0.2,2.08,0,8,86.25,Corporate,Office Supplies,Central
TH-21235,Tiffany House,3,85.06,0.2,28.71,0,8,86.25,Corporate,Office Supplies,Central
TH-21235,Tiffany House,3,381.58,0.2,28.62,0,8,86.25,Corporate,Technology,Central
TH-21235,Tiffany House,4,54.32,0.0,0.54,0,8,86.25,Corporate,Office Supplies,West
TH-21550,Tracy Hopkins,1,55.48,0.0,26.63,0,7,107.75,Home Office,Office Supplies,East
TH-21550,Tracy Hopkins,4,255.97,0.2,32.0,0,7,107.75,Home Office,Technology,South
TH-21550,Tracy Hopkins,3,68.94,0.0,20.68,0,7,107.75,Home Office,Office Supplies,East
TH-21550,Tracy Hopkins,3,128.82,0.0,50.24,0,7,107.75,Home Office,Furniture,East
TH-21550,Tracy Hopkins,2,589.9,0.0,147.48,0,7,107.75,Home Office,Technology,East
TH-21550,Tracy Hopkins,3,542.94,0.0,141.16,0,7,107.75,Home Office,Furniture,East
TH-21550,Tracy Hopkins,1,4.54,0.0,2.04,0,7,107.75,Home Office,Office Supplies,Central
TH-21550,Tracy Hopkins,4,15.92,0.0,5.41,0,7,107.75,Home Office,Office Supplies,Central
TH-21550,Tracy Hopkins,8,543.92,0.0,135.98,0,7,107.75,Home Office,Technology,Central
TH-21550,Tracy Hopkins,5,277.4,0.0,133.15,0,7,107.75,Home Office,Office Supplies,East
TH-21550,Tracy Hopkins,2,25.16,0.0,8.55,0,7,107.75,Home Office,Furniture,East
TH-21550,Tracy Hopkins,4,91.92,0.0,31.25,0,7,107.75,Home Office,Furniture,East
TH-21550,Tracy Hopkins,4,1633.19,0.7,-1306.55,0,7,107.75,Home Office,Office Supplies,South
TM-21010,Tamara Manning,5,8.85,0.8,-13.72,0,8,72.5,Consumer,Office Supplies,Central
TM-21010,Tamara Manning,3,47.79,0.0,16.25,0,8,72.5,Consumer,Technology,South
TM-21010,Tamara Manning,11,423.28,0.0,110.05,0,8,72.5,Consumer,Office Supplies,West
TM-21010,Tamara Manning,7,1406.86,0.0,140.69,0,8,72.5,Consumer,Furniture,West
TM-21010,Tamara Manning,5,15.75,0.0,7.56,0,8,72.5,Consumer,Office Supplies,West
TM-21010,Tamara Manning,2,323.1,0.0,61.39,0,8,72.5,Consumer,Office Supplies,West
TM-21010,Tamara Manning,2,9.26,0.0,3.06,0,8,72.5,Consumer,Office Supplies,East
TM-21010,Tamara Manning,2,105.98,0.0,4.24,0,8,72.5,Consumer,Office Supplies,East
TM-21010,Tamara Manning,1,1.24,0.0,0.58,0,8,72.5,Consumer,Office Supplies,East
TM-21010,Tamara Manning,2,20.7,0.0,9.94,0,8,72.5,Consumer,Office Supplies,East
TM-21010,Tamara Manning,5,28.9,0.0,14.16,0,8,72.5,Consumer,Office Supplies,East
TM-21010,Tamara Manning,1,27.18,0.0,12.77,0,8,72.5,Consumer,Office Supplies,East
TM-21010,Tamara Manning,5,24.2,0.0,7.99,0,8,72.5,Consumer,Office Supplies,West
TM-21010,Tamara Manning,3,359.98,0.2,130.49,0,8,72.5,Consumer,Technology,West
TM-21010,Tamara Manning,2,12.96,0.0,6.22,0,8,72.5,Consumer,Office Supplies,Central
TM-21010,Tamara Manning,5,94.85,0.0,45.53,0,8,72.5,Consumer,Office Supplies,Central
TM-21010,Tamara Manning,1,13.48,0.0,3.5,0,8,72.5,Consumer,Office Supplies,Central
TM-21010,Tamara Manning,3,14.91,0.0,4.62,0,8,72.5,Consumer,Furniture,Central
TM-21010,Tamara Manning,2,15.96,0.0,7.98,0,8,72.5,Consumer,Office Supplies,Central
TM-21490,Tony Molinari,2,325.86,0.0,149.9,0,3,48.33,Consumer,Office Supplies,Central
TM-21490,Tony Molinari,1,14.89,0.0,4.02,0,3,48.33,Consumer,Furniture,East
TM-21490,Tony Molinari,8,543.92,0.0,135.98,0,3,48.33,Consumer,Technology,East
TM-21490,Tony Molinari,1,210.01,0.2,2.63,0,3,48.33,Consumer,Furniture,West
TN-21040,Tanja Norvell,3,122.35,0.2,13.76,0,7,98.82,Home Office,Furniture,West
TN-21040,Tanja Norvell,2,15.28,0.0,7.49,0,7,98.82,Home Office,Office Supplies,West
TN-21040,Tanja Norvell,7,559.93,0.0,167.98,0,7,98.82,Home Office,Technology,East
TN-21040,Tanja Norvell,5,23.56,0.2,7.07,0,7,98.82,Home Office,Furniture,West
TN-21040,Tanja Norvell,6,1272.63,0.5,-814.48,0,7,98.82,Home Office,Furniture,West
TN-21040,Tanja Norvell,5,28.48,0.7,-20.89,0,7,98.82,Home Office,Office Supplies,West
TN-21040,Tanja Norvell,2,185.38,0.2,-34.76,0,7,98.82,Home Office,Office Supplies,West
TN-21040,Tanja Norvell,2,78.27,0.2,5.87,0,7,98.82,Home Office,Office Supplies,West
TN-21040,Tanja Norvell,1,286.4,0.2,25.06,0,7,98.82,Home Office,Technology,Central
TN-21040,Tanja Norvell,3,431.98,0.2,-75.6,0,7,98.82,Home Office,Technology,South
TN-21040,Tanja Norvell,7,21.21,0.0,4.45,0,7,98.82,Home Office,Technology,West
TN-21040,Tanja Norvell,5,104.75,0.0,22.0,0,7,98.82,Home Office,Technology,West
TP-21130,Theone Pippenger,1,35.21,0.2,2.64,0,9,65.53,Consumer,Office Supplies,West
TP-21130,Theone Pippenger,3,2.81,0.8,-4.49,0,9,65.53,Consumer,Office Supplies,Central
TP-21130,Theone Pippenger,2,11.63,0.2,1.02,0,9,65.53,Consumer,Office Supplies,East
TP-21130,Theone Pippenger,2,23.97,0.2,2.4,0,9,65.53,Consumer,Office Supplies,Central
TP-21130,Theone Pippenger,2,5.04,0.0,0.15,0,9,65.53,Consumer,Office Supplies,South
TP-21130,Theone Pippenger,5,249.95,0.0,107.48,0,9,65.53,Consumer,Technology,South
TP-21130,Theone Pippenger,2,699.98,0.0,195.99,0,9,65.53,Consumer,Technology,South
TP-21130,Theone Pippenger,9,584.82,0.0,70.18,0,9,65.53,Consumer,Office Supplies,South
TP-21130,Theone Pippenger,3,5.67,0.0,0.11,0,9,65.53,Consumer,Office Supplies,South
TP-21130,Theone Pippenger,5,8.8,0.0,2.55,0,9,65.53,Consumer,Office Supplies,Central
TP-21130,Theone Pippenger,1,142.8,0.0,29.99,0,9,65.53,Consumer,Technology,Central
TP-21130,Theone Pippenger,5,399.95,0.0,143.98,0,9,65.53,Consumer,Technology,Central
TP-21130,Theone Pippenger,5,199.95,0.0,63.98,0,9,65.53,Consumer,Technology,Central
TP-21130,Theone Pippenger,7,1586.69,0.0,412.54,0,9,65.53,Consumer,Furniture,Central
TP-21130,Theone Pippenger,1,84.99,0.0,30.6,0,9,65.53,Consumer,Technology,Central
TP-21130,Theone Pippenger,2,411.8,0.0,70.01,0,9,65.53,Consumer,Furniture,Central
TP-21415,Tom Prescott,3,322.59,0.0,64.52,0,5,73.22,Consumer,Furniture,East
TP-21415,Tom Prescott,9,13.14,0.8,-21.68,0,5,73.22,Consumer,Office Supplies,Central
TP-21415,Tom Prescott,4,10.02,0.8,-16.54,0,5,73.22,Consumer,Office Supplies,Central
TP-21415,Tom Prescott,2,156.37,0.32,-52.89,0,5,73.22,Consumer,Furniture,Central
TP-21415,Tom Prescott,4,252.78,0.8,-417.09,0,5,73.22,Consumer,Office Supplies,Central
TP-21415,Tom Prescott,2,127.98,0.2,16.0,0,5,73.22,Consumer,Technology,Central
TP-21415,Tom Prescott,2,3.98,0.6,-2.69,0,5,73.22,Consumer,Furniture,Central
TP-21415,Tom Prescott,2,12.99,0.8,-32.48,0,5,73.22,Consumer,Office Supplies,Central
TP-21415,Tom Prescott,9,4416.17,0.3,-630.88,0,5,73.22,Consumer,Furniture,East
TP-21415,Tom Prescott,2,12.96,0.0,6.35,0,5,73.22,Consumer,Office Supplies,West
TP-21565,Tracy Poddar,4,95.84,0.2,34.74,0,4,76.11,Corporate,Technology,Central
TP-21565,Tracy Poddar,5,38.08,0.6,-29.51,0,4,76.11,Corporate,Furniture,Central
TP-21565,Tracy Poddar,7,17.58,0.2,-4.18,0,4,76.11,Corporate,Office Supplies,West
TP-21565,Tracy Poddar,1,104.78,0.2,-14.41,0,4,76.11,Corporate,Furniture,West
TP-21565,Tracy Poddar,3,47.95,0.2,16.78,0,4,76.11,Corporate,Office Supplies,West
TP-21565,Tracy Poddar,3,650.35,0.2,-97.55,0,4,76.11,Corporate,Furniture,West
TP-21565,Tracy Poddar,8,629.18,0.2,228.08,0,4,76.11,Corporate,Office Supplies,West
TP-21565,Tracy Poddar,1,15.18,0.2,5.31,0,4,76.11,Corporate,Office Supplies,West
TP-21565,Tracy Poddar,7,169.06,0.2,-14.79,0,4,76.11,Corporate,Technology,West
TP-21565,Tracy Poddar,9,168.62,0.2,14.75,0,4,76.11,Corporate,Office Supplies,West
TR-21325,Toby Ritter,3,58.2,0.0,28.52,0,5,155.33,Consumer,Furniture,West
TR-21325,Toby Ritter,3,15.55,0.2,5.44,0,5,155.33,Consumer,Office Supplies,South
TR-21325,Toby Ritter,3,278.4,0.0,80.74,0,5,155.33,Consumer,Technology,Central
TR-21325,Toby Ritter,1,43.13,0.0,14.66,0,5,155.33,Consumer,Furniture,West
TR-21325,Toby Ritter,7,30.87,0.0,14.2,0,5,155.33,Consumer,Office Supplies,West
TR-21325,Toby Ritter,3,239.97,0.0,71.99,0,5,155.33,Consumer,Technology,East
TR-21325,Toby Ritter,2,9.82,0.0,4.81,0,5,155.33,Consumer,Office Supplies,East
TS-21085,Thais Sissman,1,2.03,0.7,-1.35,0,2,538.0,Consumer,Office Supplies,West
TS-21085,Thais Sissman,3,2.81,0.7,-1.97,0,2,538.0,Consumer,Office Supplies,South
TS-21160,Theresa Swint,3,2.5,0.7,-1.75,0,6,52.69,Corporate,Office Supplies,East
TS-21160,Theresa Swint,3,45.22,0.2,4.52,0,6,52.69,Corporate,Office Supplies,East
TS-21160,Theresa Swint,7,10.42,0.2,-2.21,0,6,52.69,Corporate,Office Supplies,East
TS-21160,Theresa Swint,3,7.87,0.2,1.28,0,6,52.69,Corporate,Office Supplies,East
TS-21160,Theresa Swint,3,118.78,0.4,-27.72,0,6,52.69,Corporate,Technology,East
TS-21160,Theresa Swint,1,1.45,0.2,0.24,0,6,52.69,Corporate,Office Supplies,East
TS-21160,Theresa Swint,5,55.47,0.7,-46.22,0,6,52.69,Corporate,Office Supplies,East
TS-21160,Theresa Swint,3,287.97,0.0,77.75,0,6,52.69,Corporate,Technology,South
TS-21160,Theresa Swint,6,595.38,0.0,297.69,0,6,52.69,Corporate,Furniture,South
TS-21160,Theresa Swint,2,12.96,0.0,6.22,0,6,52.69,Corporate,Office Supplies,South
TS-21160,Theresa Swint,3,25.35,0.0,7.6,0,6,52.69,Corporate,Office Supplies,West
TS-21160,Theresa Swint,3,35.28,0.0,12.0,0,6,52.69,Corporate,Furniture,West
TS-21160,Theresa Swint,3,422.06,0.3,-18.09,0,6,52.69,Corporate,Furniture,East
TS-21160,Theresa Swint,4,38.09,0.7,-27.93,0,6,52.69,Corporate,Office Supplies,East
TS-21160,Theresa Swint,6,254.35,0.2,-50.87,0,6,52.69,Corporate,Office Supplies,East
TS-21160,Theresa Swint,2,241.96,0.0,24.2,0,6,52.69,Corporate,Furniture,Central
TS-21160,Theresa Swint,3,8.52,0.0,4.17,0,6,52.69,Corporate,Office Supplies,Central
TS-21205,Thomas Seio,1,16.27,0.2,-3.86,0,7,65.67,Corporate,Office Supplies,South
TS-21205,Thomas Seio,7,18.06,0.0,4.7,0,7,65.67,Corporate,Office Supplies,West
TS-21205,Thomas Seio,3,79.14,0.0,36.4,0,7,65.67,Corporate,Office Supplies,West
TS-21205,Thomas Seio,2,37.4,0.0,14.21,0,7,65.67,Corporate,Furniture,West
TS-21205,Thomas Seio,3,87.54,0.0,37.64,0,7,65.67,Corporate,Furniture,East
TS-21205,Thomas Seio,2,99.98,0.0,8.0,0,7,65.67,Corporate,Technology,West
TS-21205,Thomas Seio,7,733.95,0.0,352.3,0,7,65.67,Corporate,Office Supplies,West
TS-21205,Thomas Seio,3,241.44,0.0,72.43,0,7,65.67,Corporate,Office Supplies,West
TS-21205,Thomas Seio,2,8.45,0.2,2.96,0,7,65.67,Corporate,Office Supplies,Central
TS-21205,Thomas Seio,2,20.39,0.8,-53.01,0,7,65.67,Corporate,Office Supplies,Central
TS-21205,Thomas Seio,2,1039.73,0.2,90.98,0,7,65.67,Corporate,Technology,West
TS-21205,Thomas Seio,2,45.96,0.0,13.79,0,7,65.67,Corporate,Office Supplies,West
TS-21205,Thomas Seio,3,239.98,0.2,27.0,0,7,65.67,Corporate,Technology,South
TS-21205,Thomas Seio,4,31.17,0.2,9.35,0,7,65.67,Corporate,Furniture,South
TS-21205,Thomas Seio,2,120.96,0.4,-28.22,0,7,65.67,Corporate,Furniture,South
TS-21205,Thomas Seio,8,2239.94,0.2,223.99,0,7,65.67,Corporate,Technology,South
TS-21205,Thomas Seio,8,76.61,0.2,6.7,0,7,65.67,Corporate,Office Supplies,South
TS-21205,Thomas Seio,1,142.78,0.2,17.85,0,7,65.67,Corporate,Office Supplies,South
TS-21205,Thomas Seio,5,91.36,0.2,29.69,0,7,65.67,Corporate,Office Supplies,South
TS-21340,Toby Swindell,10,32.34,0.7,-23.72,0,5,110.45,Consumer,Office Supplies,West
TS-21340,Toby Swindell,4,56.06,0.2,19.62,0,5,110.45,Consumer,Office Supplies,West
TS-21340,Toby Swindell,5,108.72,0.2,36.69,0,5,110.45,Consumer,Office Supplies,West
TS-21340,Toby Swindell,5,181.47,0.7,-320.6,0,5,110.45,Consumer,Furniture,West
TS-21340,Toby Swindell,2,8.61,0.2,3.01,0,5,110.45,Consumer,Office Supplies,West
TS-21340,Toby Swindell,2,1.11,0.8,-1.89,0,5,110.45,Consumer,Office Supplies,Central
TS-21340,Toby Swindell,2,3.17,0.2,0.99,0,5,110.45,Consumer,Office Supplies,West
TS-21340,Toby Swindell,3,19.44,0.0,9.33,0,5,110.45,Consumer,Office Supplies,West
TS-21340,Toby Swindell,7,454.86,0.0,54.58,0,5,110.45,Consumer,Office Supplies,West
TS-21340,Toby Swindell,8,91.39,0.2,29.7,0,5,110.45,Consumer,Office Supplies,West
TS-21340,Toby Swindell,2,14.56,0.0,6.26,0,5,110.45,Consumer,Furniture,East
TS-21340,Toby Swindell,1,3.05,0.2,1.03,0,5,110.45,Consumer,Office Supplies,East
TS-21370,Todd Sumrall,2,7.18,0.2,2.24,0,6,80.21,Corporate,Office Supplies,West
TS-21370,Todd Sumrall,2,6.28,0.0,0.06,0,6,80.21,Corporate,Office Supplies,West
TS-21370,Todd Sumrall,2,480.74,0.0,14.42,0,6,80.21,Corporate,Office Supplies,West
TS-21370,Todd Sumrall,6,617.0,0.15,-36.29,0,6,80.21,Corporate,Furniture,West
TS-21370,Todd Sumrall,5,141.4,0.0,38.18,0,6,80.21,Corporate,Office Supplies,West
TS-21370,Todd Sumrall,4,199.84,0.3,-37.11,0,6,80.21,Corporate,Furniture,East
TS-21370,Todd Sumrall,2,716.0,0.0,193.32,0,6,80.21,Corporate,Technology,East
TS-21370,Todd Sumrall,7,221.06,0.0,103.9,0,6,80.21,Corporate,Office Supplies,East
TS-21370,Todd Sumrall,5,2799.96,0.2,874.99,0,6,80.21,Corporate,Technology,Central
TS-21370,Todd Sumrall,7,209.98,0.7,-356.96,0,6,80.21,Corporate,Furniture,West
TS-21370,Todd Sumrall,4,87.8,0.0,43.9,0,6,80.21,Corporate,Technology,East
TS-21370,Todd Sumrall,2,221.38,0.1,2.46,0,6,80.21,Corporate,Furniture,East
TS-21370,Todd Sumrall,4,5199.96,0.0,1351.99,0,6,80.21,Corporate,Technology,East
TS-21370,Todd Sumrall,1,5.88,0.0,2.88,0,6,80.21,Corporate,Office Supplies,East
TS-21370,Todd Sumrall,6,977.29,0.1,173.74,0,6,80.21,Corporate,Furniture,East
TS-21430,Tom Stivers,8,1367.84,0.0,259.89,0,5,179.5,Corporate,Furniture,West
TS-21430,Tom Stivers,2,23.97,0.2,7.79,0,5,179.5,Corporate,Furniture,East
TS-21430,Tom Stivers,4,521.96,0.5,-250.54,0,5,179.5,Corporate,Furniture,East
TS-21430,Tom Stivers,2,8.26,0.0,3.8,0,5,179.5,Corporate,Office Supplies,West
TS-21430,Tom Stivers,4,30.36,0.0,13.05,0,5,179.5,Corporate,Furniture,Central
TS-21430,Tom Stivers,6,71.95,0.2,5.4,0,5,179.5,Corporate,Technology,West
TS-21430,Tom Stivers,5,29.8,0.2,9.31,0,5,179.5,Corporate,Office Supplies,West
TS-21505,Tony Sayre,7,43.51,0.2,3.81,0,6,84.23,Consumer,Office Supplies,South
TS-21505,Tony Sayre,3,662.88,0.2,74.57,0,6,84.23,Consumer,Furniture,South
TS-21505,Tony Sayre,5,25.92,0.2,9.07,0,6,84.23,Consumer,Office Supplies,South
TS-21505,Tony Sayre,1,286.26,0.2,17.89,0,6,84.23,Consumer,Office Supplies,East
TS-21505,Tony Sayre,2,24.22,0.2,-4.84,0,6,84.23,Consumer,Office Supplies,East
TS-21505,Tony Sayre,3,331.54,0.2,-82.88,0,6,84.23,Consumer,Office Supplies,East
TS-21505,Tony Sayre,1,102.3,0.0,26.6,0,6,84.23,Consumer,Furniture,East
TS-21505,Tony Sayre,7,10.08,0.2,3.53,0,6,84.23,Consumer,Office Supplies,West
TS-21505,Tony Sayre,3,101.34,0.0,8.11,0,6,84.23,Consumer,Technology,West
TS-21505,Tony Sayre,4,21.79,0.2,7.63,0,6,84.23,Consumer,Office Supplies,West
TS-21505,Tony Sayre,4,439.8,0.0,145.13,0,6,84.23,Consumer,Technology,West
TS-21505,Tony Sayre,5,13.36,0.2,4.01,0,6,84.23,Consumer,Furniture,West
TS-21505,Tony Sayre,2,78.26,0.2,-17.61,0,6,84.23,Consumer,Office Supplies,West
TS-21505,Tony Sayre,7,102.02,0.7,-183.63,0,6,84.23,Consumer,Furniture,West
TS-21610,Troy Staebel,6,853.09,0.4,-227.49,0,7,117.7,Consumer,Furniture,East
TS-21610,Troy Staebel,2,14.62,0.2,5.48,0,7,117.7,Consumer,Office Supplies,East
TS-21610,Troy Staebel,5,295.4,0.2,-62.77,0,7,117.7,Consumer,Office Supplies,East
TS-21610,Troy Staebel,3,8.86,0.6,-6.86,0,7,117.7,Consumer,Furniture,Central
TS-21610,Troy Staebel,7,1212.96,0.2,90.97,0,7,117.7,Consumer,Furniture,West
TS-21610,Troy Staebel,2,18.54,0.0,8.71,0,7,117.7,Consumer,Office Supplies,West
TS-21610,Troy Staebel,3,63.31,0.2,20.58,0,7,117.7,Consumer,Office Supplies,Central
TS-21610,Troy Staebel,4,96.78,0.8,-145.18,0,7,117.7,Consumer,Office Supplies,Central
TS-21610,Troy Staebel,3,10.48,0.6,-6.81,0,7,117.7,Consumer,Furniture,Central
TS-21610,Troy Staebel,2,2.39,0.7,-1.83,0,7,117.7,Consumer,Office Supplies,West
TS-21610,Troy Staebel,7,243.99,0.2,30.5,0,7,117.7,Consumer,Office Supplies,West
TS-21655,Trudy Schmidt,3,2.93,0.8,-4.99,0,5,63.08,Consumer,Office Supplies,Central
TS-21655,Trudy Schmidt,2,18.53,0.2,4.4,0,5,63.08,Consumer,Technology,Central
TS-21655,Trudy Schmidt,3,670.75,0.2,-125.77,0,5,63.08,Consumer,Office Supplies,Central
TS-21655,Trudy Schmidt,5,57.75,0.0,16.17,0,5,63.08,Consumer,Office Supplies,Central
TS-21655,Trudy Schmidt,5,272.4,0.0,76.27,0,5,63.08,Consumer,Office Supplies,Central
TS-21655,Trudy Schmidt,9,19.89,0.0,5.37,0,5,63.08,Consumer,Office Supplies,South
TS-21655,Trudy Schmidt,2,399.98,0.0,171.99,0,5,63.08,Consumer,Technology,South
TS-21655,Trudy Schmidt,5,343.85,0.0,137.54,0,5,63.08,Consumer,Furniture,South
TS-21655,Trudy Schmidt,3,106.32,0.0,49.97,0,5,63.08,Consumer,Office Supplies,South
TS-21655,Trudy Schmidt,2,31.74,0.2,3.97,0,5,63.08,Consumer,Office Supplies,Central
TS-21655,Trudy Schmidt,2,5.43,0.8,-13.58,0,5,63.08,Consumer,Office Supplies,Central
TS-21655,Trudy Schmidt,5,913.43,0.3,-169.64,0,5,63.08,Consumer,Furniture,Central
TS-21655,Trudy Schmidt,3,372.14,0.2,27.91,0,5,63.08,Consumer,Office Supplies,Central
TS-21655,Trudy Schmidt,3,152.94,0.0,41.29,0,5,63.08,Consumer,Office Supplies,West
TT-21070,Ted Trevino,3,149.23,0.2,3.73,0,7,99.31,Consumer,Furniture,East
TT-21070,Ted Trevino,4,15.94,0.2,5.78,0,7,99.31,Consumer,Office Supplies,East
TT-21070,Ted Trevino,9,45.0,0.0,21.6,0,7,99.31,Consumer,Office Supplies,South
TT-21070,Ted Trevino,3,209.97,0.0,90.29,0,7,99.31,Consumer,Technology,South
TT-21070,Ted Trevino,9,26.42,0.2,9.58,0,7,99.31,Consumer,Office Supplies,East
TT-21070,Ted Trevino,1,625.99,0.0,187.8,0,7,99.31,Consumer,Technology,East
TT-21070,Ted Trevino,6,23.9,0.2,7.77,0,7,99.31,Consumer,Office Supplies,East
TT-21070,Ted Trevino,1,5.98,0.0,2.69,0,7,99.31,Consumer,Office Supplies,West
TT-21070,Ted Trevino,6,2404.7,0.2,150.29,0,7,99.31,Consumer,Furniture,West
TT-21070,Ted Trevino,11,563.02,0.2,190.02,0,7,99.31,Consumer,Office Supplies,West
TT-21070,Ted Trevino,3,344.91,0.0,10.35,0,7,99.31,Consumer,Office Supplies,West
TT-21070,Ted Trevino,3,8.64,0.0,4.23,0,7,99.31,Consumer,Office Supplies,West
TT-21070,Ted Trevino,2,390.37,0.2,48.8,0,7,99.31,Consumer,Furniture,South
TT-21070,Ted Trevino,5,101.52,0.2,19.03,0,7,99.31,Consumer,Furniture,South
TT-21220,Thomas Thornton,3,9.84,0.0,2.85,0,8,72.21,Consumer,Office Supplies,East
TT-21220,Thomas Thornton,3,34.5,0.0,15.52,0,8,72.21,Consumer,Office Supplies,East
TT-21220,Thomas Thornton,9,42.05,0.2,5.26,0,8,72.21,Consumer,Office Supplies,Central
TT-21220,Thomas Thornton,2,25.49,0.2,4.46,0,8,72.21,Consumer,Technology,Central
TT-21220,Thomas Thornton,3,6.9,0.8,-12.08,0,8,72.21,Consumer,Office Supplies,Central
TT-21220,Thomas Thornton,6,9.65,0.8,-16.88,0,8,72.21,Consumer,Office Supplies,Central
TT-21220,Thomas Thornton,2,7.97,0.2,2.89,0,8,72.21,Consumer,Office Supplies,Central
TT-21220,Thomas Thornton,2,6.61,0.2,2.23,0,8,72.21,Consumer,Office Supplies,West
TT-21220,Thomas Thornton,2,7.28,0.2,2.73,0,8,72.21,Consumer,Office Supplies,West
TT-21220,Thomas Thornton,1,144.78,0.2,10.86,0,8,72.21,Consumer,Furniture,West
TT-21220,Thomas Thornton,3,182.91,0.0,53.04,0,8,72.21,Consumer,Office Supplies,South
TT-21220,Thomas Thornton,3,13.78,0.2,4.48,0,8,72.21,Consumer,Office Supplies,East
TT-21220,Thomas Thornton,4,192.8,0.0,55.91,0,8,72.21,Consumer,Office Supplies,West
TT-21220,Thomas Thornton,7,537.54,0.2,47.04,0,8,72.21,Consumer,Technology,Central
TT-21220,Thomas Thornton,5,204.95,0.0,100.43,0,8,72.21,Consumer,Office Supplies,West
TT-21265,Tim Taslimi,2,323.1,0.0,61.39,0,3,231.0,Corporate,Office Supplies,West
TT-21265,Tim Taslimi,3,61.44,0.0,16.59,0,3,231.0,Corporate,Office Supplies,East
TT-21265,Tim Taslimi,3,54.96,0.0,15.94,0,3,231.0,Corporate,Office Supplies,Central
TT-21460,Tonja Turnell,11,360.71,0.2,130.76,0,7,57.0,Home Office,Office Supplies,Central
TT-21460,Tonja Turnell,6,1718.4,0.2,150.36,0,7,57.0,Home Office,Technology,Central
TT-21460,Tonja Turnell,2,23.95,0.2,2.4,0,7,57.0,Home Office,Office Supplies,Central
TT-21460,Tonja Turnell,5,21.4,0.0,6.21,0,7,57.0,Home Office,Office Supplies,West
TT-21460,Tonja Turnell,5,103.5,0.6,-77.62,0,7,57.0,Home Office,Furniture,Central
TT-21460,Tonja Turnell,1,2.46,0.2,0.86,0,7,57.0,Home Office,Office Supplies,Central
TT-21460,Tonja Turnell,1,8.72,0.2,0.65,0,7,57.0,Home Office,Office Supplies,Central
TT-21460,Tonja Turnell,1,35.96,0.2,3.6,0,7,57.0,Home Office,Technology,South
TT-21460,Tonja Turnell,3,257.94,0.0,67.06,0,7,57.0,Home Office,Furniture,Central
TT-21460,Tonja Turnell,4,1879.96,0.0,545.19,0,7,57.0,Home Office,Technology,Central
TT-21460,Tonja Turnell,2,27.46,0.0,9.89,0,7,57.0,Home Office,Furniture,Central
TT-21460,Tonja Turnell,2,89.98,0.0,43.19,0,7,57.0,Home Office,Technology,Central
TT-21460,Tonja Turnell,3,828.6,0.0,240.29,0,7,57.0,Home Office,Furniture,Central
TT-21460,Tonja Turnell,2,5.76,0.0,1.67,0,7,57.0,Home Office,Office Supplies,West
TW-21025,Tamara Willingham,13,296.71,0.2,100.14,0,7,94.55,Home Office,Office Supplies,East
TW-21025,Tamara Willingham,4,67.96,0.0,12.23,0,7,94.55,Home Office,Furniture,South
TW-21025,Tamara Willingham,5,2003.92,0.2,125.24,0,7,94.55,Home Office,Furniture,West
TW-21025,Tamara Willingham,5,32.4,0.0,15.55,0,7,94.55,Home Office,Office Supplies,West
TW-21025,Tamara Willingham,9,1913.4,0.0,401.81,0,7,94.55,Home Office,Furniture,West
TW-21025,Tamara Willingham,3,146.73,0.0,2.93,0,7,94.55,Home Office,Office Supplies,West
TW-21025,Tamara Willingham,5,114.2,0.0,52.53,0,7,94.55,Home Office,Office Supplies,West
TW-21025,Tamara Willingham,5,157.92,0.2,17.77,0,7,94.55,Home Office,Office Supplies,West
TW-21025,Tamara Willingham,2,203.18,0.2,15.24,0,7,94.55,Home Office,Technology,West
TW-21025,Tamara Willingham,4,291.14,0.2,-25.47,0,7,94.55,Home Office,Furniture,West
TW-21025,Tamara Willingham,1,6.48,0.0,3.18,0,7,94.55,Home Office,Office Supplies,East
TW-21025,Tamara Willingham,1,44.78,0.2,16.23,0,7,94.55,Home Office,Office Supplies,West
TZ-21580,Tracy Zic,1,3.39,0.2,0.81,0,4,138.75,Consumer,Office Supplies,West
TZ-21580,Tracy Zic,2,559.98,0.2,56.0,0,4,138.75,Consumer,Technology,West
TZ-21580,Tracy Zic,5,603.92,0.2,75.49,0,4,138.75,Consumer,Furniture,West
TZ-21580,Tracy Zic,5,16.9,0.0,6.25,0,4,138.75,Consumer,Office Supplies,West
TZ-21580,Tracy Zic,6,25.08,0.0,9.03,0,4,138.75,Consumer,Furniture,West
TZ-21580,Tracy Zic,5,445.96,0.2,55.74,0,4,138.75,Consumer,Technology,West
TZ-21580,Tracy Zic,1,36.24,0.0,15.22,0,4,138.75,Consumer,Technology,West
TZ-21580,Tracy Zic,3,10.65,0.0,5.01,0,4,138.75,Consumer,Office Supplies,West
TZ-21580,Tracy Zic,2,5.16,0.0,1.34,0,4,138.75,Consumer,Office Supplies,West
VB-21745,Victoria Brennan,3,6.26,0.2,2.04,0,6,93.67,Corporate,Office Supplies,Central
VB-21745,Victoria Brennan,4,14.43,0.2,3.43,0,6,93.67,Corporate,Office Supplies,Central
VB-21745,Victoria Brennan,4,335.52,0.2,117.43,0,6,93.67,Corporate,Office Supplies,Central
VB-21745,Victoria Brennan,2,23.91,0.8,-40.65,0,6,93.67,Corporate,Office Supplies,Central
VB-21745,Victoria Brennan,2,27.06,0.2,2.37,0,6,93.67,Corporate,Office Supplies,Central
VB-21745,Victoria Brennan,5,756.8,0.0,75.68,0,6,93.67,Corporate,Furniture,East
VB-21745,Victoria Brennan,6,167.29,0.1,29.74,0,6,93.67,Corporate,Office Supplies,Central
VB-21745,Victoria Brennan,8,647.84,0.0,168.44,0,6,93.67,Corporate,Office Supplies,South
VB-21745,Victoria Brennan,2,20.7,0.0,9.94,0,6,93.67,Corporate,Office Supplies,South
VB-21745,Victoria Brennan,1,5.78,0.0,2.83,0,6,93.67,Corporate,Office Supplies,South
VD-21670,Valerie Dominguez,3,1089.75,0.0,305.13,0,6,44.2,Consumer,Office Supplies,West
VD-21670,Valerie Dominguez,8,447.84,0.0,219.44,0,6,44.2,Consumer,Office Supplies,West
VD-21670,Valerie Dominguez,5,16.4,0.0,4.26,0,6,44.2,Consumer,Office Supplies,West
VD-21670,Valerie Dominguez,5,399.96,0.2,35.0,0,6,44.2,Consumer,Technology,West
VD-21670,Valerie Dominguez,5,158.9,0.0,7.94,0,6,44.2,Consumer,Office Supplies,West
VD-21670,Valerie Dominguez,1,13.18,0.2,4.78,0,6,44.2,Consumer,Office Supplies,West
VD-21670,Valerie Dominguez,2,161.57,0.2,-28.27,0,6,44.2,Consumer,Furniture,South
VD-21670,Valerie Dominguez,8,389.7,0.2,43.84,0,6,44.2,Consumer,Furniture,South
VD-21670,Valerie Dominguez,3,971.88,0.2,109.34,0,6,44.2,Consumer,Technology,Central
VD-21670,Valerie Dominguez,4,13.52,0.0,6.22,0,6,44.2,Consumer,Office Supplies,East
VD-21670,Valerie Dominguez,5,259.7,0.0,106.48,0,6,44.2,Consumer,Furniture,East
VD-21670,Valerie Dominguez,1,42.95,0.0,1.29,0,6,44.2,Consumer,Technology,East
VD-21670,Valerie Dominguez,7,1399.93,0.0,601.97,0,6,44.2,Consumer,Technology,East
VD-21670,Valerie Dominguez,4,503.96,0.0,125.99,0,6,44.2,Consumer,Technology,East
VD-21670,Valerie Dominguez,4,387.14,0.2,24.2,0,6,44.2,Consumer,Office Supplies,South
VD-21670,Valerie Dominguez,6,185.88,0.0,50.19,0,6,44.2,Consumer,Office Supplies,South
VF-21715,Vicky Freymann,6,634.12,0.3,-172.12,0,5,138.7,Home Office,Furniture,Central
VF-21715,Vicky Freymann,3,17.47,0.2,5.68,0,5,138.7,Home Office,Office Supplies,Central
VF-21715,Vicky Freymann,1,6.48,0.0,3.18,0,5,138.7,Home Office,Office Supplies,West
VF-21715,Vicky Freymann,4,15.52,0.0,4.5,0,5,138.7,Home Office,Office Supplies,West
VF-21715,Vicky Freymann,3,9.84,0.0,2.85,0,5,138.7,Home Office,Office Supplies,West
VF-21715,Vicky Freymann,1,2.78,0.0,0.72,0,5,138.7,Home Office,Office Supplies,West
VF-21715,Vicky Freymann,3,15.84,0.0,4.91,0,5,138.7,Home Office,Furniture,West
VF-21715,Vicky Freymann,3,86.38,0.2,30.23,0,5,138.7,Home Office,Office Supplies,West
VF-21715,Vicky Freymann,3,18.24,0.0,6.2,0,5,138.7,Home Office,Office Supplies,West
VF-21715,Vicky Freymann,4,13.12,0.0,4.33,0,5,138.7,Home Office,Office Supplies,West
VF-21715,Vicky Freymann,4,28.16,0.0,13.24,0,5,138.7,Home Office,Office Supplies,Central
VG-21790,Vivek Gonzalez,4,155.46,0.2,-7.77,0,6,155.14,Consumer,Furniture,South
VG-21790,Vivek Gonzalez,4,151.72,0.0,27.31,0,6,155.14,Consumer,Furniture,West
VG-21790,Vivek Gonzalez,4,211.17,0.2,18.48,0,6,155.14,Consumer,Technology,West
VG-21790,Vivek Gonzalez,3,8.34,0.0,2.17,0,6,155.14,Consumer,Office Supplies,West
VG-21790,Vivek Gonzalez,1,8.57,0.0,2.23,0,6,155.14,Consumer,Office Supplies,West
VG-21790,Vivek Gonzalez,8,119.62,0.2,40.37,0,6,155.14,Consumer,Office Supplies,West
VG-21790,Vivek Gonzalez,6,75.18,0.0,35.33,0,6,155.14,Consumer,Office Supplies,West
VG-21790,Vivek Gonzalez,2,115.96,0.0,25.51,0,6,155.14,Consumer,Furniture,West
VG-21805,Vivek Grady,3,331.54,0.2,-82.88,0,5,181.8,Corporate,Office Supplies,Central
VG-21805,Vivek Grady,1,22.48,0.0,10.34,0,5,181.8,Corporate,Office Supplies,Central
VG-21805,Vivek Grady,4,10.96,0.0,2.96,0,5,181.8,Corporate,Office Supplies,South
VG-21805,Vivek Grady,3,5.47,0.2,1.64,0,5,181.8,Corporate,Office Supplies,East
VG-21805,Vivek Grady,2,47.98,0.2,13.2,0,5,181.8,Corporate,Technology,East
VG-21805,Vivek Grady,3,8.94,0.0,2.41,0,5,181.8,Corporate,Office Supplies,East
VM-21685,Valerie Mitchum,9,58.32,0.0,27.99,0,7,119.0,Home Office,Office Supplies,South
VM-21685,Valerie Mitchum,3,200.97,0.0,50.24,0,7,119.0,Home Office,Technology,South
VM-21685,Valerie Mitchum,2,35.36,0.2,-3.09,0,7,119.0,Home Office,Technology,East
VM-21685,Valerie Mitchum,2,3.17,0.2,-0.71,0,7,119.0,Home Office,Office Supplies,East
VM-21685,Valerie Mitchum,5,1294.75,0.0,336.64,0,7,119.0,Home Office,Technology,East
VM-21685,Valerie Mitchum,2,33.02,0.2,11.56,0,7,119.0,Home Office,Office Supplies,West
VM-21685,Valerie Mitchum,4,67.14,0.2,23.5,0,7,119.0,Home Office,Office Supplies,West
VM-21685,Valerie Mitchum,1,6.48,0.0,3.11,0,7,119.0,Home Office,Office Supplies,West
VM-21685,Valerie Mitchum,1,46.51,0.0,1.86,0,7,119.0,Home Office,Office Supplies,West
VM-21685,Valerie Mitchum,3,659.98,0.2,49.5,0,7,119.0,Home Office,Technology,West
VM-21685,Valerie Mitchum,2,2.91,0.2,0.91,0,7,119.0,Home Office,Office Supplies,Central
VM-21685,Valerie Mitchum,3,46.26,0.0,12.03,0,7,119.0,Home Office,Office Supplies,East
VM-21835,Vivian Mathis,2,16.28,0.0,6.51,0,5,180.29,Consumer,Office Supplies,Central
VM-21835,Vivian Mathis,2,129.98,0.0,62.39,0,5,180.29,Consumer,Technology,East
VM-21835,Vivian Mathis,2,32.54,0.0,15.94,0,5,180.29,Consumer,Office Supplies,East
VM-21835,Vivian Mathis,6,120.0,0.0,46.8,0,5,180.29,Consumer,Technology,West
VM-21835,Vivian Mathis,1,8.67,0.0,2.34,0,5,180.29,Consumer,Office Supplies,West
VM-21835,Vivian Mathis,4,39.94,0.7,-26.62,0,5,180.29,Consumer,Office Supplies,South
VM-21835,Vivian Mathis,2,18.46,0.2,2.31,0,5,180.29,Consumer,Technology,South
VM-21835,Vivian Mathis,6,14.82,0.0,6.97,0,5,180.29,Consumer,Office Supplies,East
VP-21730,Victor Preis,5,19.0,0.0,8.93,0,3,219.75,Home Office,Office Supplies,Central
VP-21730,Victor Preis,3,75.79,0.2,25.58,0,3,219.75,Home Office,Office Supplies,West
VP-21730,Victor Preis,4,83.56,0.0,1.67,0,3,219.75,Home Office,Office Supplies,East
VP-21730,Victor Preis,3,546.06,0.0,163.82,0,3,219.75,Home Office,Technology,East
VP-21730,Victor Preis,3,269.49,0.0,5.39,0,3,219.75,Home Office,Office Supplies,East
VP-21760,Victoria Pisteka,6,41.88,0.0,12.15,0,7,87.38,Corporate,Furniture,West
VP-21760,Victoria Pisteka,8,58.48,0.0,27.49,0,7,87.38,Corporate,Office Supplies,West
VP-21760,Victoria Pisteka,2,386.34,0.0,54.09,0,7,87.38,Corporate,Office Supplies,Central
VP-21760,Victoria Pisteka,2,10.69,0.2,3.74,0,7,87.38,Corporate,Office Supplies,Central
VP-21760,Victoria Pisteka,3,237.1,0.2,20.75,0,7,87.38,Corporate,Office Supplies,Central
VP-21760,Victoria Pisteka,4,41.57,0.2,-4.16,0,7,87.38,Corporate,Furniture,East
VP-21760,Victoria Pisteka,3,317.06,0.3,-86.06,0,7,87.38,Corporate,Furniture,East
VP-21760,Victoria Pisteka,5,8.04,0.2,2.91,0,7,87.38,Corporate,Office Supplies,East
VP-21760,Victoria Pisteka,13,166.92,0.7,-116.84,0,7,87.38,Corporate,Office Supplies,East
VP-21760,Victoria Pisteka,3,20.97,0.0,9.02,0,7,87.38,Corporate,Technology,East
VP-21760,Victoria Pisteka,4,139.96,0.0,9.8,0,7,87.38,Corporate,Technology,East
VP-21760,Victoria Pisteka,3,37.74,0.0,12.83,0,7,87.38,Corporate,Furniture,East
VP-21760,Victoria Pisteka,2,18.53,0.2,4.4,0,7,87.38,Corporate,Technology,South
VP-21760,Victoria Pisteka,7,1875.26,0.4,-968.88,0,7,87.38,Corporate,Furniture,South
VS-21820,Vivek Sundaresam,3,76.73,0.6,-53.71,0,4,176.0,Consumer,Furniture,Central
VS-21820,Vivek Sundaresam,7,10.43,0.8,-18.25,0,4,176.0,Consumer,Office Supplies,Central
VS-21820,Vivek Sundaresam,7,602.65,0.3,-163.58,0,4,176.0,Consumer,Furniture,Central
VS-21820,Vivek Sundaresam,6,7.66,0.8,-13.02,0,4,176.0,Consumer,Office Supplies,Central
VS-21820,Vivek Sundaresam,7,30.83,0.7,-24.66,0,4,176.0,Consumer,Office Supplies,South
VS-21820,Vivek Sundaresam,3,47.62,0.2,5.95,0,4,176.0,Consumer,Office Supplies,South
VS-21820,Vivek Sundaresam,2,108.78,0.2,10.88,0,4,176.0,Consumer,Technology,South
VS-21820,Vivek Sundaresam,3,171.29,0.2,-6.42,0,4,176.0,Consumer,Furniture,West
VT-21700,Valerie Takahito,10,100.24,0.2,33.83,0,2,37.88,Home Office,Office Supplies,Central
VT-21700,Valerie Takahito,7,98.11,0.2,18.4,0,2,37.88,Home Office,Office Supplies,East
VT-21700,Valerie Takahito,4,563.81,0.2,21.14,0,2,37.88,Home Office,Office Supplies,East
VT-21700,Valerie Takahito,4,10.43,0.7,-6.95,0,2,37.88,Home Office,Office Supplies,East
VT-21700,Valerie Takahito,4,547.14,0.2,-68.39,0,2,37.88,Home Office,Furniture,East
VT-21700,Valerie Takahito,5,14.85,0.4,-3.22,0,2,37.88,Home Office,Technology,East
VT-21700,Valerie Takahito,2,41.99,0.4,-9.8,0,2,37.88,Home Office,Technology,East
VT-21700,Valerie Takahito,1,7.58,0.2,2.37,0,2,37.88,Home Office,Furniture,East
VT-21700,Valerie Takahito,5,352.45,0.5,-211.47,0,2,37.88,Home Office,Furniture,East
VW-21775,Victoria Wilson,8,1212.96,0.3,-69.31,0,10,76.53,Corporate,Furniture,Central
VW-21775,Victoria Wilson,3,2.97,0.0,1.31,0,10,76.53,Corporate,Technology,Central
VW-21775,Victoria Wilson,3,6.54,0.0,2.68,0,10,76.53,Corporate,Office Supplies,Central
VW-21775,Victoria Wilson,2,23.68,0.2,8.88,0,10,76.53,Corporate,Office Supplies,East
VW-21775,Victoria Wilson,5,452.45,0.5,-244.32,0,10,76.53,Corporate,Furniture,East
VW-21775,Victoria Wilson,3,62.98,0.4,-14.7,0,10,76.53,Corporate,Technology,East
VW-21775,Victoria Wilson,9,1188.0,0.7,-950.4,0,10,76.53,Corporate,Technology,East
VW-21775,Victoria Wilson,2,89.58,0.2,4.48,0,10,76.53,Corporate,Technology,East
VW-21775,Victoria Wilson,3,5.28,0.0,1.53,0,10,76.53,Corporate,Office Supplies,West
VW-21775,Victoria Wilson,8,21.36,0.0,8.12,0,10,76.53,Corporate,Furniture,South
VW-21775,Victoria Wilson,2,661.18,0.4,-231.41,0,10,76.53,Corporate,Furniture,East
VW-21775,Victoria Wilson,4,100.0,0.0,21.0,0,10,76.53,Corporate,Technology,West
VW-21775,Victoria Wilson,2,359.98,0.0,21.6,0,10,76.53,Corporate,Technology,West
VW-21775,Victoria Wilson,7,21.34,0.2,7.73,0,10,76.53,Corporate,Office Supplies,West
VW-21775,Victoria Wilson,3,1247.64,0.0,349.34,0,10,76.53,Corporate,Office Supplies,East
VW-21775,Victoria Wilson,9,559.62,0.0,151.1,0,10,76.53,Corporate,Office Supplies,West
VW-21775,Victoria Wilson,2,109.92,0.0,53.86,0,10,76.53,Corporate,Office Supplies,West
VW-21775,Victoria Wilson,2,8.56,0.0,3.85,0,10,76.53,Corporate,Office Supplies,West
WB-21850,William Brown,7,666.34,0.2,66.63,0,11,31.44,Consumer,Technology,West
WB-21850,William Brown,4,573.73,0.2,-64.54,0,11,31.44,Consumer,Furniture,West
WB-21850,William Brown,3,21.94,0.2,8.23,0,11,31.44,Consumer,Office Supplies,West
WB-21850,William Brown,3,19.44,0.0,9.33,0,11,31.44,Consumer,Office Supplies,West
WB-21850,William Brown,4,447.97,0.2,139.99,0,11,31.44,Consumer,Technology,West
WB-21850,William Brown,1,43.31,0.0,4.33,0,11,31.44,Consumer,Furniture,West
WB-21850,William Brown,2,19.43,0.8,-49.55,0,11,31.44,Consumer,Office Supplies,Central
WB-21850,William Brown,5,65.44,0.2,-8.18,0,11,31.44,Consumer,Technology,Central
WB-21850,William Brown,4,438.37,0.2,38.36,0,11,31.44,Consumer,Technology,West
WB-21850,William Brown,7,139.94,0.2,-31.49,0,11,31.44,Consumer,Technology,West
WB-21850,William Brown,4,133.47,0.2,15.02,0,11,31.44,Consumer,Office Supplies,West
WB-21850,William Brown,3,152.99,0.7,-122.39,0,11,31.44,Consumer,Office Supplies,East
WB-21850,William Brown,7,10.58,0.2,-2.38,0,11,31.44,Consumer,Office Supplies,East
WB-21850,William Brown,4,94.92,0.4,15.82,0,11,31.44,Consumer,Technology,East
WB-21850,William Brown,4,16.52,0.0,7.6,0,11,31.44,Consumer,Office Supplies,East
WB-21850,William Brown,9,60.12,0.0,28.86,0,11,31.44,Consumer,Office Supplies,East
WB-21850,William Brown,3,49.54,0.2,17.34,0,11,31.44,Consumer,Office Supplies,East
WB-21850,William Brown,4,14.0,0.6,-6.3,0,11,31.44,Consumer,Furniture,Central
WB-21850,William Brown,2,16.39,0.8,-26.23,0,11,31.44,Consumer,Office Supplies,Central
WB-21850,William Brown,5,209.6,0.2,68.12,0,11,31.44,Consumer,Office Supplies,West
WB-21850,William Brown,2,23.32,0.0,6.06,0,11,31.44,Consumer,Office Supplies,West
WB-21850,William Brown,1,30.98,0.0,13.94,0,11,31.44,Consumer,Office Supplies,West
WB-21850,William Brown,4,119.96,0.0,25.19,0,11,31.44,Consumer,Technology,West
WB-21850,William Brown,5,363.92,0.2,-31.84,0,11,31.44,Consumer,Furniture,West
WB-21850,William Brown,3,35.81,0.2,11.19,0,11,31.44,Consumer,Office Supplies,West
WB-21850,William Brown,9,122.69,0.2,39.87,0,11,31.44,Consumer,Office Supplies,West
WB-21850,William Brown,7,892.14,0.2,111.52,0,11,31.44,Consumer,Furniture,West
WB-21850,William Brown,3,50.22,0.0,2.01,0,11,31.44,Consumer,Office Supplies,West
WB-21850,William Brown,2,83.42,0.0,24.19,0,11,31.44,Consumer,Office Supplies,West
WB-21850,William Brown,2,5.87,0.2,2.13,0,11,31.44,Consumer,Office Supplies,West
WB-21850,William Brown,5,895.92,0.2,302.37,0,11,31.44,Consumer,Office Supplies,West
WB-21850,William Brown,3,130.71,0.0,39.21,0,11,31.44,Consumer,Office Supplies,West
WB-21850,William Brown,2,11.68,0.0,3.04,0,11,31.44,Consumer,Office Supplies,West
WB-21850,William Brown,3,62.31,0.0,22.43,0,11,31.44,Consumer,Technology,West
WB-21850,William Brown,4,45.92,0.0,21.58,0,11,31.44,Consumer,Office Supplies,Central
WB-21850,William Brown,1,3.27,0.7,-2.51,0,11,31.44,Consumer,Office Supplies,East
WB-21850,William Brown,5,87.92,0.2,15.39,0,11,31.44,Consumer,Furniture,East
XP-21865,Xylona Preis,1,13.98,0.0,4.05,0,11,51.74,Consumer,Office Supplies,Central
XP-21865,Xylona Preis,3,272.94,0.0,30.02,0,11,51.74,Consumer,Furniture,Central
XP-21865,Xylona Preis,5,19.05,0.0,8.95,0,11,51.74,Consumer,Office Supplies,Central
XP-21865,Xylona Preis,4,247.72,0.1,93.58,0,11,51.74,Consumer,Office Supplies,Central
XP-21865,Xylona Preis,2,66.58,0.0,15.98,0,11,51.74,Consumer,Office Supplies,Central
XP-21865,Xylona Preis,3,43.92,0.0,12.74,0,11,51.74,Consumer,Office Supplies,Central
XP-21865,Xylona Preis,3,14.73,0.0,4.86,0,11,51.74,Consumer,Furniture,Central
XP-21865,Xylona Preis,5,29.7,0.0,13.36,0,11,51.74,Consumer,Office Supplies,Central
XP-21865,Xylona Preis,4,337.09,0.2,16.85,0,11,51.74,Consumer,Furniture,South
XP-21865,Xylona Preis,3,9.09,0.0,1.91,0,11,51.74,Consumer,Technology,West
XP-21865,Xylona Preis,1,2.21,0.0,0.6,0,11,51.74,Consumer,Office Supplies,West
XP-21865,Xylona Preis,4,15.52,0.0,7.45,0,11,51.74,Consumer,Office Supplies,West
XP-21865,Xylona Preis,4,36.44,0.0,16.4,0,11,51.74,Consumer,Office Supplies,West
XP-21865,Xylona Preis,3,186.54,0.0,41.04,0,11,51.74,Consumer,Furniture,South
XP-21865,Xylona Preis,3,68.11,0.2,17.88,0,11,51.74,Consumer,Technology,Central
XP-21865,Xylona Preis,7,15.26,0.0,5.04,0,11,51.74,Consumer,Office Supplies,West
XP-21865,Xylona Preis,2,43.32,0.0,14.3,0,11,51.74,Consumer,Office Supplies,West
XP-21865,Xylona Preis,12,43.58,0.2,15.8,0,11,51.74,Consumer,Office Supplies,West
XP-21865,Xylona Preis,3,116.28,0.0,56.98,0,11,51.74,Consumer,Office Supplies,West
XP-21865,Xylona Preis,2,9.3,0.2,3.02,0,11,51.74,Consumer,Office Supplies,West
XP-21865,Xylona Preis,3,19.44,0.0,9.33,0,11,51.74,Consumer,Office Supplies,West
XP-21865,Xylona Preis,3,314.55,0.0,150.98,0,11,51.74,Consumer,Office Supplies,West
XP-21865,Xylona Preis,3,143.7,0.0,68.98,0,11,51.74,Consumer,Office Supplies,East
XP-21865,Xylona Preis,1,6.48,0.0,3.11,0,11,51.74,Consumer,Office Supplies,East
XP-21865,Xylona Preis,5,35.2,0.0,16.54,0,11,51.74,Consumer,Office Supplies,West
XP-21865,Xylona Preis,6,167.95,0.2,-27.29,0,11,51.74,Consumer,Technology,Central
XP-21865,Xylona Preis,2,45.04,0.2,4.5,0,11,51.74,Consumer,Office Supplies,Central
XP-21865,Xylona Preis,3,50.94,0.0,14.26,0,11,51.74,Consumer,Office Supplies,East
YC-21895,Yoseph Carroll,7,2934.33,0.0,792.27,0,5,162.14,Corporate,Office Supplies,East
YC-21895,Yoseph Carroll,3,124.41,0.0,14.93,0,5,162.14,Corporate,Furniture,East
YC-21895,Yoseph Carroll,5,57.75,0.0,26.56,0,5,162.14,Corporate,Office Supplies,East
YC-21895,Yoseph Carroll,5,15.7,0.0,7.06,0,5,162.14,Corporate,Office Supplies,West
YC-21895,Yoseph Carroll,3,1199.98,0.2,374.99,0,5,162.14,Corporate,Technology,West
YC-21895,Yoseph Carroll,4,41.92,0.2,15.2,0,5,162.14,Corporate,Office Supplies,Central
YC-21895,Yoseph Carroll,2,329.58,0.2,37.08,0,5,162.14,Corporate,Technology,Central
YC-21895,Yoseph Carroll,2,750.68,0.0,37.53,0,5,162.14,Corporate,Office Supplies,Central
YS-21880,Yana Sorensen,3,465.18,0.0,120.95,0,8,97.64,Corporate,Office Supplies,East
YS-21880,Yana Sorensen,9,98.46,0.0,49.23,0,8,97.64,Corporate,Office Supplies,South
YS-21880,Yana Sorensen,2,358.58,0.0,39.44,0,8,97.64,Corporate,Furniture,South
YS-21880,Yana Sorensen,2,221.96,0.0,4.44,0,8,97.64,Corporate,Office Supplies,West
YS-21880,Yana Sorensen,4,236.0,0.0,40.12,0,8,97.64,Corporate,Technology,West
YS-21880,Yana Sorensen,6,436.7,0.2,-38.21,0,8,97.64,Corporate,Furniture,West
YS-21880,Yana Sorensen,3,34.5,0.0,15.52,0,8,97.64,Corporate,Office Supplies,South
YS-21880,Yana Sorensen,3,9.55,0.2,1.55,0,8,97.64,Corporate,Office Supplies,South
YS-21880,Yana Sorensen,9,2793.53,0.2,942.82,0,8,97.64,Corporate,Office Supplies,West
YS-21880,Yana Sorensen,7,1000.02,0.0,290.01,0,8,97.64,Corporate,Office Supplies,West
YS-21880,Yana Sorensen,3,65.94,0.0,22.42,0,8,97.64,Corporate,Furniture,West
YS-21880,Yana Sorensen,7,1000.02,0.0,290.01,0,8,97.64,Corporate,Office Supplies,West
ZC-21910,Zuschuss Carroll,4,11.52,0.0,3.23,0,13,37.33,Consumer,Office Supplies,West
ZC-21910,Zuschuss Carroll,5,1298.55,0.0,311.65,0,13,37.33,Consumer,Furniture,West
ZC-21910,Zuschuss Carroll,4,213.92,0.0,62.04,0,13,37.33,Consumer,Office Supplies,West
ZC-21910,Zuschuss Carroll,2,25.78,0.0,2.58,0,13,37.33,Consumer,Technology,West
ZC-21910,Zuschuss Carroll,3,38.98,0.6,-50.67,0,13,37.33,Consumer,Furniture,Central
ZC-21910,Zuschuss Carroll,4,199.96,0.0,69.99,0,13,37.33,Consumer,Technology,West
ZC-21910,Zuschuss Carroll,3,710.83,0.2,-97.74,0,13,37.33,Consumer,Furniture,West
ZC-21910,Zuschuss Carroll,2,221.02,0.2,-55.26,0,13,37.33,Consumer,Office Supplies,Central
ZC-21910,Zuschuss Carroll,3,128.06,0.3,-23.78,0,13,37.33,Consumer,Furniture,Central
ZC-21910,Zuschuss Carroll,4,199.96,0.0,16.0,0,13,37.33,Consumer,Technology,Central
ZC-21910,Zuschuss Carroll,7,1516.2,0.0,394.21,0,13,37.33,Consumer,Furniture,Central
ZC-21910,Zuschuss Carroll,1,12.54,0.2,4.23,0,13,37.33,Consumer,Office Supplies,West
ZC-21910,Zuschuss Carroll,2,1.08,0.7,-0.79,0,13,37.33,Consumer,Office Supplies,West
ZC-21910,Zuschuss Carroll,3,4.51,0.2,0.85,0,13,37.33,Consumer,Office Supplies,West
ZC-21910,Zuschuss Carroll,5,1363.96,0.2,85.25,0,13,37.33,Consumer,Technology,South
ZC-21910,Zuschuss Carroll,3,102.36,0.2,-3.84,0,13,37.33,Consumer,Furniture,South
ZC-21910,Zuschuss Carroll,2,84.78,0.2,-20.14,0,13,37.33,Consumer,Technology,West
ZC-21910,Zuschuss Carroll,4,20.74,0.2,7.26,0,13,37.33,Consumer,Office Supplies,West
ZC-21910,Zuschuss Carroll,3,16.82,0.7,-12.9,0,13,37.33,Consumer,Office Supplies,West
ZC-21910,Zuschuss Carroll,2,10.37,0.2,3.63,0,13,37.33,Consumer,Office Supplies,West
ZC-21910,Zuschuss Carroll,9,431.93,0.2,64.79,0,13,37.33,Consumer,Technology,Central
ZC-21910,Zuschuss Carroll,4,95.98,0.3,-4.11,0,13,37.33,Consumer,Furniture,Central
ZC-21910,Zuschuss Carroll,4,1088.79,0.8,-1850.95,0,13,37.33,Consumer,Office Supplies,Central
ZC-21910,Zuschuss Carroll,3,43.92,0.0,12.74,0,13,37.33,Consumer,Office Supplies,East
ZC-21910,Zuschuss Carroll,4,4.57,0.7,-3.81,0,13,37.33,Consumer,Office Supplies,South
ZC-21910,Zuschuss Carroll,1,2.26,0.8,-5.21,0,13,37.33,Consumer,Office Supplies,Central
ZC-21910,Zuschuss Carroll,1,0.44,0.8,-1.11,0,13,37.33,Consumer,Office Supplies,Central
ZC-21910,Zuschuss Carroll,8,146.18,0.2,47.51,0,13,37.33,Consumer,Office Supplies,Central
ZC-21910,Zuschuss Carroll,2,15.28,0.0,7.49,0,13,37.33,Consumer,Office Supplies,West
ZC-21910,Zuschuss Carroll,1,8.73,0.0,2.97,0,13,37.33,Consumer,Furniture,West
ZC-21910,Zuschuss Carroll,2,5.68,0.0,1.76,0,13,37.33,Consumer,Office Supplies,West
ZD-21925,Zuschuss Donatelli,2,8.56,0.0,2.48,0,5,127.38,Consumer,Office Supplies,West
ZD-21925,Zuschuss Donatelli,3,213.48,0.2,16.01,0,5,127.38,Consumer,Technology,West
ZD-21925,Zuschuss Donatelli,4,22.72,0.2,7.38,0,5,127.38,Consumer,Office Supplies,West
ZD-21925,Zuschuss Donatelli,4,71.12,0.0,22.05,0,5,127.38,Consumer,Furniture,Central
ZD-21925,Zuschuss Donatelli,4,259.96,0.0,124.78,0,5,127.38,Consumer,Technology,Central
ZD-21925,Zuschuss Donatelli,5,16.72,0.2,3.34,0,5,127.38,Consumer,Furniture,South
ZD-21925,Zuschuss Donatelli,5,823.96,0.2,51.5,0,5,127.38,Consumer,Technology,South
ZD-21925,Zuschuss Donatelli,2,15.98,0.2,4.99,0,5,127.38,Consumer,Office Supplies,South
ZD-21925,Zuschuss Donatelli,3,61.44,0.0,16.59,0,5,127.38,Consumer,Office Supplies,West
